2026-05-25 23:07:09.847 +03:00 [INF] Executed DbCommand (21ms) [Parameters=[], CommandType='"Text"', CommandTimeout='30']
SELECT 1
2026-05-25 23:07:09.893 +03:00 [INF] Acquiring an exclusive lock for migration application. See https://aka.ms/efcore-docs-migrations-lock for more information if this takes too long.
2026-05-25 23:07:09.918 +03:00 [INF] Executed DbCommand (23ms) [Parameters=[], CommandType='"Text"', CommandTimeout='30']
DECLARE @result int;
EXEC @result = sp_getapplock @Resource = '__EFMigrationsLock', @LockOwner = 'Session', @LockMode = 'Exclusive';
SELECT @result
2026-05-25 23:07:09.994 +03:00 [INF] Executed DbCommand (2ms) [Parameters=[], CommandType='"Text"', CommandTimeout='30']
IF OBJECT_ID(N'[__EFMigrationsHistory]') IS NULL
BEGIN
    CREATE TABLE [__EFMigrationsHistory] (
        [MigrationId] nvarchar(150) NOT NULL,
        [ProductVersion] nvarchar(32) NOT NULL,
        CONSTRAINT [PK___EFMigrationsHistory] PRIMARY KEY ([MigrationId])
    );
END;
2026-05-25 23:07:10.005 +03:00 [INF] Executed DbCommand (1ms) [Parameters=[], CommandType='"Text"', CommandTimeout='30']
SELECT 1
2026-05-25 23:07:10.006 +03:00 [INF] Executed DbCommand (1ms) [Parameters=[], CommandType='"Text"', CommandTimeout='30']
SELECT OBJECT_ID(N'[__EFMigrationsHistory]');
2026-05-25 23:07:10.020 +03:00 [INF] Executed DbCommand (12ms) [Parameters=[], CommandType='"Text"', CommandTimeout='30']
SELECT [MigrationId], [ProductVersion]
FROM [__EFMigrationsHistory]
ORDER BY [MigrationId];
2026-05-25 23:07:10.033 +03:00 [INF] Applying migration '20260525200637_UpdateUserAuthSystem'.
2026-05-25 23:07:10.145 +03:00 [INF] Executed DbCommand (82ms) [Parameters=[], CommandType='"Text"', CommandTimeout='30']
DECLARE @var nvarchar(max);
SELECT @var = QUOTENAME([d].[name])
FROM [sys].[default_constraints] [d]
INNER JOIN [sys].[columns] [c] ON [d].[parent_column_id] = [c].[column_id] AND [d].[parent_object_id] = [c].[object_id]
WHERE ([d].[parent_object_id] = OBJECT_ID(N'[Users]') AND [c].[name] = N'CardExpiryMonth');
IF @var IS NOT NULL EXEC(N'ALTER TABLE [Users] DROP CONSTRAINT ' + @var + ';');
ALTER TABLE [Users] DROP COLUMN [CardExpiryMonth];
2026-05-25 23:07:10.182 +03:00 [INF] Executed DbCommand (36ms) [Parameters=[], CommandType='"Text"', CommandTimeout='30']
DECLARE @var1 nvarchar(max);
SELECT @var1 = QUOTENAME([d].[name])
FROM [sys].[default_constraints] [d]
INNER JOIN [sys].[columns] [c] ON [d].[parent_column_id] = [c].[column_id] AND [d].[parent_object_id] = [c].[object_id]
WHERE ([d].[parent_object_id] = OBJECT_ID(N'[Users]') AND [c].[name] = N'CardExpiryYear');
IF @var1 IS NOT NULL EXEC(N'ALTER TABLE [Users] DROP CONSTRAINT ' + @var1 + ';');
ALTER TABLE [Users] DROP COLUMN [CardExpiryYear];
2026-05-25 23:07:10.914 +03:00 [INF] Executed DbCommand (732ms) [Parameters=[], CommandType='"Text"', CommandTimeout='30']
EXEC sp_rename N'[Users].[Password]', N'PasswordHash', 'COLUMN';
2026-05-25 23:07:10.917 +03:00 [INF] Executed DbCommand (3ms) [Parameters=[], CommandType='"Text"', CommandTimeout='30']
EXEC sp_rename N'[Users].[CardNumber]', N'RefreshToken', 'COLUMN';
2026-05-25 23:07:10.920 +03:00 [INF] Executed DbCommand (3ms) [Parameters=[], CommandType='"Text"', CommandTimeout='30']
EXEC sp_rename N'[Users].[CardHolderName]', N'CardLastFourDigits', 'COLUMN';
2026-05-25 23:07:10.958 +03:00 [INF] Executed DbCommand (38ms) [Parameters=[], CommandType='"Text"', CommandTimeout='30']
DECLARE @var2 nvarchar(max);
SELECT @var2 = QUOTENAME([d].[name])
FROM [sys].[default_constraints] [d]
INNER JOIN [sys].[columns] [c] ON [d].[parent_column_id] = [c].[column_id] AND [d].[parent_object_id] = [c].[object_id]
WHERE ([d].[parent_object_id] = OBJECT_ID(N'[Users]') AND [c].[name] = N'FullName');
IF @var2 IS NOT NULL EXEC(N'ALTER TABLE [Users] DROP CONSTRAINT ' + @var2 + ';');
ALTER TABLE [Users] ALTER COLUMN [FullName] nvarchar(100) NOT NULL;
2026-05-25 23:07:10.990 +03:00 [INF] Executed DbCommand (31ms) [Parameters=[], CommandType='"Text"', CommandTimeout='30']
DECLARE @var3 nvarchar(max);
SELECT @var3 = QUOTENAME([d].[name])
FROM [sys].[default_constraints] [d]
INNER JOIN [sys].[columns] [c] ON [d].[parent_column_id] = [c].[column_id] AND [d].[parent_object_id] = [c].[object_id]
WHERE ([d].[parent_object_id] = OBJECT_ID(N'[Users]') AND [c].[name] = N'CarPlateNumber');
IF @var3 IS NOT NULL EXEC(N'ALTER TABLE [Users] DROP CONSTRAINT ' + @var3 + ';');
ALTER TABLE [Users] ALTER COLUMN [CarPlateNumber] nvarchar(20) NULL;
2026-05-25 23:07:10.993 +03:00 [INF] Executed DbCommand (3ms) [Parameters=[], CommandType='"Text"', CommandTimeout='30']
ALTER TABLE [Users] ADD [RefreshTokenExpiryTime] datetime2 NULL;
2026-05-25 23:07:10.996 +03:00 [INF] Executed DbCommand (2ms) [Parameters=[], CommandType='"Text"', CommandTimeout='30']
INSERT INTO [__EFMigrationsHistory] ([MigrationId], [ProductVersion])
VALUES (N'20260525200637_UpdateUserAuthSystem', N'10.0.7');
2026-05-25 23:07:11.001 +03:00 [INF] Executed DbCommand (4ms) [Parameters=[], CommandType='"Text"', CommandTimeout='30']
DECLARE @result int;
EXEC @result = sp_releaseapplock @Resource = '__EFMigrationsLock', @LockOwner = 'Session';
SELECT @result
2026-05-25 23:07:38.363 +03:00 [INF] Executed DbCommand (25ms) [Parameters=[], CommandType='"Text"', CommandTimeout='30']
SELECT 1
2026-05-25 23:07:38.431 +03:00 [INF] Acquiring an exclusive lock for migration application. See https://aka.ms/efcore-docs-migrations-lock for more information if this takes too long.
2026-05-25 23:07:38.455 +03:00 [INF] Executed DbCommand (18ms) [Parameters=[], CommandType='"Text"', CommandTimeout='30']
DECLARE @result int;
EXEC @result = sp_getapplock @Resource = '__EFMigrationsLock', @LockOwner = 'Session', @LockMode = 'Exclusive';
SELECT @result
2026-05-25 23:07:38.539 +03:00 [INF] Executed DbCommand (3ms) [Parameters=[], CommandType='"Text"', CommandTimeout='30']
IF OBJECT_ID(N'[__EFMigrationsHistory]') IS NULL
BEGIN
    CREATE TABLE [__EFMigrationsHistory] (
        [MigrationId] nvarchar(150) NOT NULL,
        [ProductVersion] nvarchar(32) NOT NULL,
        CONSTRAINT [PK___EFMigrationsHistory] PRIMARY KEY ([MigrationId])
    );
END;
2026-05-25 23:07:38.551 +03:00 [INF] Executed DbCommand (0ms) [Parameters=[], CommandType='"Text"', CommandTimeout='30']
SELECT 1
2026-05-25 23:07:38.555 +03:00 [INF] Executed DbCommand (0ms) [Parameters=[], CommandType='"Text"', CommandTimeout='30']
SELECT OBJECT_ID(N'[__EFMigrationsHistory]');
2026-05-25 23:07:38.571 +03:00 [INF] Executed DbCommand (10ms) [Parameters=[], CommandType='"Text"', CommandTimeout='30']
SELECT [MigrationId], [ProductVersion]
FROM [__EFMigrationsHistory]
ORDER BY [MigrationId];
2026-05-25 23:07:38.584 +03:00 [INF] No migrations were applied. The database is already up to date.
2026-05-25 23:07:38.587 +03:00 [INF] Executed DbCommand (1ms) [Parameters=[], CommandType='"Text"', CommandTimeout='30']
DECLARE @result int;
EXEC @result = sp_releaseapplock @Resource = '__EFMigrationsLock', @LockOwner = 'Session';
SELECT @result
2026-05-25 23:07:38.897 +03:00 [INF] Executed DbCommand (6ms) [Parameters=[], CommandType='"Text"', CommandTimeout='30']
SELECT CASE
    WHEN EXISTS (
        SELECT 1
        FROM [Users] AS [u]) THEN CAST(1 AS bit)
    ELSE CAST(0 AS bit)
END
2026-05-25 23:07:38.914 +03:00 [INF] Executed DbCommand (4ms) [Parameters=[], CommandType='"Text"', CommandTimeout='30']
SELECT CASE
    WHEN EXISTS (
        SELECT 1
        FROM [Properties] AS [p]) THEN CAST(1 AS bit)
    ELSE CAST(0 AS bit)
END
2026-05-25 23:07:38.930 +03:00 [WRN] The query uses the 'First'/'FirstOrDefault' operator without 'OrderBy' and filter operators. This may lead to unpredictable results.
2026-05-25 23:07:38.997 +03:00 [INF] Executed DbCommand (2ms) [Parameters=[], CommandType='"Text"', CommandTimeout='30']
SELECT TOP(1) [p].[Id], [p].[Bathrooms], [p].[Bedrooms], [p].[CreatedAt], [p].[Description], [p].[HasSmartParking], [p].[ImageUrl], [p].[Location], [p].[Name], [p].[Price], [p].[PricePerHour], [p].[PricePerNight], [p].[Rating], [p].[Title], [p].[TotalSpots]
FROM [Properties] AS [p]
2026-05-25 23:07:39.112 +03:00 [INF] Executed DbCommand (2ms) [Parameters=[], CommandType='"Text"', CommandTimeout='30']
SELECT COUNT(*)
FROM [ParkingSpots] AS [p]
2026-05-25 23:07:39.121 +03:00 [INF] Executed DbCommand (3ms) [Parameters=[], CommandType='"Text"', CommandTimeout='30']
SELECT CASE
    WHEN EXISTS (
        SELECT 1
        FROM [Reservations] AS [r]) THEN CAST(1 AS bit)
    ELSE CAST(0 AS bit)
END
2026-05-25 23:07:39.161 +03:00 [INF] User profile is available. Using 'C:\Users\DELL\AppData\Local\ASP.NET\DataProtection-Keys' as key repository and Windows DPAPI to encrypt keys at rest.
2026-05-25 23:07:39.222 +03:00 [INF] Creating key {9cf0c888-fc5e-4e73-92c9-278b33295b4f} with creation date 2026-05-25 20:07:39Z, activation date 2026-05-25 20:07:39Z, and expiration date 2026-08-23 20:07:39Z.
2026-05-25 23:07:39.236 +03:00 [INF] Writing data to file 'C:\Users\DELL\AppData\Local\ASP.NET\DataProtection-Keys\key-9cf0c888-fc5e-4e73-92c9-278b33295b4f.xml'.
2026-05-25 23:07:39.544 +03:00 [INF] Now listening on: https://localhost:7144
2026-05-25 23:07:39.545 +03:00 [INF] Now listening on: http://localhost:5144
2026-05-25 23:07:39.784 +03:00 [INF] Application started. Press Ctrl+C to shut down.
2026-05-25 23:07:39.786 +03:00 [INF] Hosting environment: Development
2026-05-25 23:07:39.787 +03:00 [INF] Content root path: C:\Users\DELL\OneDrive\Desktop\New folder (3) (3)\New folder (3)\SmartParkingandProperty\SmartParkingF.API-main\SmartParkingF.API-main
2026-05-25 23:07:59.564 +03:00 [INF] Request starting HTTP/2 GET https://localhost:7144/api/Properties - null null
2026-05-25 23:07:59.634 +03:00 [INF] CORS policy execution successful.
2026-05-25 23:07:59.815 +03:00 [INF] Executing endpoint 'SmartParkingF.API.Controllers.PropertiesController.GetProperties (SmartParkingF.API)'
2026-05-25 23:07:59.853 +03:00 [INF] Route matched with {action = "GetProperties", controller = "Properties"}. Executing controller action with signature System.Threading.Tasks.Task`1[Microsoft.AspNetCore.Mvc.IActionResult] GetProperties() on controller SmartParkingF.API.Controllers.PropertiesController (SmartParkingF.API).
2026-05-25 23:07:59.945 +03:00 [INF] Executed DbCommand (26ms) [Parameters=[], CommandType='"Text"', CommandTimeout='30']
SELECT [p].[Id], [p].[Bathrooms], [p].[Bedrooms], [p].[CreatedAt], [p].[Description], [p].[HasSmartParking], [p].[ImageUrl], [p].[Location], [p].[Name], [p].[Price], [p].[PricePerHour], [p].[PricePerNight], [p].[Rating], [p].[Title], [p].[TotalSpots]
FROM [Properties] AS [p]
2026-05-25 23:07:59.990 +03:00 [INF] Executing OkObjectResult, writing value of type 'System.Collections.Generic.List`1[[SmartParkingF.API.Models.Property, SmartParkingF.API, Version=1.0.0.0, Culture=neutral, PublicKeyToken=null]]'.
2026-05-25 23:08:00.062 +03:00 [INF] Executed action SmartParkingF.API.Controllers.PropertiesController.GetProperties (SmartParkingF.API) in 201.3244ms
2026-05-25 23:08:00.065 +03:00 [INF] Executed endpoint 'SmartParkingF.API.Controllers.PropertiesController.GetProperties (SmartParkingF.API)'
2026-05-25 23:08:00.070 +03:00 [INF] HTTP GET /api/Properties responded 200 in 436.9842 ms
2026-05-25 23:08:00.083 +03:00 [INF] Request finished HTTP/2 GET https://localhost:7144/api/Properties - 200 null application/json; charset=utf-8 538.9216ms
2026-05-25 23:08:08.327 +03:00 [INF] Request starting HTTP/2 OPTIONS https://localhost:7144/api/users/login - null null
2026-05-25 23:08:08.335 +03:00 [INF] CORS policy execution successful.
2026-05-25 23:08:08.338 +03:00 [INF] HTTP OPTIONS /api/users/login responded 204 in 3.4958 ms
2026-05-25 23:08:08.343 +03:00 [INF] Request finished HTTP/2 OPTIONS https://localhost:7144/api/users/login - 204 null null 17.139ms
2026-05-25 23:08:08.350 +03:00 [INF] Request starting HTTP/2 POST https://localhost:7144/api/users/login - application/json 48
2026-05-25 23:08:08.355 +03:00 [INF] CORS policy execution successful.
2026-05-25 23:08:08.359 +03:00 [INF] Executing endpoint 'SmartParkingF.API.Controllers.UsersController.Login (SmartParkingF.API)'
2026-05-25 23:08:08.383 +03:00 [INF] Route matched with {action = "Login", controller = "Users"}. Executing controller action with signature System.Threading.Tasks.Task`1[Microsoft.AspNetCore.Mvc.IActionResult] Login(SmartParkingF.API.Models.DTOs.LoginRequest) on controller SmartParkingF.API.Controllers.UsersController (SmartParkingF.API).
2026-05-25 23:08:08.710 +03:00 [INF] Executed DbCommand (48ms) [Parameters=[@cleanEmail='?' (Size = 450)], CommandType='"Text"', CommandTimeout='30']
SELECT TOP(1) [u].[Id], [u].[AccountType], [u].[CarPlateNumber], [u].[CardLastFourDigits], [u].[CreatedAt], [u].[Email], [u].[FullName], [u].[HasLinkedCard], [u].[PasswordHash], [u].[Phone], [u].[RefreshToken], [u].[RefreshTokenExpiryTime], [u].[Role], [u].[Status]
FROM [Users] AS [u]
WHERE LOWER([u].[Email]) = @cleanEmail AND [u].[Status] = N'Active'
2026-05-25 23:08:08.952 +03:00 [WRN] Invalid password attempt for user: 4
2026-05-25 23:08:08.957 +03:00 [INF] Executing UnauthorizedObjectResult, writing value of type '<>f__AnonymousType6`1[[System.String, System.Private.CoreLib, Version=10.0.0.0, Culture=neutral, PublicKeyToken=7cec85d7bea7798e]]'.
2026-05-25 23:08:08.964 +03:00 [INF] Executed action SmartParkingF.API.Controllers.UsersController.Login (SmartParkingF.API) in 577.0645ms
2026-05-25 23:08:08.967 +03:00 [INF] Executed endpoint 'SmartParkingF.API.Controllers.UsersController.Login (SmartParkingF.API)'
2026-05-25 23:08:08.969 +03:00 [INF] HTTP POST /api/users/login responded 401 in 613.7967 ms
2026-05-25 23:08:08.972 +03:00 [INF] Request finished HTTP/2 POST https://localhost:7144/api/users/login - 401 null application/json; charset=utf-8 621.7448ms
2026-05-25 23:08:10.588 +03:00 [INF] Request starting HTTP/2 POST https://localhost:7144/api/users/login - application/json 48
2026-05-25 23:08:10.593 +03:00 [INF] CORS policy execution successful.
2026-05-25 23:08:10.601 +03:00 [INF] Executing endpoint 'SmartParkingF.API.Controllers.UsersController.Login (SmartParkingF.API)'
2026-05-25 23:08:10.603 +03:00 [INF] Route matched with {action = "Login", controller = "Users"}. Executing controller action with signature System.Threading.Tasks.Task`1[Microsoft.AspNetCore.Mvc.IActionResult] Login(SmartParkingF.API.Models.DTOs.LoginRequest) on controller SmartParkingF.API.Controllers.UsersController (SmartParkingF.API).
2026-05-25 23:08:10.615 +03:00 [INF] Executed DbCommand (1ms) [Parameters=[@cleanEmail='?' (Size = 450)], CommandType='"Text"', CommandTimeout='30']
SELECT TOP(1) [u].[Id], [u].[AccountType], [u].[CarPlateNumber], [u].[CardLastFourDigits], [u].[CreatedAt], [u].[Email], [u].[FullName], [u].[HasLinkedCard], [u].[PasswordHash], [u].[Phone], [u].[RefreshToken], [u].[RefreshTokenExpiryTime], [u].[Role], [u].[Status]
FROM [Users] AS [u]
WHERE LOWER([u].[Email]) = @cleanEmail AND [u].[Status] = N'Active'
2026-05-25 23:08:10.666 +03:00 [WRN] Invalid password attempt for user: 4
2026-05-25 23:08:10.668 +03:00 [INF] Executing UnauthorizedObjectResult, writing value of type '<>f__AnonymousType6`1[[System.String, System.Private.CoreLib, Version=10.0.0.0, Culture=neutral, PublicKeyToken=7cec85d7bea7798e]]'.
2026-05-25 23:08:10.670 +03:00 [INF] Executed action SmartParkingF.API.Controllers.UsersController.Login (SmartParkingF.API) in 65.3666ms
2026-05-25 23:08:10.673 +03:00 [INF] Executed endpoint 'SmartParkingF.API.Controllers.UsersController.Login (SmartParkingF.API)'
2026-05-25 23:08:10.676 +03:00 [INF] HTTP POST /api/users/login responded 401 in 82.5367 ms
2026-05-25 23:08:10.679 +03:00 [INF] Request finished HTTP/2 POST https://localhost:7144/api/users/login - 401 null application/json; charset=utf-8 91.1419ms
2026-05-25 23:08:11.483 +03:00 [INF] Request starting HTTP/2 POST https://localhost:7144/api/users/login - application/json 48
2026-05-25 23:08:11.487 +03:00 [INF] CORS policy execution successful.
2026-05-25 23:08:11.489 +03:00 [INF] Executing endpoint 'SmartParkingF.API.Controllers.UsersController.Login (SmartParkingF.API)'
2026-05-25 23:08:11.490 +03:00 [INF] Route matched with {action = "Login", controller = "Users"}. Executing controller action with signature System.Threading.Tasks.Task`1[Microsoft.AspNetCore.Mvc.IActionResult] Login(SmartParkingF.API.Models.DTOs.LoginRequest) on controller SmartParkingF.API.Controllers.UsersController (SmartParkingF.API).
2026-05-25 23:08:11.495 +03:00 [INF] Executed DbCommand (1ms) [Parameters=[@cleanEmail='?' (Size = 450)], CommandType='"Text"', CommandTimeout='30']
SELECT TOP(1) [u].[Id], [u].[AccountType], [u].[CarPlateNumber], [u].[CardLastFourDigits], [u].[CreatedAt], [u].[Email], [u].[FullName], [u].[HasLinkedCard], [u].[PasswordHash], [u].[Phone], [u].[RefreshToken], [u].[RefreshTokenExpiryTime], [u].[Role], [u].[Status]
FROM [Users] AS [u]
WHERE LOWER([u].[Email]) = @cleanEmail AND [u].[Status] = N'Active'
2026-05-25 23:08:11.536 +03:00 [WRN] Invalid password attempt for user: 4
2026-05-25 23:08:11.538 +03:00 [INF] Executing UnauthorizedObjectResult, writing value of type '<>f__AnonymousType6`1[[System.String, System.Private.CoreLib, Version=10.0.0.0, Culture=neutral, PublicKeyToken=7cec85d7bea7798e]]'.
2026-05-25 23:08:11.541 +03:00 [INF] Executed action SmartParkingF.API.Controllers.UsersController.Login (SmartParkingF.API) in 48.4237ms
2026-05-25 23:08:11.544 +03:00 [INF] Executed endpoint 'SmartParkingF.API.Controllers.UsersController.Login (SmartParkingF.API)'
2026-05-25 23:08:11.546 +03:00 [INF] HTTP POST /api/users/login responded 401 in 58.4437 ms
2026-05-25 23:08:11.549 +03:00 [INF] Request finished HTTP/2 POST https://localhost:7144/api/users/login - 401 null application/json; charset=utf-8 66.0373ms
2026-05-25 23:08:14.854 +03:00 [INF] Request starting HTTP/2 OPTIONS https://localhost:7144/api/users/login - null null
2026-05-25 23:08:14.864 +03:00 [INF] CORS policy execution successful.
2026-05-25 23:08:14.866 +03:00 [INF] HTTP OPTIONS /api/users/login responded 204 in 2.0236 ms
2026-05-25 23:08:14.872 +03:00 [INF] Request finished HTTP/2 OPTIONS https://localhost:7144/api/users/login - 204 null null 17.7698ms
2026-05-25 23:08:14.876 +03:00 [INF] Request starting HTTP/2 POST https://localhost:7144/api/users/login - application/json 48
2026-05-25 23:08:14.882 +03:00 [INF] CORS policy execution successful.
2026-05-25 23:08:14.883 +03:00 [INF] Executing endpoint 'SmartParkingF.API.Controllers.UsersController.Login (SmartParkingF.API)'
2026-05-25 23:08:14.885 +03:00 [INF] Route matched with {action = "Login", controller = "Users"}. Executing controller action with signature System.Threading.Tasks.Task`1[Microsoft.AspNetCore.Mvc.IActionResult] Login(SmartParkingF.API.Models.DTOs.LoginRequest) on controller SmartParkingF.API.Controllers.UsersController (SmartParkingF.API).
2026-05-25 23:08:14.889 +03:00 [INF] Executed DbCommand (1ms) [Parameters=[@cleanEmail='?' (Size = 450)], CommandType='"Text"', CommandTimeout='30']
SELECT TOP(1) [u].[Id], [u].[AccountType], [u].[CarPlateNumber], [u].[CardLastFourDigits], [u].[CreatedAt], [u].[Email], [u].[FullName], [u].[HasLinkedCard], [u].[PasswordHash], [u].[Phone], [u].[RefreshToken], [u].[RefreshTokenExpiryTime], [u].[Role], [u].[Status]
FROM [Users] AS [u]
WHERE LOWER([u].[Email]) = @cleanEmail AND [u].[Status] = N'Active'
2026-05-25 23:08:14.922 +03:00 [WRN] Invalid password attempt for user: 1
2026-05-25 23:08:14.923 +03:00 [INF] Executing UnauthorizedObjectResult, writing value of type '<>f__AnonymousType6`1[[System.String, System.Private.CoreLib, Version=10.0.0.0, Culture=neutral, PublicKeyToken=7cec85d7bea7798e]]'.
2026-05-25 23:08:14.925 +03:00 [INF] Executed action SmartParkingF.API.Controllers.UsersController.Login (SmartParkingF.API) in 38.6693ms
2026-05-25 23:08:14.927 +03:00 [INF] Executed endpoint 'SmartParkingF.API.Controllers.UsersController.Login (SmartParkingF.API)'
2026-05-25 23:08:14.928 +03:00 [INF] HTTP POST /api/users/login responded 401 in 46.4992 ms
2026-05-25 23:08:14.931 +03:00 [INF] Request finished HTTP/2 POST https://localhost:7144/api/users/login - 401 null application/json; charset=utf-8 55.3084ms
2026-05-25 23:08:18.749 +03:00 [INF] Request starting HTTP/2 POST https://localhost:7144/api/users/login - application/json 48
2026-05-25 23:08:18.754 +03:00 [INF] CORS policy execution successful.
2026-05-25 23:08:18.755 +03:00 [INF] Executing endpoint 'SmartParkingF.API.Controllers.UsersController.Login (SmartParkingF.API)'
2026-05-25 23:08:18.757 +03:00 [INF] Route matched with {action = "Login", controller = "Users"}. Executing controller action with signature System.Threading.Tasks.Task`1[Microsoft.AspNetCore.Mvc.IActionResult] Login(SmartParkingF.API.Models.DTOs.LoginRequest) on controller SmartParkingF.API.Controllers.UsersController (SmartParkingF.API).
2026-05-25 23:08:18.762 +03:00 [INF] Executed DbCommand (1ms) [Parameters=[@cleanEmail='?' (Size = 450)], CommandType='"Text"', CommandTimeout='30']
SELECT TOP(1) [u].[Id], [u].[AccountType], [u].[CarPlateNumber], [u].[CardLastFourDigits], [u].[CreatedAt], [u].[Email], [u].[FullName], [u].[HasLinkedCard], [u].[PasswordHash], [u].[Phone], [u].[RefreshToken], [u].[RefreshTokenExpiryTime], [u].[Role], [u].[Status]
FROM [Users] AS [u]
WHERE LOWER([u].[Email]) = @cleanEmail AND [u].[Status] = N'Active'
2026-05-25 23:08:18.798 +03:00 [WRN] Invalid password attempt for user: 1
2026-05-25 23:08:18.799 +03:00 [INF] Executing UnauthorizedObjectResult, writing value of type '<>f__AnonymousType6`1[[System.String, System.Private.CoreLib, Version=10.0.0.0, Culture=neutral, PublicKeyToken=7cec85d7bea7798e]]'.
2026-05-25 23:08:18.801 +03:00 [INF] Executed action SmartParkingF.API.Controllers.UsersController.Login (SmartParkingF.API) in 41.1599ms
2026-05-25 23:08:18.802 +03:00 [INF] Executed endpoint 'SmartParkingF.API.Controllers.UsersController.Login (SmartParkingF.API)'
2026-05-25 23:08:18.803 +03:00 [INF] HTTP POST /api/users/login responded 401 in 49.5884 ms
2026-05-25 23:08:18.805 +03:00 [INF] Request finished HTTP/2 POST https://localhost:7144/api/users/login - 401 null application/json; charset=utf-8 56.3346ms
2026-05-25 23:08:19.647 +03:00 [INF] Request starting HTTP/2 POST https://localhost:7144/api/users/login - application/json 48
2026-05-25 23:08:19.650 +03:00 [INF] CORS policy execution successful.
2026-05-25 23:08:19.651 +03:00 [INF] Executing endpoint 'SmartParkingF.API.Controllers.UsersController.Login (SmartParkingF.API)'
2026-05-25 23:08:19.652 +03:00 [INF] Route matched with {action = "Login", controller = "Users"}. Executing controller action with signature System.Threading.Tasks.Task`1[Microsoft.AspNetCore.Mvc.IActionResult] Login(SmartParkingF.API.Models.DTOs.LoginRequest) on controller SmartParkingF.API.Controllers.UsersController (SmartParkingF.API).
2026-05-25 23:08:19.656 +03:00 [INF] Executed DbCommand (1ms) [Parameters=[@cleanEmail='?' (Size = 450)], CommandType='"Text"', CommandTimeout='30']
SELECT TOP(1) [u].[Id], [u].[AccountType], [u].[CarPlateNumber], [u].[CardLastFourDigits], [u].[CreatedAt], [u].[Email], [u].[FullName], [u].[HasLinkedCard], [u].[PasswordHash], [u].[Phone], [u].[RefreshToken], [u].[RefreshTokenExpiryTime], [u].[Role], [u].[Status]
FROM [Users] AS [u]
WHERE LOWER([u].[Email]) = @cleanEmail AND [u].[Status] = N'Active'
2026-05-25 23:08:19.687 +03:00 [WRN] Invalid password attempt for user: 1
2026-05-25 23:08:19.688 +03:00 [INF] Executing UnauthorizedObjectResult, writing value of type '<>f__AnonymousType6`1[[System.String, System.Private.CoreLib, Version=10.0.0.0, Culture=neutral, PublicKeyToken=7cec85d7bea7798e]]'.
2026-05-25 23:08:19.690 +03:00 [INF] Executed action SmartParkingF.API.Controllers.UsersController.Login (SmartParkingF.API) in 36.5568ms
2026-05-25 23:08:19.692 +03:00 [INF] Executed endpoint 'SmartParkingF.API.Controllers.UsersController.Login (SmartParkingF.API)'
2026-05-25 23:08:19.693 +03:00 [INF] HTTP POST /api/users/login responded 401 in 43.6476 ms
2026-05-25 23:08:19.696 +03:00 [INF] Request finished HTTP/2 POST https://localhost:7144/api/users/login - 401 null application/json; charset=utf-8 49.2577ms
2026-05-25 23:09:04.673 +03:00 [INF] Request starting HTTP/2 OPTIONS https://localhost:7144/api/users/login - null null
2026-05-25 23:09:04.683 +03:00 [INF] CORS policy execution successful.
2026-05-25 23:09:04.686 +03:00 [INF] HTTP OPTIONS /api/users/login responded 204 in 2.6614 ms
2026-05-25 23:09:04.691 +03:00 [INF] Request finished HTTP/2 OPTIONS https://localhost:7144/api/users/login - 204 null null 18.3764ms
2026-05-25 23:09:04.696 +03:00 [INF] Request starting HTTP/2 POST https://localhost:7144/api/users/login - application/json 54
2026-05-25 23:09:04.705 +03:00 [INF] CORS policy execution successful.
2026-05-25 23:09:04.707 +03:00 [INF] Executing endpoint 'SmartParkingF.API.Controllers.UsersController.Login (SmartParkingF.API)'
2026-05-25 23:09:04.709 +03:00 [INF] Route matched with {action = "Login", controller = "Users"}. Executing controller action with signature System.Threading.Tasks.Task`1[Microsoft.AspNetCore.Mvc.IActionResult] Login(SmartParkingF.API.Models.DTOs.LoginRequest) on controller SmartParkingF.API.Controllers.UsersController (SmartParkingF.API).
2026-05-25 23:09:04.719 +03:00 [INF] Executed DbCommand (4ms) [Parameters=[@cleanEmail='?' (Size = 450)], CommandType='"Text"', CommandTimeout='30']
SELECT TOP(1) [u].[Id], [u].[AccountType], [u].[CarPlateNumber], [u].[CardLastFourDigits], [u].[CreatedAt], [u].[Email], [u].[FullName], [u].[HasLinkedCard], [u].[PasswordHash], [u].[Phone], [u].[RefreshToken], [u].[RefreshTokenExpiryTime], [u].[Role], [u].[Status]
FROM [Users] AS [u]
WHERE LOWER([u].[Email]) = @cleanEmail AND [u].[Status] = N'Active'
2026-05-25 23:09:04.759 +03:00 [WRN] Invalid password attempt for user: 1
2026-05-25 23:09:04.761 +03:00 [INF] Executing UnauthorizedObjectResult, writing value of type '<>f__AnonymousType6`1[[System.String, System.Private.CoreLib, Version=10.0.0.0, Culture=neutral, PublicKeyToken=7cec85d7bea7798e]]'.
2026-05-25 23:09:04.764 +03:00 [INF] Executed action SmartParkingF.API.Controllers.UsersController.Login (SmartParkingF.API) in 51.8193ms
2026-05-25 23:09:04.766 +03:00 [INF] Executed endpoint 'SmartParkingF.API.Controllers.UsersController.Login (SmartParkingF.API)'
2026-05-25 23:09:04.768 +03:00 [INF] HTTP POST /api/users/login responded 401 in 63.0079 ms
2026-05-25 23:09:04.770 +03:00 [INF] Request finished HTTP/2 POST https://localhost:7144/api/users/login - 401 null application/json; charset=utf-8 74.7138ms
2026-05-25 23:09:11.876 +03:00 [INF] Request starting HTTP/2 OPTIONS https://localhost:7144/api/users/login - null null
2026-05-25 23:09:11.881 +03:00 [INF] CORS policy execution successful.
2026-05-25 23:09:11.882 +03:00 [INF] HTTP OPTIONS /api/users/login responded 204 in 1.5238 ms
2026-05-25 23:09:11.885 +03:00 [INF] Request finished HTTP/2 OPTIONS https://localhost:7144/api/users/login - 204 null null 9.5054ms
2026-05-25 23:09:11.887 +03:00 [INF] Request starting HTTP/2 POST https://localhost:7144/api/users/login - application/json 54
2026-05-25 23:09:11.890 +03:00 [INF] CORS policy execution successful.
2026-05-25 23:09:11.891 +03:00 [INF] Executing endpoint 'SmartParkingF.API.Controllers.UsersController.Login (SmartParkingF.API)'
2026-05-25 23:09:11.892 +03:00 [INF] Route matched with {action = "Login", controller = "Users"}. Executing controller action with signature System.Threading.Tasks.Task`1[Microsoft.AspNetCore.Mvc.IActionResult] Login(SmartParkingF.API.Models.DTOs.LoginRequest) on controller SmartParkingF.API.Controllers.UsersController (SmartParkingF.API).
2026-05-25 23:09:11.896 +03:00 [INF] Executed DbCommand (1ms) [Parameters=[@cleanEmail='?' (Size = 450)], CommandType='"Text"', CommandTimeout='30']
SELECT TOP(1) [u].[Id], [u].[AccountType], [u].[CarPlateNumber], [u].[CardLastFourDigits], [u].[CreatedAt], [u].[Email], [u].[FullName], [u].[HasLinkedCard], [u].[PasswordHash], [u].[Phone], [u].[RefreshToken], [u].[RefreshTokenExpiryTime], [u].[Role], [u].[Status]
FROM [Users] AS [u]
WHERE LOWER([u].[Email]) = @cleanEmail AND [u].[Status] = N'Active'
2026-05-25 23:09:11.925 +03:00 [WRN] Invalid password attempt for user: 1
2026-05-25 23:09:11.927 +03:00 [INF] Executing UnauthorizedObjectResult, writing value of type '<>f__AnonymousType6`1[[System.String, System.Private.CoreLib, Version=10.0.0.0, Culture=neutral, PublicKeyToken=7cec85d7bea7798e]]'.
2026-05-25 23:09:11.929 +03:00 [INF] Executed action SmartParkingF.API.Controllers.UsersController.Login (SmartParkingF.API) in 34.9214ms
2026-05-25 23:09:11.931 +03:00 [INF] Executed endpoint 'SmartParkingF.API.Controllers.UsersController.Login (SmartParkingF.API)'
2026-05-25 23:09:11.932 +03:00 [INF] HTTP POST /api/users/login responded 401 in 41.8635 ms
2026-05-25 23:09:11.934 +03:00 [INF] Request finished HTTP/2 POST https://localhost:7144/api/users/login - 401 null application/json; charset=utf-8 47.8697ms
2026-05-25 23:09:17.085 +03:00 [INF] Request starting HTTP/2 OPTIONS https://localhost:7144/api/users/login - null null
2026-05-25 23:09:17.090 +03:00 [INF] CORS policy execution successful.
2026-05-25 23:09:17.091 +03:00 [INF] HTTP OPTIONS /api/users/login responded 204 in 0.9000 ms
2026-05-25 23:09:17.093 +03:00 [INF] Request finished HTTP/2 OPTIONS https://localhost:7144/api/users/login - 204 null null 7.8601ms
2026-05-25 23:09:17.095 +03:00 [INF] Request starting HTTP/2 POST https://localhost:7144/api/users/login - application/json 54
2026-05-25 23:09:17.098 +03:00 [INF] CORS policy execution successful.
2026-05-25 23:09:17.099 +03:00 [INF] Executing endpoint 'SmartParkingF.API.Controllers.UsersController.Login (SmartParkingF.API)'
2026-05-25 23:09:17.100 +03:00 [INF] Route matched with {action = "Login", controller = "Users"}. Executing controller action with signature System.Threading.Tasks.Task`1[Microsoft.AspNetCore.Mvc.IActionResult] Login(SmartParkingF.API.Models.DTOs.LoginRequest) on controller SmartParkingF.API.Controllers.UsersController (SmartParkingF.API).
2026-05-25 23:09:17.103 +03:00 [INF] Executed DbCommand (1ms) [Parameters=[@cleanEmail='?' (Size = 450)], CommandType='"Text"', CommandTimeout='30']
SELECT TOP(1) [u].[Id], [u].[AccountType], [u].[CarPlateNumber], [u].[CardLastFourDigits], [u].[CreatedAt], [u].[Email], [u].[FullName], [u].[HasLinkedCard], [u].[PasswordHash], [u].[Phone], [u].[RefreshToken], [u].[RefreshTokenExpiryTime], [u].[Role], [u].[Status]
FROM [Users] AS [u]
WHERE LOWER([u].[Email]) = @cleanEmail AND [u].[Status] = N'Active'
2026-05-25 23:09:17.134 +03:00 [WRN] Invalid password attempt for user: 1
2026-05-25 23:09:17.135 +03:00 [INF] Executing UnauthorizedObjectResult, writing value of type '<>f__AnonymousType6`1[[System.String, System.Private.CoreLib, Version=10.0.0.0, Culture=neutral, PublicKeyToken=7cec85d7bea7798e]]'.
2026-05-25 23:09:17.137 +03:00 [INF] Executed action SmartParkingF.API.Controllers.UsersController.Login (SmartParkingF.API) in 35.292ms
2026-05-25 23:09:17.138 +03:00 [INF] Executed endpoint 'SmartParkingF.API.Controllers.UsersController.Login (SmartParkingF.API)'
2026-05-25 23:09:17.139 +03:00 [INF] HTTP POST /api/users/login responded 401 in 41.5459 ms
2026-05-25 23:09:17.141 +03:00 [INF] Request finished HTTP/2 POST https://localhost:7144/api/users/login - 401 null application/json; charset=utf-8 46.5097ms
2026-05-25 23:09:18.063 +03:00 [INF] Request starting HTTP/2 POST https://localhost:7144/api/users/login - application/json 54
2026-05-25 23:09:18.067 +03:00 [INF] CORS policy execution successful.
2026-05-25 23:09:18.068 +03:00 [INF] Executing endpoint 'SmartParkingF.API.Controllers.UsersController.Login (SmartParkingF.API)'
2026-05-25 23:09:18.070 +03:00 [INF] Route matched with {action = "Login", controller = "Users"}. Executing controller action with signature System.Threading.Tasks.Task`1[Microsoft.AspNetCore.Mvc.IActionResult] Login(SmartParkingF.API.Models.DTOs.LoginRequest) on controller SmartParkingF.API.Controllers.UsersController (SmartParkingF.API).
2026-05-25 23:09:18.073 +03:00 [INF] Executed DbCommand (1ms) [Parameters=[@cleanEmail='?' (Size = 450)], CommandType='"Text"', CommandTimeout='30']
SELECT TOP(1) [u].[Id], [u].[AccountType], [u].[CarPlateNumber], [u].[CardLastFourDigits], [u].[CreatedAt], [u].[Email], [u].[FullName], [u].[HasLinkedCard], [u].[PasswordHash], [u].[Phone], [u].[RefreshToken], [u].[RefreshTokenExpiryTime], [u].[Role], [u].[Status]
FROM [Users] AS [u]
WHERE LOWER([u].[Email]) = @cleanEmail AND [u].[Status] = N'Active'
2026-05-25 23:09:18.113 +03:00 [WRN] Invalid password attempt for user: 1
2026-05-25 23:09:18.115 +03:00 [INF] Executing UnauthorizedObjectResult, writing value of type '<>f__AnonymousType6`1[[System.String, System.Private.CoreLib, Version=10.0.0.0, Culture=neutral, PublicKeyToken=7cec85d7bea7798e]]'.
2026-05-25 23:09:18.117 +03:00 [INF] Executed action SmartParkingF.API.Controllers.UsersController.Login (SmartParkingF.API) in 45.2293ms
2026-05-25 23:09:18.118 +03:00 [INF] Executed endpoint 'SmartParkingF.API.Controllers.UsersController.Login (SmartParkingF.API)'
2026-05-25 23:09:18.119 +03:00 [INF] HTTP POST /api/users/login responded 401 in 52.7080 ms
2026-05-25 23:09:18.121 +03:00 [INF] Request finished HTTP/2 POST https://localhost:7144/api/users/login - 401 null application/json; charset=utf-8 58.3998ms
2026-05-25 23:09:18.967 +03:00 [INF] Request starting HTTP/2 POST https://localhost:7144/api/users/login - application/json 54
2026-05-25 23:09:18.970 +03:00 [INF] CORS policy execution successful.
2026-05-25 23:09:18.971 +03:00 [INF] Executing endpoint 'SmartParkingF.API.Controllers.UsersController.Login (SmartParkingF.API)'
2026-05-25 23:09:18.971 +03:00 [INF] Route matched with {action = "Login", controller = "Users"}. Executing controller action with signature System.Threading.Tasks.Task`1[Microsoft.AspNetCore.Mvc.IActionResult] Login(SmartParkingF.API.Models.DTOs.LoginRequest) on controller SmartParkingF.API.Controllers.UsersController (SmartParkingF.API).
2026-05-25 23:09:18.975 +03:00 [INF] Executed DbCommand (1ms) [Parameters=[@cleanEmail='?' (Size = 450)], CommandType='"Text"', CommandTimeout='30']
SELECT TOP(1) [u].[Id], [u].[AccountType], [u].[CarPlateNumber], [u].[CardLastFourDigits], [u].[CreatedAt], [u].[Email], [u].[FullName], [u].[HasLinkedCard], [u].[PasswordHash], [u].[Phone], [u].[RefreshToken], [u].[RefreshTokenExpiryTime], [u].[Role], [u].[Status]
FROM [Users] AS [u]
WHERE LOWER([u].[Email]) = @cleanEmail AND [u].[Status] = N'Active'
2026-05-25 23:09:19.011 +03:00 [WRN] Invalid password attempt for user: 1
2026-05-25 23:09:19.013 +03:00 [INF] Executing UnauthorizedObjectResult, writing value of type '<>f__AnonymousType6`1[[System.String, System.Private.CoreLib, Version=10.0.0.0, Culture=neutral, PublicKeyToken=7cec85d7bea7798e]]'.
2026-05-25 23:09:19.015 +03:00 [INF] Executed action SmartParkingF.API.Controllers.UsersController.Login (SmartParkingF.API) in 41.585ms
2026-05-25 23:09:19.017 +03:00 [INF] Executed endpoint 'SmartParkingF.API.Controllers.UsersController.Login (SmartParkingF.API)'
2026-05-25 23:09:19.018 +03:00 [INF] HTTP POST /api/users/login responded 401 in 48.5042 ms
2026-05-25 23:09:19.021 +03:00 [INF] Request finished HTTP/2 POST https://localhost:7144/api/users/login - 401 null application/json; charset=utf-8 54.4085ms
2026-05-25 23:09:22.455 +03:00 [INF] Request starting HTTP/2 OPTIONS https://localhost:7144/api/users/login - null null
2026-05-25 23:09:22.458 +03:00 [INF] CORS policy execution successful.
2026-05-25 23:09:22.459 +03:00 [INF] HTTP OPTIONS /api/users/login responded 204 in 1.0861 ms
2026-05-25 23:09:22.461 +03:00 [INF] Request finished HTTP/2 OPTIONS https://localhost:7144/api/users/login - 204 null null 5.786ms
2026-05-25 23:09:22.463 +03:00 [INF] Request starting HTTP/2 POST https://localhost:7144/api/users/login - application/json 54
2026-05-25 23:09:22.466 +03:00 [INF] CORS policy execution successful.
2026-05-25 23:09:22.467 +03:00 [INF] Executing endpoint 'SmartParkingF.API.Controllers.UsersController.Login (SmartParkingF.API)'
2026-05-25 23:09:22.468 +03:00 [INF] Route matched with {action = "Login", controller = "Users"}. Executing controller action with signature System.Threading.Tasks.Task`1[Microsoft.AspNetCore.Mvc.IActionResult] Login(SmartParkingF.API.Models.DTOs.LoginRequest) on controller SmartParkingF.API.Controllers.UsersController (SmartParkingF.API).
2026-05-25 23:09:22.471 +03:00 [INF] Executed DbCommand (1ms) [Parameters=[@cleanEmail='?' (Size = 450)], CommandType='"Text"', CommandTimeout='30']
SELECT TOP(1) [u].[Id], [u].[AccountType], [u].[CarPlateNumber], [u].[CardLastFourDigits], [u].[CreatedAt], [u].[Email], [u].[FullName], [u].[HasLinkedCard], [u].[PasswordHash], [u].[Phone], [u].[RefreshToken], [u].[RefreshTokenExpiryTime], [u].[Role], [u].[Status]
FROM [Users] AS [u]
WHERE LOWER([u].[Email]) = @cleanEmail AND [u].[Status] = N'Active'
2026-05-25 23:09:22.502 +03:00 [WRN] Invalid password attempt for user: 1
2026-05-25 23:09:22.503 +03:00 [INF] Executing UnauthorizedObjectResult, writing value of type '<>f__AnonymousType6`1[[System.String, System.Private.CoreLib, Version=10.0.0.0, Culture=neutral, PublicKeyToken=7cec85d7bea7798e]]'.
2026-05-25 23:09:22.505 +03:00 [INF] Executed action SmartParkingF.API.Controllers.UsersController.Login (SmartParkingF.API) in 35.4326ms
2026-05-25 23:09:22.506 +03:00 [INF] Executed endpoint 'SmartParkingF.API.Controllers.UsersController.Login (SmartParkingF.API)'
2026-05-25 23:09:22.507 +03:00 [INF] HTTP POST /api/users/login responded 401 in 41.3147 ms
2026-05-25 23:09:22.510 +03:00 [INF] Request finished HTTP/2 POST https://localhost:7144/api/users/login - 401 null application/json; charset=utf-8 47.0826ms
2026-05-25 23:10:31.403 +03:00 [INF] Executed DbCommand (19ms) [Parameters=[], CommandType='"Text"', CommandTimeout='30']
SELECT 1
2026-05-25 23:10:31.476 +03:00 [INF] Executed DbCommand (11ms) [Parameters=[], CommandType='"Text"', CommandTimeout='60']
IF SERVERPROPERTY('EngineEdition') <> 5
BEGIN
    ALTER DATABASE [SmartParkingDB] SET SINGLE_USER WITH ROLLBACK IMMEDIATE;
END;
2026-05-25 23:10:31.516 +03:00 [INF] Executed DbCommand (40ms) [Parameters=[], CommandType='"Text"', CommandTimeout='60']
DROP DATABASE [SmartParkingDB];
2026-05-25 23:10:53.788 +03:00 [INF] Executed DbCommand (253ms) [Parameters=[], CommandType='"Text"', CommandTimeout='60']
CREATE DATABASE [SmartParkingDB];
2026-05-25 23:10:53.869 +03:00 [INF] Executed DbCommand (48ms) [Parameters=[], CommandType='"Text"', CommandTimeout='60']
IF SERVERPROPERTY('EngineEdition') <> 5
BEGIN
    ALTER DATABASE [SmartParkingDB] SET READ_COMMITTED_SNAPSHOT ON;
END;
2026-05-25 23:10:53.938 +03:00 [INF] Executed DbCommand (6ms) [Parameters=[], CommandType='"Text"', CommandTimeout='30']
SELECT 1
2026-05-25 23:10:53.942 +03:00 [INF] Acquiring an exclusive lock for migration application. See https://aka.ms/efcore-docs-migrations-lock for more information if this takes too long.
2026-05-25 23:10:53.959 +03:00 [INF] Executed DbCommand (15ms) [Parameters=[], CommandType='"Text"', CommandTimeout='30']
DECLARE @result int;
EXEC @result = sp_getapplock @Resource = '__EFMigrationsLock', @LockOwner = 'Session', @LockMode = 'Exclusive';
SELECT @result
2026-05-25 23:10:54.019 +03:00 [INF] Executed DbCommand (7ms) [Parameters=[], CommandType='"Text"', CommandTimeout='30']
IF OBJECT_ID(N'[__EFMigrationsHistory]') IS NULL
BEGIN
    CREATE TABLE [__EFMigrationsHistory] (
        [MigrationId] nvarchar(150) NOT NULL,
        [ProductVersion] nvarchar(32) NOT NULL,
        CONSTRAINT [PK___EFMigrationsHistory] PRIMARY KEY ([MigrationId])
    );
END;
2026-05-25 23:10:54.028 +03:00 [INF] Executed DbCommand (0ms) [Parameters=[], CommandType='"Text"', CommandTimeout='30']
SELECT 1
2026-05-25 23:10:54.028 +03:00 [INF] Executed DbCommand (0ms) [Parameters=[], CommandType='"Text"', CommandTimeout='30']
SELECT OBJECT_ID(N'[__EFMigrationsHistory]');
2026-05-25 23:10:54.037 +03:00 [INF] Executed DbCommand (7ms) [Parameters=[], CommandType='"Text"', CommandTimeout='30']
SELECT [MigrationId], [ProductVersion]
FROM [__EFMigrationsHistory]
ORDER BY [MigrationId];
2026-05-25 23:10:54.047 +03:00 [INF] Applying migration '20260430225621_InitialCreate'.
2026-05-25 23:10:54.115 +03:00 [INF] Executed DbCommand (4ms) [Parameters=[], CommandType='"Text"', CommandTimeout='30']
CREATE TABLE [Properties] (
    [Id] int NOT NULL IDENTITY,
    [Name] nvarchar(max) NOT NULL,
    [Title] nvarchar(max) NOT NULL,
    [Location] nvarchar(max) NOT NULL,
    [Description] nvarchar(max) NOT NULL,
    [Price] decimal(18,2) NOT NULL,
    [PricePerNight] decimal(18,2) NOT NULL,
    [PricePerHour] decimal(18,2) NOT NULL,
    [TotalSpots] int NOT NULL,
    [Bedrooms] int NOT NULL,
    [Bathrooms] int NOT NULL,
    [Rating] float NOT NULL,
    [HasSmartParking] bit NOT NULL,
    [ImageUrl] nvarchar(max) NOT NULL,
    [CreatedAt] datetime2 NOT NULL,
    CONSTRAINT [PK_Properties] PRIMARY KEY ([Id])
);
2026-05-25 23:10:54.117 +03:00 [INF] Executed DbCommand (2ms) [Parameters=[], CommandType='"Text"', CommandTimeout='30']
CREATE TABLE [Users] (
    [Id] int NOT NULL IDENTITY,
    [FullName] nvarchar(max) NOT NULL,
    [Email] nvarchar(450) NOT NULL,
    [Password] nvarchar(max) NOT NULL,
    [Phone] nvarchar(max) NULL,
    [CarPlateNumber] nvarchar(max) NULL,
    [AccountType] nvarchar(max) NOT NULL,
    [Role] nvarchar(max) NOT NULL,
    [Status] nvarchar(max) NOT NULL,
    CONSTRAINT [PK_Users] PRIMARY KEY ([Id])
);
2026-05-25 23:10:54.120 +03:00 [INF] Executed DbCommand (3ms) [Parameters=[], CommandType='"Text"', CommandTimeout='30']
CREATE TABLE [ParkingSpots] (
    [Id] int NOT NULL IDENTITY,
    [SpotNumber] nvarchar(max) NOT NULL,
    [Zone] nvarchar(max) NULL,
    [Location] nvarchar(max) NULL,
    [Status] nvarchar(max) NOT NULL,
    [PricePerHour] decimal(18,2) NOT NULL,
    [PricePerNight] decimal(18,2) NOT NULL,
    [PropertyId] int NOT NULL,
    CONSTRAINT [PK_ParkingSpots] PRIMARY KEY ([Id]),
    CONSTRAINT [FK_ParkingSpots_Properties_PropertyId] FOREIGN KEY ([PropertyId]) REFERENCES [Properties] ([Id]) ON DELETE CASCADE
);
2026-05-25 23:10:54.123 +03:00 [INF] Executed DbCommand (2ms) [Parameters=[], CommandType='"Text"', CommandTimeout='30']
CREATE TABLE [Reservations] (
    [Id] int NOT NULL IDENTITY,
    [ParkingSpotId] int NOT NULL,
    [PropertyId] int NOT NULL,
    [UserId] int NOT NULL,
    [CarPlateNumber] nvarchar(max) NULL,
    [StartTime] datetime2 NOT NULL,
    [EndTime] datetime2 NOT NULL,
    [TotalPrice] decimal(18,2) NOT NULL,
    [QrCodeData] nvarchar(max) NULL,
    [Status] nvarchar(max) NOT NULL,
    [BookingType] nvarchar(max) NULL,
    [CreatedAt] datetime2 NOT NULL,
    [UserEmail] nvarchar(max) NOT NULL,
    CONSTRAINT [PK_Reservations] PRIMARY KEY ([Id]),
    CONSTRAINT [FK_Reservations_ParkingSpots_ParkingSpotId] FOREIGN KEY ([ParkingSpotId]) REFERENCES [ParkingSpots] ([Id]) ON DELETE NO ACTION,
    CONSTRAINT [FK_Reservations_Properties_PropertyId] FOREIGN KEY ([PropertyId]) REFERENCES [Properties] ([Id]) ON DELETE NO ACTION,
    CONSTRAINT [FK_Reservations_Users_UserId] FOREIGN KEY ([UserId]) REFERENCES [Users] ([Id]) ON DELETE CASCADE
);
2026-05-25 23:10:54.168 +03:00 [INF] Executed DbCommand (45ms) [Parameters=[], CommandType='"Text"', CommandTimeout='30']
IF EXISTS (SELECT * FROM [sys].[identity_columns] WHERE [name] IN (N'Id', N'Bathrooms', N'Bedrooms', N'CreatedAt', N'Description', N'HasSmartParking', N'ImageUrl', N'Location', N'Name', N'Price', N'PricePerHour', N'PricePerNight', N'Rating', N'Title', N'TotalSpots') AND [object_id] = OBJECT_ID(N'[Properties]'))
    SET IDENTITY_INSERT [Properties] ON;
INSERT INTO [Properties] ([Id], [Bathrooms], [Bedrooms], [CreatedAt], [Description], [HasSmartParking], [ImageUrl], [Location], [Name], [Price], [PricePerHour], [PricePerNight], [Rating], [Title], [TotalSpots])
VALUES (1, 3, 4, '2026-04-30T00:00:00.0000000', N'Smart Villa with private parking', CAST(1 AS bit), N'https://images.unsplash.com/photo-1506521781263-d8422e82f27a', N'Beverly Hills, Cairo', N'Luxury Modern Villa', 1250.0, 150.0, 1250.0, 4.9000000000000004E0, N'Luxury Modern Villa', 90);
IF EXISTS (SELECT * FROM [sys].[identity_columns] WHERE [name] IN (N'Id', N'Bathrooms', N'Bedrooms', N'CreatedAt', N'Description', N'HasSmartParking', N'ImageUrl', N'Location', N'Name', N'Price', N'PricePerHour', N'PricePerNight', N'Rating', N'Title', N'TotalSpots') AND [object_id] = OBJECT_ID(N'[Properties]'))
    SET IDENTITY_INSERT [Properties] OFF;
2026-05-25 23:10:54.232 +03:00 [INF] Executed DbCommand (64ms) [Parameters=[], CommandType='"Text"', CommandTimeout='30']
IF EXISTS (SELECT * FROM [sys].[identity_columns] WHERE [name] IN (N'Id', N'Location', N'PricePerHour', N'PricePerNight', N'PropertyId', N'SpotNumber', N'Status', N'Zone') AND [object_id] = OBJECT_ID(N'[ParkingSpots]'))
    SET IDENTITY_INSERT [ParkingSpots] ON;
INSERT INTO [ParkingSpots] ([Id], [Location], [PricePerHour], [PricePerNight], [PropertyId], [SpotNumber], [Status], [Zone])
VALUES (1, N'Ground Floor', 5.0, 50.0, 1, N'A1', N'Available', N'A'),
(2, N'Ground Floor', 5.0, 50.0, 1, N'A2', N'Available', N'A'),
(3, N'Ground Floor', 5.0, 50.0, 1, N'A3', N'Available', N'A'),
(4, N'Ground Floor', 5.0, 50.0, 1, N'A4', N'Available', N'A'),
(5, N'Ground Floor', 5.0, 50.0, 1, N'A5', N'Available', N'A'),
(6, N'Ground Floor', 5.0, 50.0, 1, N'A6', N'Available', N'A'),
(7, N'Ground Floor', 5.0, 50.0, 1, N'A7', N'Available', N'A'),
(8, N'Ground Floor', 5.0, 50.0, 1, N'A8', N'Available', N'A'),
(9, N'Ground Floor', 5.0, 50.0, 1, N'A9', N'Available', N'A'),
(10, N'Ground Floor', 5.0, 50.0, 1, N'A10', N'Available', N'A'),
(11, N'Ground Floor', 5.0, 50.0, 1, N'A11', N'Available', N'A'),
(12, N'Ground Floor', 5.0, 50.0, 1, N'A12', N'Available', N'A'),
(13, N'Ground Floor', 5.0, 50.0, 1, N'A13', N'Available', N'A'),
(14, N'Ground Floor', 5.0, 50.0, 1, N'A14', N'Available', N'A'),
(15, N'Ground Floor', 5.0, 50.0, 1, N'A15', N'Available', N'A'),
(16, N'Ground Floor', 5.0, 50.0, 1, N'A16', N'Available', N'A'),
(17, N'Ground Floor', 5.0, 50.0, 1, N'A17', N'Available', N'A'),
(18, N'Ground Floor', 5.0, 50.0, 1, N'A18', N'Available', N'A'),
(19, N'Ground Floor', 5.0, 50.0, 1, N'A19', N'Available', N'A'),
(20, N'Ground Floor', 5.0, 50.0, 1, N'A20', N'Available', N'A'),
(21, N'Ground Floor', 5.0, 50.0, 1, N'A21', N'Available', N'A'),
(22, N'Ground Floor', 5.0, 50.0, 1, N'A22', N'Available', N'A'),
(23, N'Ground Floor', 5.0, 50.0, 1, N'A23', N'Available', N'A'),
(24, N'Ground Floor', 5.0, 50.0, 1, N'A24', N'Available', N'A'),
(25, N'Ground Floor', 5.0, 50.0, 1, N'A25', N'Available', N'A'),
(26, N'Ground Floor', 5.0, 50.0, 1, N'A26', N'Available', N'A'),
(27, N'Ground Floor', 5.0, 50.0, 1, N'A27', N'Available', N'A'),
(28, N'Ground Floor', 5.0, 50.0, 1, N'A28', N'Available', N'A'),
(29, N'Ground Floor', 5.0, 50.0, 1, N'A29', N'Available', N'A'),
(30, N'Ground Floor', 5.0, 50.0, 1, N'A30', N'Available', N'A'),
(31, N'First Floor', 10.0, 80.0, 1, N'B1', N'Available', N'B'),
(32, N'First Floor', 10.0, 80.0, 1, N'B2', N'Available', N'B'),
(33, N'First Floor', 10.0, 80.0, 1, N'B3', N'Available', N'B'),
(34, N'First Floor', 10.0, 80.0, 1, N'B4', N'Available', N'B'),
(35, N'First Floor', 10.0, 80.0, 1, N'B5', N'Available', N'B'),
(36, N'First Floor', 10.0, 80.0, 1, N'B6', N'Available', N'B'),
(37, N'First Floor', 10.0, 80.0, 1, N'B7', N'Available', N'B'),
(38, N'First Floor', 10.0, 80.0, 1, N'B8', N'Available', N'B'),
(39, N'First Floor', 10.0, 80.0, 1, N'B9', N'Available', N'B'),
(40, N'First Floor', 10.0, 80.0, 1, N'B10', N'Available', N'B'),
(41, N'First Floor', 10.0, 80.0, 1, N'B11', N'Available', N'B'),
(42, N'First Floor', 10.0, 80.0, 1, N'B12', N'Available', N'B');
INSERT INTO [ParkingSpots] ([Id], [Location], [PricePerHour], [PricePerNight], [PropertyId], [SpotNumber], [Status], [Zone])
VALUES (43, N'First Floor', 10.0, 80.0, 1, N'B13', N'Available', N'B'),
(44, N'First Floor', 10.0, 80.0, 1, N'B14', N'Available', N'B'),
(45, N'First Floor', 10.0, 80.0, 1, N'B15', N'Available', N'B'),
(46, N'First Floor', 10.0, 80.0, 1, N'B16', N'Available', N'B'),
(47, N'First Floor', 10.0, 80.0, 1, N'B17', N'Available', N'B'),
(48, N'First Floor', 10.0, 80.0, 1, N'B18', N'Available', N'B'),
(49, N'First Floor', 10.0, 80.0, 1, N'B19', N'Available', N'B'),
(50, N'First Floor', 10.0, 80.0, 1, N'B20', N'Available', N'B'),
(51, N'First Floor', 10.0, 80.0, 1, N'B21', N'Available', N'B'),
(52, N'First Floor', 10.0, 80.0, 1, N'B22', N'Available', N'B'),
(53, N'First Floor', 10.0, 80.0, 1, N'B23', N'Available', N'B'),
(54, N'First Floor', 10.0, 80.0, 1, N'B24', N'Available', N'B'),
(55, N'First Floor', 10.0, 80.0, 1, N'B25', N'Available', N'B'),
(56, N'First Floor', 10.0, 80.0, 1, N'B26', N'Available', N'B'),
(57, N'First Floor', 10.0, 80.0, 1, N'B27', N'Available', N'B'),
(58, N'First Floor', 10.0, 80.0, 1, N'B28', N'Available', N'B'),
(59, N'First Floor', 10.0, 80.0, 1, N'B29', N'Available', N'B'),
(60, N'First Floor', 10.0, 80.0, 1, N'B30', N'Available', N'B'),
(61, N'VIP Section', 15.0, 120.0, 1, N'C1', N'Available', N'C'),
(62, N'VIP Section', 15.0, 120.0, 1, N'C2', N'Available', N'C'),
(63, N'VIP Section', 15.0, 120.0, 1, N'C3', N'Available', N'C'),
(64, N'VIP Section', 15.0, 120.0, 1, N'C4', N'Available', N'C'),
(65, N'VIP Section', 15.0, 120.0, 1, N'C5', N'Available', N'C'),
(66, N'VIP Section', 15.0, 120.0, 1, N'C6', N'Available', N'C'),
(67, N'VIP Section', 15.0, 120.0, 1, N'C7', N'Available', N'C'),
(68, N'VIP Section', 15.0, 120.0, 1, N'C8', N'Available', N'C'),
(69, N'VIP Section', 15.0, 120.0, 1, N'C9', N'Available', N'C'),
(70, N'VIP Section', 15.0, 120.0, 1, N'C10', N'Available', N'C'),
(71, N'VIP Section', 15.0, 120.0, 1, N'C11', N'Available', N'C'),
(72, N'VIP Section', 15.0, 120.0, 1, N'C12', N'Available', N'C'),
(73, N'VIP Section', 15.0, 120.0, 1, N'C13', N'Available', N'C'),
(74, N'VIP Section', 15.0, 120.0, 1, N'C14', N'Available', N'C'),
(75, N'VIP Section', 15.0, 120.0, 1, N'C15', N'Available', N'C'),
(76, N'VIP Section', 15.0, 120.0, 1, N'C16', N'Available', N'C'),
(77, N'VIP Section', 15.0, 120.0, 1, N'C17', N'Available', N'C'),
(78, N'VIP Section', 15.0, 120.0, 1, N'C18', N'Available', N'C'),
(79, N'VIP Section', 15.0, 120.0, 1, N'C19', N'Available', N'C'),
(80, N'VIP Section', 15.0, 120.0, 1, N'C20', N'Available', N'C'),
(81, N'VIP Section', 15.0, 120.0, 1, N'C21', N'Available', N'C'),
(82, N'VIP Section', 15.0, 120.0, 1, N'C22', N'Available', N'C'),
(83, N'VIP Section', 15.0, 120.0, 1, N'C23', N'Available', N'C'),
(84, N'VIP Section', 15.0, 120.0, 1, N'C24', N'Available', N'C');
INSERT INTO [ParkingSpots] ([Id], [Location], [PricePerHour], [PricePerNight], [PropertyId], [SpotNumber], [Status], [Zone])
VALUES (85, N'VIP Section', 15.0, 120.0, 1, N'C25', N'Available', N'C'),
(86, N'VIP Section', 15.0, 120.0, 1, N'C26', N'Available', N'C'),
(87, N'VIP Section', 15.0, 120.0, 1, N'C27', N'Available', N'C'),
(88, N'VIP Section', 15.0, 120.0, 1, N'C28', N'Available', N'C'),
(89, N'VIP Section', 15.0, 120.0, 1, N'C29', N'Available', N'C'),
(90, N'VIP Section', 15.0, 120.0, 1, N'C30', N'Available', N'C');
IF EXISTS (SELECT * FROM [sys].[identity_columns] WHERE [name] IN (N'Id', N'Location', N'PricePerHour', N'PricePerNight', N'PropertyId', N'SpotNumber', N'Status', N'Zone') AND [object_id] = OBJECT_ID(N'[ParkingSpots]'))
    SET IDENTITY_INSERT [ParkingSpots] OFF;
2026-05-25 23:10:54.253 +03:00 [INF] Executed DbCommand (20ms) [Parameters=[], CommandType='"Text"', CommandTimeout='30']
CREATE INDEX [IX_ParkingSpots_PropertyId] ON [ParkingSpots] ([PropertyId]);
2026-05-25 23:10:54.254 +03:00 [INF] Executed DbCommand (1ms) [Parameters=[], CommandType='"Text"', CommandTimeout='30']
CREATE INDEX [IX_Reservations_ParkingSpotId] ON [Reservations] ([ParkingSpotId]);
2026-05-25 23:10:54.255 +03:00 [INF] Executed DbCommand (1ms) [Parameters=[], CommandType='"Text"', CommandTimeout='30']
CREATE INDEX [IX_Reservations_PropertyId] ON [Reservations] ([PropertyId]);
2026-05-25 23:10:54.256 +03:00 [INF] Executed DbCommand (1ms) [Parameters=[], CommandType='"Text"', CommandTimeout='30']
CREATE INDEX [IX_Reservations_UserId] ON [Reservations] ([UserId]);
2026-05-25 23:10:54.257 +03:00 [INF] Executed DbCommand (1ms) [Parameters=[], CommandType='"Text"', CommandTimeout='30']
CREATE UNIQUE INDEX [IX_Users_Email] ON [Users] ([Email]);
2026-05-25 23:10:54.258 +03:00 [INF] Executed DbCommand (2ms) [Parameters=[], CommandType='"Text"', CommandTimeout='30']
INSERT INTO [__EFMigrationsHistory] ([MigrationId], [ProductVersion])
VALUES (N'20260430225621_InitialCreate', N'10.0.7');
2026-05-25 23:10:54.260 +03:00 [INF] Applying migration '20260430230133_AddCreatedAtToUser'.
2026-05-25 23:10:54.280 +03:00 [INF] Executed DbCommand (3ms) [Parameters=[], CommandType='"Text"', CommandTimeout='30']
ALTER TABLE [Users] ADD [CreatedAt] datetime2 NOT NULL DEFAULT '0001-01-01T00:00:00.0000000';
2026-05-25 23:10:54.280 +03:00 [INF] Executed DbCommand (0ms) [Parameters=[], CommandType='"Text"', CommandTimeout='30']
INSERT INTO [__EFMigrationsHistory] ([MigrationId], [ProductVersion])
VALUES (N'20260430230133_AddCreatedAtToUser', N'10.0.7');
2026-05-25 23:10:54.425 +03:00 [INF] Applying migration '20260503204208_UpdateReservationSystem'.
2026-05-25 23:10:54.448 +03:00 [INF] Executed DbCommand (1ms) [Parameters=[], CommandType='"Text"', CommandTimeout='30']
INSERT INTO [__EFMigrationsHistory] ([MigrationId], [ProductVersion])
VALUES (N'20260503204208_UpdateReservationSystem', N'10.0.7');
2026-05-25 23:10:54.449 +03:00 [INF] Applying migration '20260503204334_SyncReservationLogic'.
2026-05-25 23:10:54.461 +03:00 [INF] Executed DbCommand (0ms) [Parameters=[], CommandType='"Text"', CommandTimeout='30']
INSERT INTO [__EFMigrationsHistory] ([MigrationId], [ProductVersion])
VALUES (N'20260503204334_SyncReservationLogic', N'10.0.7');
2026-05-25 23:10:54.461 +03:00 [INF] Applying migration '20260503204452_UpdateQrAndReservation'.
2026-05-25 23:10:54.471 +03:00 [INF] Executed DbCommand (0ms) [Parameters=[], CommandType='"Text"', CommandTimeout='30']
INSERT INTO [__EFMigrationsHistory] ([MigrationId], [ProductVersion])
VALUES (N'20260503204452_UpdateQrAndReservation', N'10.0.7');
2026-05-25 23:10:54.472 +03:00 [INF] Applying migration '20260503204601_UpdateReservationSchema'.
2026-05-25 23:10:54.480 +03:00 [INF] Executed DbCommand (0ms) [Parameters=[], CommandType='"Text"', CommandTimeout='30']
INSERT INTO [__EFMigrationsHistory] ([MigrationId], [ProductVersion])
VALUES (N'20260503204601_UpdateReservationSchema', N'10.0.7');
2026-05-25 23:10:54.480 +03:00 [INF] Applying migration '20260503204854_IncreaseQrSize'.
2026-05-25 23:10:54.489 +03:00 [INF] Executed DbCommand (0ms) [Parameters=[], CommandType='"Text"', CommandTimeout='30']
INSERT INTO [__EFMigrationsHistory] ([MigrationId], [ProductVersion])
VALUES (N'20260503204854_IncreaseQrSize', N'10.0.7');
2026-05-25 23:10:54.489 +03:00 [INF] Applying migration '20260503213633_UpdateReservationSchemaFinal'.
2026-05-25 23:10:54.564 +03:00 [INF] Executed DbCommand (62ms) [Parameters=[], CommandType='"Text"', CommandTimeout='30']
DECLARE @var nvarchar(max);
SELECT @var = QUOTENAME([d].[name])
FROM [sys].[default_constraints] [d]
INNER JOIN [sys].[columns] [c] ON [d].[parent_column_id] = [c].[column_id] AND [d].[parent_object_id] = [c].[object_id]
WHERE ([d].[parent_object_id] = OBJECT_ID(N'[Reservations]') AND [c].[name] = N'UserEmail');
IF @var IS NOT NULL EXEC(N'ALTER TABLE [Reservations] DROP CONSTRAINT ' + @var + ';');
ALTER TABLE [Reservations] DROP COLUMN [UserEmail];
2026-05-25 23:10:54.564 +03:00 [INF] Executed DbCommand (0ms) [Parameters=[], CommandType='"Text"', CommandTimeout='30']
INSERT INTO [__EFMigrationsHistory] ([MigrationId], [ProductVersion])
VALUES (N'20260503213633_UpdateReservationSchemaFinal', N'10.0.7');
2026-05-25 23:10:54.565 +03:00 [INF] Applying migration '20260503224816_UpdateModelsForNewUI'.
2026-05-25 23:10:54.574 +03:00 [INF] Executed DbCommand (0ms) [Parameters=[], CommandType='"Text"', CommandTimeout='30']
INSERT INTO [__EFMigrationsHistory] ([MigrationId], [ProductVersion])
VALUES (N'20260503224816_UpdateModelsForNewUI', N'10.0.7');
2026-05-25 23:10:54.574 +03:00 [INF] Applying migration '20260512170826_AddPaymentsTable'.
2026-05-25 23:10:54.583 +03:00 [INF] Executed DbCommand (0ms) [Parameters=[], CommandType='"Text"', CommandTimeout='30']
INSERT INTO [__EFMigrationsHistory] ([MigrationId], [ProductVersion])
VALUES (N'20260512170826_AddPaymentsTable', N'10.0.7');
2026-05-25 23:10:54.583 +03:00 [INF] Applying migration '20260512172952_FixReservationNullableId'.
2026-05-25 23:10:54.591 +03:00 [INF] Executed DbCommand (0ms) [Parameters=[], CommandType='"Text"', CommandTimeout='30']
INSERT INTO [__EFMigrationsHistory] ([MigrationId], [ProductVersion])
VALUES (N'20260512172952_FixReservationNullableId', N'10.0.7');
2026-05-25 23:10:54.591 +03:00 [INF] Applying migration '20260512182244_UpdateReportsLogic'.
2026-05-25 23:10:54.600 +03:00 [INF] Executed DbCommand (0ms) [Parameters=[], CommandType='"Text"', CommandTimeout='30']
INSERT INTO [__EFMigrationsHistory] ([MigrationId], [ProductVersion])
VALUES (N'20260512182244_UpdateReportsLogic', N'10.0.7');
2026-05-25 23:10:54.600 +03:00 [INF] Applying migration '20260512190401_AddSettingsTable'.
2026-05-25 23:10:54.615 +03:00 [INF] Executed DbCommand (2ms) [Parameters=[], CommandType='"Text"', CommandTimeout='30']
CREATE TABLE [SystemSettings] (
    [Id] int NOT NULL IDENTITY,
    [ProjectName] nvarchar(max) NOT NULL,
    [SupportEmail] nvarchar(max) NOT NULL,
    [IsMaintenanceMode] bit NOT NULL,
    [BookingPermissions] nvarchar(max) NOT NULL,
    [ApiSecurityKey] nvarchar(max) NULL,
    [LastBackupDate] datetime2 NOT NULL,
    CONSTRAINT [PK_SystemSettings] PRIMARY KEY ([Id])
);
2026-05-25 23:10:55.303 +03:00 [INF] Executed DbCommand (1ms) [Parameters=[], CommandType='"Text"', CommandTimeout='30']
INSERT INTO [__EFMigrationsHistory] ([MigrationId], [ProductVersion])
VALUES (N'20260512190401_AddSettingsTable', N'10.0.7');
2026-05-25 23:10:55.304 +03:00 [INF] Applying migration '20260521061131_AddStatusToBookings'.
2026-05-25 23:10:55.325 +03:00 [INF] Executed DbCommand (1ms) [Parameters=[], CommandType='"Text"', CommandTimeout='30']
INSERT INTO [__EFMigrationsHistory] ([MigrationId], [ProductVersion])
VALUES (N'20260521061131_AddStatusToBookings', N'10.0.7');
2026-05-25 23:10:55.327 +03:00 [INF] Applying migration '20260521065342_AddCardFieldsToUser'.
2026-05-25 23:10:55.346 +03:00 [INF] Executed DbCommand (1ms) [Parameters=[], CommandType='"Text"', CommandTimeout='30']
ALTER TABLE [Users] ADD [CardExpiryMonth] nvarchar(max) NULL;
2026-05-25 23:10:55.347 +03:00 [INF] Executed DbCommand (1ms) [Parameters=[], CommandType='"Text"', CommandTimeout='30']
ALTER TABLE [Users] ADD [CardExpiryYear] nvarchar(max) NULL;
2026-05-25 23:10:55.348 +03:00 [INF] Executed DbCommand (1ms) [Parameters=[], CommandType='"Text"', CommandTimeout='30']
ALTER TABLE [Users] ADD [CardHolderName] nvarchar(max) NULL;
2026-05-25 23:10:55.349 +03:00 [INF] Executed DbCommand (1ms) [Parameters=[], CommandType='"Text"', CommandTimeout='30']
ALTER TABLE [Users] ADD [CardNumber] nvarchar(max) NULL;
2026-05-25 23:10:55.351 +03:00 [INF] Executed DbCommand (1ms) [Parameters=[], CommandType='"Text"', CommandTimeout='30']
ALTER TABLE [Users] ADD [HasLinkedCard] bit NOT NULL DEFAULT CAST(0 AS bit);
2026-05-25 23:10:55.351 +03:00 [INF] Executed DbCommand (0ms) [Parameters=[], CommandType='"Text"', CommandTimeout='30']
INSERT INTO [__EFMigrationsHistory] ([MigrationId], [ProductVersion])
VALUES (N'20260521065342_AddCardFieldsToUser', N'10.0.7');
2026-05-25 23:10:55.352 +03:00 [INF] Applying migration '20260521084836_AddPropertyBookedDatesFeature'.
2026-05-25 23:10:55.362 +03:00 [INF] Executed DbCommand (0ms) [Parameters=[], CommandType='"Text"', CommandTimeout='30']
INSERT INTO [__EFMigrationsHistory] ([MigrationId], [ProductVersion])
VALUES (N'20260521084836_AddPropertyBookedDatesFeature', N'10.0.7');
2026-05-25 23:10:55.362 +03:00 [INF] Applying migration '20260521090848_MakeParkingSpotIdNullable'.
2026-05-25 23:10:55.407 +03:00 [INF] Executed DbCommand (27ms) [Parameters=[], CommandType='"Text"', CommandTimeout='30']
DECLARE @var1 nvarchar(max);
SELECT @var1 = QUOTENAME([d].[name])
FROM [sys].[default_constraints] [d]
INNER JOIN [sys].[columns] [c] ON [d].[parent_column_id] = [c].[column_id] AND [d].[parent_object_id] = [c].[object_id]
WHERE ([d].[parent_object_id] = OBJECT_ID(N'[Reservations]') AND [c].[name] = N'ParkingSpotId');
IF @var1 IS NOT NULL EXEC(N'ALTER TABLE [Reservations] DROP CONSTRAINT ' + @var1 + ';');
ALTER TABLE [Reservations] ALTER COLUMN [ParkingSpotId] int NULL;
2026-05-25 23:10:55.408 +03:00 [INF] Executed DbCommand (0ms) [Parameters=[], CommandType='"Text"', CommandTimeout='30']
INSERT INTO [__EFMigrationsHistory] ([MigrationId], [ProductVersion])
VALUES (N'20260521090848_MakeParkingSpotIdNullable', N'10.0.7');
2026-05-25 23:10:55.408 +03:00 [INF] Applying migration '20260521094303_AddReservationProperty'.
2026-05-25 23:10:55.419 +03:00 [INF] Executed DbCommand (0ms) [Parameters=[], CommandType='"Text"', CommandTimeout='30']
INSERT INTO [__EFMigrationsHistory] ([MigrationId], [ProductVersion])
VALUES (N'20260521094303_AddReservationProperty', N'10.0.7');
2026-05-25 23:10:55.419 +03:00 [INF] Applying migration '20260525200637_UpdateUserAuthSystem'.
2026-05-25 23:10:55.463 +03:00 [INF] Executed DbCommand (26ms) [Parameters=[], CommandType='"Text"', CommandTimeout='30']
DECLARE @var2 nvarchar(max);
SELECT @var2 = QUOTENAME([d].[name])
FROM [sys].[default_constraints] [d]
INNER JOIN [sys].[columns] [c] ON [d].[parent_column_id] = [c].[column_id] AND [d].[parent_object_id] = [c].[object_id]
WHERE ([d].[parent_object_id] = OBJECT_ID(N'[Users]') AND [c].[name] = N'CardExpiryMonth');
IF @var2 IS NOT NULL EXEC(N'ALTER TABLE [Users] DROP CONSTRAINT ' + @var2 + ';');
ALTER TABLE [Users] DROP COLUMN [CardExpiryMonth];
2026-05-25 23:10:55.489 +03:00 [INF] Executed DbCommand (26ms) [Parameters=[], CommandType='"Text"', CommandTimeout='30']
DECLARE @var3 nvarchar(max);
SELECT @var3 = QUOTENAME([d].[name])
FROM [sys].[default_constraints] [d]
INNER JOIN [sys].[columns] [c] ON [d].[parent_column_id] = [c].[column_id] AND [d].[parent_object_id] = [c].[object_id]
WHERE ([d].[parent_object_id] = OBJECT_ID(N'[Users]') AND [c].[name] = N'CardExpiryYear');
IF @var3 IS NOT NULL EXEC(N'ALTER TABLE [Users] DROP CONSTRAINT ' + @var3 + ';');
ALTER TABLE [Users] DROP COLUMN [CardExpiryYear];
2026-05-25 23:10:56.726 +03:00 [INF] Executed DbCommand (467ms) [Parameters=[], CommandType='"Text"', CommandTimeout='30']
EXEC sp_rename N'[Users].[Password]', N'PasswordHash', 'COLUMN';
2026-05-25 23:10:56.728 +03:00 [INF] Executed DbCommand (2ms) [Parameters=[], CommandType='"Text"', CommandTimeout='30']
EXEC sp_rename N'[Users].[CardNumber]', N'RefreshToken', 'COLUMN';
2026-05-25 23:10:56.729 +03:00 [INF] Executed DbCommand (1ms) [Parameters=[], CommandType='"Text"', CommandTimeout='30']
EXEC sp_rename N'[Users].[CardHolderName]', N'CardLastFourDigits', 'COLUMN';
2026-05-25 23:10:56.757 +03:00 [INF] Executed DbCommand (28ms) [Parameters=[], CommandType='"Text"', CommandTimeout='30']
DECLARE @var4 nvarchar(max);
SELECT @var4 = QUOTENAME([d].[name])
FROM [sys].[default_constraints] [d]
INNER JOIN [sys].[columns] [c] ON [d].[parent_column_id] = [c].[column_id] AND [d].[parent_object_id] = [c].[object_id]
WHERE ([d].[parent_object_id] = OBJECT_ID(N'[Users]') AND [c].[name] = N'FullName');
IF @var4 IS NOT NULL EXEC(N'ALTER TABLE [Users] DROP CONSTRAINT ' + @var4 + ';');
ALTER TABLE [Users] ALTER COLUMN [FullName] nvarchar(100) NOT NULL;
2026-05-25 23:10:56.785 +03:00 [INF] Executed DbCommand (28ms) [Parameters=[], CommandType='"Text"', CommandTimeout='30']
DECLARE @var5 nvarchar(max);
SELECT @var5 = QUOTENAME([d].[name])
FROM [sys].[default_constraints] [d]
INNER JOIN [sys].[columns] [c] ON [d].[parent_column_id] = [c].[column_id] AND [d].[parent_object_id] = [c].[object_id]
WHERE ([d].[parent_object_id] = OBJECT_ID(N'[Users]') AND [c].[name] = N'CarPlateNumber');
IF @var5 IS NOT NULL EXEC(N'ALTER TABLE [Users] DROP CONSTRAINT ' + @var5 + ';');
ALTER TABLE [Users] ALTER COLUMN [CarPlateNumber] nvarchar(20) NULL;
2026-05-25 23:10:56.786 +03:00 [INF] Executed DbCommand (1ms) [Parameters=[], CommandType='"Text"', CommandTimeout='30']
ALTER TABLE [Users] ADD [RefreshTokenExpiryTime] datetime2 NULL;
2026-05-25 23:10:56.787 +03:00 [INF] Executed DbCommand (0ms) [Parameters=[], CommandType='"Text"', CommandTimeout='30']
INSERT INTO [__EFMigrationsHistory] ([MigrationId], [ProductVersion])
VALUES (N'20260525200637_UpdateUserAuthSystem', N'10.0.7');
2026-05-25 23:10:56.790 +03:00 [INF] Executed DbCommand (1ms) [Parameters=[], CommandType='"Text"', CommandTimeout='30']
DECLARE @result int;
EXEC @result = sp_releaseapplock @Resource = '__EFMigrationsLock', @LockOwner = 'Session';
SELECT @result
2026-05-25 23:11:12.294 +03:00 [INF] Executed DbCommand (27ms) [Parameters=[], CommandType='"Text"', CommandTimeout='30']
SELECT 1
2026-05-25 23:11:12.366 +03:00 [INF] Acquiring an exclusive lock for migration application. See https://aka.ms/efcore-docs-migrations-lock for more information if this takes too long.
2026-05-25 23:11:12.394 +03:00 [INF] Executed DbCommand (22ms) [Parameters=[], CommandType='"Text"', CommandTimeout='30']
DECLARE @result int;
EXEC @result = sp_getapplock @Resource = '__EFMigrationsLock', @LockOwner = 'Session', @LockMode = 'Exclusive';
SELECT @result
2026-05-25 23:11:12.504 +03:00 [INF] Executed DbCommand (3ms) [Parameters=[], CommandType='"Text"', CommandTimeout='30']
IF OBJECT_ID(N'[__EFMigrationsHistory]') IS NULL
BEGIN
    CREATE TABLE [__EFMigrationsHistory] (
        [MigrationId] nvarchar(150) NOT NULL,
        [ProductVersion] nvarchar(32) NOT NULL,
        CONSTRAINT [PK___EFMigrationsHistory] PRIMARY KEY ([MigrationId])
    );
END;
2026-05-25 23:11:12.520 +03:00 [INF] Executed DbCommand (0ms) [Parameters=[], CommandType='"Text"', CommandTimeout='30']
SELECT 1
2026-05-25 23:11:12.523 +03:00 [INF] Executed DbCommand (1ms) [Parameters=[], CommandType='"Text"', CommandTimeout='30']
SELECT OBJECT_ID(N'[__EFMigrationsHistory]');
2026-05-25 23:11:12.538 +03:00 [INF] Executed DbCommand (9ms) [Parameters=[], CommandType='"Text"', CommandTimeout='30']
SELECT [MigrationId], [ProductVersion]
FROM [__EFMigrationsHistory]
ORDER BY [MigrationId];
2026-05-25 23:11:12.553 +03:00 [INF] No migrations were applied. The database is already up to date.
2026-05-25 23:11:12.558 +03:00 [INF] Executed DbCommand (2ms) [Parameters=[], CommandType='"Text"', CommandTimeout='30']
DECLARE @result int;
EXEC @result = sp_releaseapplock @Resource = '__EFMigrationsLock', @LockOwner = 'Session';
SELECT @result
2026-05-25 23:11:12.898 +03:00 [INF] Executed DbCommand (4ms) [Parameters=[], CommandType='"Text"', CommandTimeout='30']
SELECT CASE
    WHEN EXISTS (
        SELECT 1
        FROM [Users] AS [u]) THEN CAST(1 AS bit)
    ELSE CAST(0 AS bit)
END
2026-05-25 23:11:13.981 +03:00 [INF] Executed DbCommand (37ms) [Parameters=[@p0='?' (Size = 4000), @p1='?' (Size = 20), @p2='?' (Size = 4000), @p3='?' (DbType = DateTime2), @p4='?' (Size = 450), @p5='?' (Size = 100), @p6='?' (DbType = Boolean), @p7='?' (Size = 4000), @p8='?' (Size = 4000), @p9='?' (Size = 4000), @p10='?' (DbType = DateTime2), @p11='?' (Size = 4000), @p12='?' (Size = 4000), @p13='?' (Size = 4000), @p14='?' (Size = 20), @p15='?' (Size = 4000), @p16='?' (DbType = DateTime2), @p17='?' (Size = 450), @p18='?' (Size = 100), @p19='?' (DbType = Boolean), @p20='?' (Size = 4000), @p21='?' (Size = 4000), @p22='?' (Size = 4000), @p23='?' (DbType = DateTime2), @p24='?' (Size = 4000), @p25='?' (Size = 4000)], CommandType='"Text"', CommandTimeout='30']
SET IMPLICIT_TRANSACTIONS OFF;
SET NOCOUNT ON;
MERGE [Users] USING (
VALUES (@p0, @p1, @p2, @p3, @p4, @p5, @p6, @p7, @p8, @p9, @p10, @p11, @p12, 0),
(@p13, @p14, @p15, @p16, @p17, @p18, @p19, @p20, @p21, @p22, @p23, @p24, @p25, 1)) AS i ([AccountType], [CarPlateNumber], [CardLastFourDigits], [CreatedAt], [Email], [FullName], [HasLinkedCard], [PasswordHash], [Phone], [RefreshToken], [RefreshTokenExpiryTime], [Role], [Status], _Position) ON 1=0
WHEN NOT MATCHED THEN
INSERT ([AccountType], [CarPlateNumber], [CardLastFourDigits], [CreatedAt], [Email], [FullName], [HasLinkedCard], [PasswordHash], [Phone], [RefreshToken], [RefreshTokenExpiryTime], [Role], [Status])
VALUES (i.[AccountType], i.[CarPlateNumber], i.[CardLastFourDigits], i.[CreatedAt], i.[Email], i.[FullName], i.[HasLinkedCard], i.[PasswordHash], i.[Phone], i.[RefreshToken], i.[RefreshTokenExpiryTime], i.[Role], i.[Status])
OUTPUT INSERTED.[Id], i._Position;
2026-05-25 23:11:14.009 +03:00 [INF] Seed users created successfully
2026-05-25 23:11:14.020 +03:00 [INF] Executed DbCommand (3ms) [Parameters=[], CommandType='"Text"', CommandTimeout='30']
SELECT CASE
    WHEN EXISTS (
        SELECT 1
        FROM [Properties] AS [p]) THEN CAST(1 AS bit)
    ELSE CAST(0 AS bit)
END
2026-05-25 23:11:14.036 +03:00 [WRN] The query uses the 'First'/'FirstOrDefault' operator without 'OrderBy' and filter operators. This may lead to unpredictable results.
2026-05-25 23:11:14.092 +03:00 [INF] Executed DbCommand (2ms) [Parameters=[], CommandType='"Text"', CommandTimeout='30']
SELECT TOP(1) [p].[Id], [p].[Bathrooms], [p].[Bedrooms], [p].[CreatedAt], [p].[Description], [p].[HasSmartParking], [p].[ImageUrl], [p].[Location], [p].[Name], [p].[Price], [p].[PricePerHour], [p].[PricePerNight], [p].[Rating], [p].[Title], [p].[TotalSpots]
FROM [Properties] AS [p]
2026-05-25 23:11:14.206 +03:00 [INF] Executed DbCommand (3ms) [Parameters=[], CommandType='"Text"', CommandTimeout='30']
SELECT COUNT(*)
FROM [ParkingSpots] AS [p]
2026-05-25 23:11:14.215 +03:00 [INF] Executed DbCommand (2ms) [Parameters=[], CommandType='"Text"', CommandTimeout='30']
SELECT CASE
    WHEN EXISTS (
        SELECT 1
        FROM [Reservations] AS [r]) THEN CAST(1 AS bit)
    ELSE CAST(0 AS bit)
END
2026-05-25 23:11:14.219 +03:00 [WRN] The query uses the 'First'/'FirstOrDefault' operator without 'OrderBy' and filter operators. This may lead to unpredictable results.
2026-05-25 23:11:14.232 +03:00 [INF] Executed DbCommand (3ms) [Parameters=[], CommandType='"Text"', CommandTimeout='30']
SELECT TOP(1) [p].[Id], [p].[Location], [p].[PricePerHour], [p].[PricePerNight], [p].[PropertyId], [p].[SpotNumber], [p].[Status], [p].[Zone]
FROM [ParkingSpots] AS [p]
2026-05-25 23:11:14.402 +03:00 [INF] Executed DbCommand (20ms) [Parameters=[@p0='?' (Size = 4000), @p1='?' (Size = 4000), @p2='?' (DbType = DateTime2), @p3='?' (DbType = DateTime2), @p4='?' (DbType = Int32), @p5='?' (DbType = Int32), @p6='?' (Size = 4000), @p7='?' (DbType = DateTime2), @p8='?' (Size = 4000), @p9='?' (Precision = 18) (Scale = 2) (DbType = Decimal), @p10='?' (DbType = Int32)], CommandType='"Text"', CommandTimeout='30']
SET IMPLICIT_TRANSACTIONS OFF;
SET NOCOUNT ON;
INSERT INTO [Reservations] ([BookingType], [CarPlateNumber], [CreatedAt], [EndTime], [ParkingSpotId], [PropertyId], [QrCodeData], [StartTime], [Status], [TotalPrice], [UserId])
OUTPUT INSERTED.[Id]
VALUES (@p0, @p1, @p2, @p3, @p4, @p5, @p6, @p7, @p8, @p9, @p10);
2026-05-25 23:11:14.462 +03:00 [ERR] An exception occurred in the database while saving changes for context type 'SmartParkingF.API.Data.ApplicationDbContext'.
Microsoft.EntityFrameworkCore.DbUpdateException: An error occurred while saving the entity changes. See the inner exception for details.
 ---> Microsoft.Data.SqlClient.SqlException (0x80131904): The INSERT statement conflicted with the FOREIGN KEY constraint "FK_Reservations_Users_UserId". The conflict occurred in database "SmartParkingDB", table "dbo.Users", column 'Id'.
   at Microsoft.Data.SqlClient.SqlConnection.OnError(SqlException exception, Boolean breakConnection, Action`1 wrapCloseInAction)
   at Microsoft.Data.SqlClient.SqlInternalConnection.OnError(SqlException exception, Boolean breakConnection, Action`1 wrapCloseInAction)
   at Microsoft.Data.SqlClient.TdsParser.ThrowExceptionAndWarning(TdsParserStateObject stateObj, SqlCommand command, Boolean callerHasConnectionLock, Boolean asyncClose)
   at Microsoft.Data.SqlClient.TdsParser.TryRun(RunBehavior runBehavior, SqlCommand cmdHandler, SqlDataReader dataStream, BulkCopySimpleResultSet bulkCopyHandler, TdsParserStateObject stateObj, Boolean& dataReady)
   at Microsoft.Data.SqlClient.SqlDataReader.TryHasMoreRows(Boolean& moreRows)
   at Microsoft.Data.SqlClient.SqlDataReader.TryReadInternal(Boolean setTimeout, Boolean& more)
   at Microsoft.Data.SqlClient.SqlDataReader.Read()
   at Microsoft.EntityFrameworkCore.Storage.RelationalDataReader.Read()
   at Microsoft.EntityFrameworkCore.Update.AffectedCountModificationCommandBatch.ConsumeResultSet(Int32 startCommandIndex, RelationalDataReader reader)
ClientConnectionId:9b5710cc-c207-4d64-bc9d-cef75aeb54b4
Error Number:547,State:0,Class:16
   --- End of inner exception stack trace ---
   at Microsoft.EntityFrameworkCore.Update.AffectedCountModificationCommandBatch.ConsumeResultSet(Int32 startCommandIndex, RelationalDataReader reader)
   at Microsoft.EntityFrameworkCore.Update.AffectedCountModificationCommandBatch.Consume(RelationalDataReader reader)
   at Microsoft.EntityFrameworkCore.Update.ReaderModificationCommandBatch.Execute(IRelationalConnection connection)
   at Microsoft.EntityFrameworkCore.SqlServer.Update.Internal.SqlServerModificationCommandBatch.Execute(IRelationalConnection connection)
   at Microsoft.EntityFrameworkCore.Update.Internal.BatchExecutor.Execute(IEnumerable`1 commandBatches, IRelationalConnection connection)
   at Microsoft.EntityFrameworkCore.Storage.RelationalDatabase.SaveChanges(IList`1 entries)
   at Microsoft.EntityFrameworkCore.ChangeTracking.Internal.StateManager.SaveChanges(IList`1 entriesToSave)
   at Microsoft.EntityFrameworkCore.ChangeTracking.Internal.StateManager.SaveChanges(StateManager stateManager, Boolean acceptAllChangesOnSuccess)
   at Microsoft.EntityFrameworkCore.ChangeTracking.Internal.StateManager.<>c.<SaveChanges>b__114_0(DbContext _, ValueTuple`2 t)
   at Microsoft.EntityFrameworkCore.SqlServer.Storage.Internal.SqlServerExecutionStrategy.Execute[TState,TResult](TState state, Func`3 operation, Func`3 verifySucceeded)
   at Microsoft.EntityFrameworkCore.ChangeTracking.Internal.StateManager.SaveChanges(Boolean acceptAllChangesOnSuccess)
   at Microsoft.EntityFrameworkCore.DbContext.SaveChanges(Boolean acceptAllChangesOnSuccess)
Microsoft.EntityFrameworkCore.DbUpdateException: An error occurred while saving the entity changes. See the inner exception for details.
 ---> Microsoft.Data.SqlClient.SqlException (0x80131904): The INSERT statement conflicted with the FOREIGN KEY constraint "FK_Reservations_Users_UserId". The conflict occurred in database "SmartParkingDB", table "dbo.Users", column 'Id'.
   at Microsoft.Data.SqlClient.SqlConnection.OnError(SqlException exception, Boolean breakConnection, Action`1 wrapCloseInAction)
   at Microsoft.Data.SqlClient.SqlInternalConnection.OnError(SqlException exception, Boolean breakConnection, Action`1 wrapCloseInAction)
   at Microsoft.Data.SqlClient.TdsParser.ThrowExceptionAndWarning(TdsParserStateObject stateObj, SqlCommand command, Boolean callerHasConnectionLock, Boolean asyncClose)
   at Microsoft.Data.SqlClient.TdsParser.TryRun(RunBehavior runBehavior, SqlCommand cmdHandler, SqlDataReader dataStream, BulkCopySimpleResultSet bulkCopyHandler, TdsParserStateObject stateObj, Boolean& dataReady)
   at Microsoft.Data.SqlClient.SqlDataReader.TryHasMoreRows(Boolean& moreRows)
   at Microsoft.Data.SqlClient.SqlDataReader.TryReadInternal(Boolean setTimeout, Boolean& more)
   at Microsoft.Data.SqlClient.SqlDataReader.Read()
   at Microsoft.EntityFrameworkCore.Storage.RelationalDataReader.Read()
   at Microsoft.EntityFrameworkCore.Update.AffectedCountModificationCommandBatch.ConsumeResultSet(Int32 startCommandIndex, RelationalDataReader reader)
ClientConnectionId:9b5710cc-c207-4d64-bc9d-cef75aeb54b4
Error Number:547,State:0,Class:16
   --- End of inner exception stack trace ---
   at Microsoft.EntityFrameworkCore.Update.AffectedCountModificationCommandBatch.ConsumeResultSet(Int32 startCommandIndex, RelationalDataReader reader)
   at Microsoft.EntityFrameworkCore.Update.AffectedCountModificationCommandBatch.Consume(RelationalDataReader reader)
   at Microsoft.EntityFrameworkCore.Update.ReaderModificationCommandBatch.Execute(IRelationalConnection connection)
   at Microsoft.EntityFrameworkCore.SqlServer.Update.Internal.SqlServerModificationCommandBatch.Execute(IRelationalConnection connection)
   at Microsoft.EntityFrameworkCore.Update.Internal.BatchExecutor.Execute(IEnumerable`1 commandBatches, IRelationalConnection connection)
   at Microsoft.EntityFrameworkCore.Storage.RelationalDatabase.SaveChanges(IList`1 entries)
   at Microsoft.EntityFrameworkCore.ChangeTracking.Internal.StateManager.SaveChanges(IList`1 entriesToSave)
   at Microsoft.EntityFrameworkCore.ChangeTracking.Internal.StateManager.SaveChanges(StateManager stateManager, Boolean acceptAllChangesOnSuccess)
   at Microsoft.EntityFrameworkCore.ChangeTracking.Internal.StateManager.<>c.<SaveChanges>b__114_0(DbContext _, ValueTuple`2 t)
   at Microsoft.EntityFrameworkCore.SqlServer.Storage.Internal.SqlServerExecutionStrategy.Execute[TState,TResult](TState state, Func`3 operation, Func`3 verifySucceeded)
   at Microsoft.EntityFrameworkCore.ChangeTracking.Internal.StateManager.SaveChanges(Boolean acceptAllChangesOnSuccess)
   at Microsoft.EntityFrameworkCore.DbContext.SaveChanges(Boolean acceptAllChangesOnSuccess)
2026-05-25 23:11:14.530 +03:00 [ERR] An error occurred while seeding the database
Microsoft.EntityFrameworkCore.DbUpdateException: An error occurred while saving the entity changes. See the inner exception for details.
 ---> Microsoft.Data.SqlClient.SqlException (0x80131904): The INSERT statement conflicted with the FOREIGN KEY constraint "FK_Reservations_Users_UserId". The conflict occurred in database "SmartParkingDB", table "dbo.Users", column 'Id'.
   at Microsoft.Data.SqlClient.SqlConnection.OnError(SqlException exception, Boolean breakConnection, Action`1 wrapCloseInAction)
   at Microsoft.Data.SqlClient.SqlInternalConnection.OnError(SqlException exception, Boolean breakConnection, Action`1 wrapCloseInAction)
   at Microsoft.Data.SqlClient.TdsParser.ThrowExceptionAndWarning(TdsParserStateObject stateObj, SqlCommand command, Boolean callerHasConnectionLock, Boolean asyncClose)
   at Microsoft.Data.SqlClient.TdsParser.TryRun(RunBehavior runBehavior, SqlCommand cmdHandler, SqlDataReader dataStream, BulkCopySimpleResultSet bulkCopyHandler, TdsParserStateObject stateObj, Boolean& dataReady)
   at Microsoft.Data.SqlClient.SqlDataReader.TryHasMoreRows(Boolean& moreRows)
   at Microsoft.Data.SqlClient.SqlDataReader.TryReadInternal(Boolean setTimeout, Boolean& more)
   at Microsoft.Data.SqlClient.SqlDataReader.Read()
   at Microsoft.EntityFrameworkCore.Storage.RelationalDataReader.Read()
   at Microsoft.EntityFrameworkCore.Update.AffectedCountModificationCommandBatch.ConsumeResultSet(Int32 startCommandIndex, RelationalDataReader reader)
ClientConnectionId:9b5710cc-c207-4d64-bc9d-cef75aeb54b4
Error Number:547,State:0,Class:16
   --- End of inner exception stack trace ---
   at Microsoft.EntityFrameworkCore.Update.AffectedCountModificationCommandBatch.ConsumeResultSet(Int32 startCommandIndex, RelationalDataReader reader)
   at Microsoft.EntityFrameworkCore.Update.AffectedCountModificationCommandBatch.Consume(RelationalDataReader reader)
   at Microsoft.EntityFrameworkCore.Update.ReaderModificationCommandBatch.Execute(IRelationalConnection connection)
   at Microsoft.EntityFrameworkCore.SqlServer.Update.Internal.SqlServerModificationCommandBatch.Execute(IRelationalConnection connection)
   at Microsoft.EntityFrameworkCore.Update.Internal.BatchExecutor.Execute(IEnumerable`1 commandBatches, IRelationalConnection connection)
   at Microsoft.EntityFrameworkCore.Storage.RelationalDatabase.SaveChanges(IList`1 entries)
   at Microsoft.EntityFrameworkCore.ChangeTracking.Internal.StateManager.SaveChanges(IList`1 entriesToSave)
   at Microsoft.EntityFrameworkCore.ChangeTracking.Internal.StateManager.SaveChanges(StateManager stateManager, Boolean acceptAllChangesOnSuccess)
   at Microsoft.EntityFrameworkCore.ChangeTracking.Internal.StateManager.<>c.<SaveChanges>b__114_0(DbContext _, ValueTuple`2 t)
   at Microsoft.EntityFrameworkCore.SqlServer.Storage.Internal.SqlServerExecutionStrategy.Execute[TState,TResult](TState state, Func`3 operation, Func`3 verifySucceeded)
   at Microsoft.EntityFrameworkCore.ChangeTracking.Internal.StateManager.SaveChanges(Boolean acceptAllChangesOnSuccess)
   at Microsoft.EntityFrameworkCore.DbContext.SaveChanges(Boolean acceptAllChangesOnSuccess)
   at Microsoft.EntityFrameworkCore.DbContext.SaveChanges()
   at Program.<Main>$(String[] args) in C:\Users\DELL\OneDrive\Desktop\New folder (3) (3)\New folder (3)\SmartParkingandProperty\SmartParkingF.API-main\SmartParkingF.API-main\Program.cs:line 186
2026-05-25 23:11:14.586 +03:00 [INF] User profile is available. Using 'C:\Users\DELL\AppData\Local\ASP.NET\DataProtection-Keys' as key repository and Windows DPAPI to encrypt keys at rest.
2026-05-25 23:11:14.919 +03:00 [INF] Now listening on: https://localhost:7144
2026-05-25 23:11:14.920 +03:00 [INF] Now listening on: http://localhost:5144
2026-05-25 23:11:15.267 +03:00 [INF] Application started. Press Ctrl+C to shut down.
2026-05-25 23:11:15.268 +03:00 [INF] Hosting environment: Development
2026-05-25 23:11:15.269 +03:00 [INF] Content root path: C:\Users\DELL\OneDrive\Desktop\New folder (3) (3)\New folder (3)\SmartParkingandProperty\SmartParkingF.API-main\SmartParkingF.API-main
2026-05-25 23:11:21.799 +03:00 [INF] Request starting HTTP/2 OPTIONS https://localhost:7144/api/users/login - null null
2026-05-25 23:11:21.835 +03:00 [INF] CORS policy execution successful.
2026-05-25 23:11:21.843 +03:00 [INF] HTTP OPTIONS /api/users/login responded 204 in 7.8276 ms
2026-05-25 23:11:21.852 +03:00 [INF] Request finished HTTP/2 OPTIONS https://localhost:7144/api/users/login - 204 null null 60.2317ms
2026-05-25 23:11:21.862 +03:00 [INF] Request starting HTTP/2 POST https://localhost:7144/api/users/login - application/json 54
2026-05-25 23:11:21.868 +03:00 [INF] CORS policy execution successful.
2026-05-25 23:11:21.973 +03:00 [INF] Executing endpoint 'SmartParkingF.API.Controllers.UsersController.Login (SmartParkingF.API)'
2026-05-25 23:11:22.003 +03:00 [INF] Route matched with {action = "Login", controller = "Users"}. Executing controller action with signature System.Threading.Tasks.Task`1[Microsoft.AspNetCore.Mvc.IActionResult] Login(SmartParkingF.API.Models.DTOs.LoginRequest) on controller SmartParkingF.API.Controllers.UsersController (SmartParkingF.API).
2026-05-25 23:11:22.212 +03:00 [INF] Executed DbCommand (36ms) [Parameters=[@cleanEmail='?' (Size = 450)], CommandType='"Text"', CommandTimeout='30']
SELECT TOP(1) [u].[Id], [u].[AccountType], [u].[CarPlateNumber], [u].[CardLastFourDigits], [u].[CreatedAt], [u].[Email], [u].[FullName], [u].[HasLinkedCard], [u].[PasswordHash], [u].[Phone], [u].[RefreshToken], [u].[RefreshTokenExpiryTime], [u].[Role], [u].[Status]
FROM [Users] AS [u]
WHERE LOWER([u].[Email]) = @cleanEmail AND [u].[Status] = N'Active'
2026-05-25 23:11:22.674 +03:00 [INF] Executed DbCommand (6ms) [Parameters=[@p2='?' (DbType = Int32), @p0='?' (Size = 4000), @p1='?' (DbType = DateTime2)], CommandType='"Text"', CommandTimeout='30']
SET IMPLICIT_TRANSACTIONS OFF;
SET NOCOUNT ON;
UPDATE [Users] SET [RefreshToken] = @p0, [RefreshTokenExpiryTime] = @p1
OUTPUT 1
WHERE [Id] = @p2;
2026-05-25 23:11:22.693 +03:00 [INF] User 1 logged in successfully
2026-05-25 23:11:22.707 +03:00 [INF] Executing OkObjectResult, writing value of type 'SmartParkingF.API.Models.DTOs.AuthResponse'.
2026-05-25 23:11:22.728 +03:00 [INF] Executed action SmartParkingF.API.Controllers.UsersController.Login (SmartParkingF.API) in 717.8415ms
2026-05-25 23:11:22.730 +03:00 [INF] Executed endpoint 'SmartParkingF.API.Controllers.UsersController.Login (SmartParkingF.API)'
2026-05-25 23:11:22.733 +03:00 [INF] HTTP POST /api/users/login responded 200 in 864.7880 ms
2026-05-25 23:11:22.743 +03:00 [INF] Request finished HTTP/2 POST https://localhost:7144/api/users/login - 200 null application/json; charset=utf-8 881.0604ms
2026-05-25 23:11:22.797 +03:00 [INF] Request starting HTTP/2 OPTIONS https://localhost:7144/api/users - null null
2026-05-25 23:11:22.797 +03:00 [INF] Request starting HTTP/2 OPTIONS https://localhost:7144/api/users - null null
2026-05-25 23:11:22.805 +03:00 [INF] CORS policy execution successful.
2026-05-25 23:11:22.806 +03:00 [INF] CORS policy execution successful.
2026-05-25 23:11:22.806 +03:00 [INF] HTTP OPTIONS /api/users responded 204 in 1.8856 ms
2026-05-25 23:11:22.807 +03:00 [INF] HTTP OPTIONS /api/users responded 204 in 1.2668 ms
2026-05-25 23:11:22.809 +03:00 [INF] Request finished HTTP/2 OPTIONS https://localhost:7144/api/users - 204 null null 11.5055ms
2026-05-25 23:11:22.811 +03:00 [INF] Request finished HTTP/2 OPTIONS https://localhost:7144/api/users - 204 null null 13.2039ms
2026-05-25 23:11:22.812 +03:00 [INF] Request starting HTTP/2 GET https://localhost:7144/api/users - null null
2026-05-25 23:11:22.820 +03:00 [INF] CORS policy execution successful.
2026-05-25 23:11:22.888 +03:00 [INF] Executing endpoint 'SmartParkingF.API.Controllers.UsersController.GetUsers (SmartParkingF.API)'
2026-05-25 23:11:22.900 +03:00 [INF] Route matched with {action = "GetUsers", controller = "Users"}. Executing controller action with signature System.Threading.Tasks.Task`1[Microsoft.AspNetCore.Mvc.ActionResult`1[System.Collections.Generic.IEnumerable`1[System.Object]]] GetUsers() on controller SmartParkingF.API.Controllers.UsersController (SmartParkingF.API).
2026-05-25 23:11:23.033 +03:00 [INF] Executed DbCommand (2ms) [Parameters=[], CommandType='"Text"', CommandTimeout='30']
SELECT [u].[Id], [u].[FullName], [u].[Email], [u].[Phone], [u].[Role], [u].[Status], [u].[AccountType], [u].[CreatedAt], [u].[HasLinkedCard]
FROM [Users] AS [u]
2026-05-25 23:11:23.040 +03:00 [INF] Executing OkObjectResult, writing value of type 'System.Collections.Generic.List`1[[<>f__AnonymousType21`9[[System.Int32, System.Private.CoreLib, Version=10.0.0.0, Culture=neutral, PublicKeyToken=7cec85d7bea7798e],[System.String, System.Private.CoreLib, Version=10.0.0.0, Culture=neutral, PublicKeyToken=7cec85d7bea7798e],[System.String, System.Private.CoreLib, Version=10.0.0.0, Culture=neutral, PublicKeyToken=7cec85d7bea7798e],[System.String, System.Private.CoreLib, Version=10.0.0.0, Culture=neutral, PublicKeyToken=7cec85d7bea7798e],[System.String, System.Private.CoreLib, Version=10.0.0.0, Culture=neutral, PublicKeyToken=7cec85d7bea7798e],[System.String, System.Private.CoreLib, Version=10.0.0.0, Culture=neutral, PublicKeyToken=7cec85d7bea7798e],[System.String, System.Private.CoreLib, Version=10.0.0.0, Culture=neutral, PublicKeyToken=7cec85d7bea7798e],[System.DateTime, System.Private.CoreLib, Version=10.0.0.0, Culture=neutral, PublicKeyToken=7cec85d7bea7798e],[System.Boolean, System.Private.CoreLib, Version=10.0.0.0, Culture=neutral, PublicKeyToken=7cec85d7bea7798e]], SmartParkingF.API, Version=1.0.0.0, Culture=neutral, PublicKeyToken=null]]'.
2026-05-25 23:11:23.052 +03:00 [INF] Executed action SmartParkingF.API.Controllers.UsersController.GetUsers (SmartParkingF.API) in 149.7457ms
2026-05-25 23:11:23.055 +03:00 [INF] Request starting HTTP/2 GET https://localhost:7144/api/users - null null
2026-05-25 23:11:23.055 +03:00 [INF] Executed endpoint 'SmartParkingF.API.Controllers.UsersController.GetUsers (SmartParkingF.API)'
2026-05-25 23:11:23.061 +03:00 [INF] CORS policy execution successful.
2026-05-25 23:11:23.062 +03:00 [INF] HTTP GET /api/users responded 200 in 242.3629 ms
2026-05-25 23:11:23.066 +03:00 [INF] Request finished HTTP/2 GET https://localhost:7144/api/users - 200 null application/json; charset=utf-8 254.2382ms
2026-05-25 23:11:23.070 +03:00 [INF] Executing endpoint 'SmartParkingF.API.Controllers.UsersController.GetUsers (SmartParkingF.API)'
2026-05-25 23:11:23.071 +03:00 [INF] Route matched with {action = "GetUsers", controller = "Users"}. Executing controller action with signature System.Threading.Tasks.Task`1[Microsoft.AspNetCore.Mvc.ActionResult`1[System.Collections.Generic.IEnumerable`1[System.Object]]] GetUsers() on controller SmartParkingF.API.Controllers.UsersController (SmartParkingF.API).
2026-05-25 23:11:23.081 +03:00 [INF] Executed DbCommand (0ms) [Parameters=[], CommandType='"Text"', CommandTimeout='30']
SELECT [u].[Id], [u].[FullName], [u].[Email], [u].[Phone], [u].[Role], [u].[Status], [u].[AccountType], [u].[CreatedAt], [u].[HasLinkedCard]
FROM [Users] AS [u]
2026-05-25 23:11:23.083 +03:00 [INF] Executing OkObjectResult, writing value of type 'System.Collections.Generic.List`1[[<>f__AnonymousType21`9[[System.Int32, System.Private.CoreLib, Version=10.0.0.0, Culture=neutral, PublicKeyToken=7cec85d7bea7798e],[System.String, System.Private.CoreLib, Version=10.0.0.0, Culture=neutral, PublicKeyToken=7cec85d7bea7798e],[System.String, System.Private.CoreLib, Version=10.0.0.0, Culture=neutral, PublicKeyToken=7cec85d7bea7798e],[System.String, System.Private.CoreLib, Version=10.0.0.0, Culture=neutral, PublicKeyToken=7cec85d7bea7798e],[System.String, System.Private.CoreLib, Version=10.0.0.0, Culture=neutral, PublicKeyToken=7cec85d7bea7798e],[System.String, System.Private.CoreLib, Version=10.0.0.0, Culture=neutral, PublicKeyToken=7cec85d7bea7798e],[System.String, System.Private.CoreLib, Version=10.0.0.0, Culture=neutral, PublicKeyToken=7cec85d7bea7798e],[System.DateTime, System.Private.CoreLib, Version=10.0.0.0, Culture=neutral, PublicKeyToken=7cec85d7bea7798e],[System.Boolean, System.Private.CoreLib, Version=10.0.0.0, Culture=neutral, PublicKeyToken=7cec85d7bea7798e]], SmartParkingF.API, Version=1.0.0.0, Culture=neutral, PublicKeyToken=null]]'.
2026-05-25 23:11:23.085 +03:00 [INF] Executed action SmartParkingF.API.Controllers.UsersController.GetUsers (SmartParkingF.API) in 11.4116ms
2026-05-25 23:11:23.086 +03:00 [INF] Executed endpoint 'SmartParkingF.API.Controllers.UsersController.GetUsers (SmartParkingF.API)'
2026-05-25 23:11:23.087 +03:00 [INF] HTTP GET /api/users responded 200 in 26.7290 ms
2026-05-25 23:11:23.089 +03:00 [INF] Request finished HTTP/2 GET https://localhost:7144/api/users - 200 null application/json; charset=utf-8 34.5428ms
2026-05-25 23:11:25.969 +03:00 [INF] Request starting HTTP/2 GET https://localhost:7144/api/Properties - null null
2026-05-25 23:11:25.972 +03:00 [INF] Request starting HTTP/2 GET https://localhost:7144/api/Properties - null null
2026-05-25 23:11:25.979 +03:00 [INF] CORS policy execution successful.
2026-05-25 23:11:25.981 +03:00 [INF] CORS policy execution successful.
2026-05-25 23:11:25.982 +03:00 [INF] Executing endpoint 'SmartParkingF.API.Controllers.PropertiesController.GetProperties (SmartParkingF.API)'
2026-05-25 23:11:25.983 +03:00 [INF] Executing endpoint 'SmartParkingF.API.Controllers.PropertiesController.GetProperties (SmartParkingF.API)'
2026-05-25 23:11:25.993 +03:00 [INF] Route matched with {action = "GetProperties", controller = "Properties"}. Executing controller action with signature System.Threading.Tasks.Task`1[Microsoft.AspNetCore.Mvc.IActionResult] GetProperties() on controller SmartParkingF.API.Controllers.PropertiesController (SmartParkingF.API).
2026-05-25 23:11:25.993 +03:00 [INF] Route matched with {action = "GetProperties", controller = "Properties"}. Executing controller action with signature System.Threading.Tasks.Task`1[Microsoft.AspNetCore.Mvc.IActionResult] GetProperties() on controller SmartParkingF.API.Controllers.PropertiesController (SmartParkingF.API).
2026-05-25 23:11:26.010 +03:00 [INF] Executed DbCommand (5ms) [Parameters=[], CommandType='"Text"', CommandTimeout='30']
SELECT [p].[Id], [p].[Bathrooms], [p].[Bedrooms], [p].[CreatedAt], [p].[Description], [p].[HasSmartParking], [p].[ImageUrl], [p].[Location], [p].[Name], [p].[Price], [p].[PricePerHour], [p].[PricePerNight], [p].[Rating], [p].[Title], [p].[TotalSpots]
FROM [Properties] AS [p]
2026-05-25 23:11:26.013 +03:00 [INF] Executing OkObjectResult, writing value of type 'System.Collections.Generic.List`1[[SmartParkingF.API.Models.Property, SmartParkingF.API, Version=1.0.0.0, Culture=neutral, PublicKeyToken=null]]'.
2026-05-25 23:11:26.021 +03:00 [INF] Executed DbCommand (1ms) [Parameters=[], CommandType='"Text"', CommandTimeout='30']
SELECT [p].[Id], [p].[Bathrooms], [p].[Bedrooms], [p].[CreatedAt], [p].[Description], [p].[HasSmartParking], [p].[ImageUrl], [p].[Location], [p].[Name], [p].[Price], [p].[PricePerHour], [p].[PricePerNight], [p].[Rating], [p].[Title], [p].[TotalSpots]
FROM [Properties] AS [p]
2026-05-25 23:11:26.025 +03:00 [INF] Executing OkObjectResult, writing value of type 'System.Collections.Generic.List`1[[SmartParkingF.API.Models.Property, SmartParkingF.API, Version=1.0.0.0, Culture=neutral, PublicKeyToken=null]]'.
2026-05-25 23:11:26.042 +03:00 [INF] Executed action SmartParkingF.API.Controllers.PropertiesController.GetProperties (SmartParkingF.API) in 46.5018ms
2026-05-25 23:11:26.045 +03:00 [INF] Executed endpoint 'SmartParkingF.API.Controllers.PropertiesController.GetProperties (SmartParkingF.API)'
2026-05-25 23:11:26.047 +03:00 [INF] HTTP GET /api/Properties responded 200 in 65.8910 ms
2026-05-25 23:11:26.049 +03:00 [INF] Executed action SmartParkingF.API.Controllers.PropertiesController.GetProperties (SmartParkingF.API) in 51.4779ms
2026-05-25 23:11:26.050 +03:00 [INF] Request finished HTTP/2 GET https://localhost:7144/api/Properties - 200 null application/json; charset=utf-8 77.6393ms
2026-05-25 23:11:26.051 +03:00 [INF] Executed endpoint 'SmartParkingF.API.Controllers.PropertiesController.GetProperties (SmartParkingF.API)'
2026-05-25 23:11:26.055 +03:00 [INF] HTTP GET /api/Properties responded 200 in 76.2071 ms
2026-05-25 23:11:26.057 +03:00 [INF] Request finished HTTP/2 GET https://localhost:7144/api/Properties - 499 null application/json; charset=utf-8 88.3534ms
2026-05-25 23:11:27.196 +03:00 [INF] Request starting HTTP/2 OPTIONS https://localhost:7144/api/ParkingSpots - null null
2026-05-25 23:11:27.197 +03:00 [INF] Request starting HTTP/2 OPTIONS https://localhost:7144/api/ParkingSpots - null null
2026-05-25 23:11:27.202 +03:00 [INF] CORS policy execution successful.
2026-05-25 23:11:27.204 +03:00 [INF] CORS policy execution successful.
2026-05-25 23:11:27.205 +03:00 [INF] HTTP OPTIONS /api/ParkingSpots responded 204 in 3.6715 ms
2026-05-25 23:11:27.206 +03:00 [INF] HTTP OPTIONS /api/ParkingSpots responded 204 in 1.8459 ms
2026-05-25 23:11:27.208 +03:00 [INF] Request finished HTTP/2 OPTIONS https://localhost:7144/api/ParkingSpots - 204 null null 12.1256ms
2026-05-25 23:11:27.212 +03:00 [INF] Request finished HTTP/2 OPTIONS https://localhost:7144/api/ParkingSpots - 204 null null 14.9689ms
2026-05-25 23:11:27.212 +03:00 [INF] Request starting HTTP/2 GET https://localhost:7144/api/ParkingSpots - null null
2026-05-25 23:11:27.220 +03:00 [INF] CORS policy execution successful.
2026-05-25 23:11:27.221 +03:00 [INF] Executing endpoint 'SmartParkingF.API.Controllers.ParkingSpotsController.GetAll (SmartParkingF.API)'
2026-05-25 23:11:27.231 +03:00 [INF] Route matched with {action = "GetAll", controller = "ParkingSpots"}. Executing controller action with signature System.Threading.Tasks.Task`1[Microsoft.AspNetCore.Mvc.ActionResult`1[System.Collections.Generic.IEnumerable`1[SmartParkingF.API.Models.ParkingSpot]]] GetAll() on controller SmartParkingF.API.Controllers.ParkingSpotsController (SmartParkingF.API).
2026-05-25 23:11:27.248 +03:00 [INF] Executed DbCommand (3ms) [Parameters=[], CommandType='"Text"', CommandTimeout='30']
SELECT [p].[Id], [p].[Location], [p].[PricePerHour], [p].[PricePerNight], [p].[PropertyId], [p].[SpotNumber], [p].[Status], [p].[Zone]
FROM [ParkingSpots] AS [p]
2026-05-25 23:11:27.256 +03:00 [INF] Executing ObjectResult, writing value of type 'System.Collections.Generic.List`1[[SmartParkingF.API.Models.ParkingSpot, SmartParkingF.API, Version=1.0.0.0, Culture=neutral, PublicKeyToken=null]]'.
2026-05-25 23:11:27.271 +03:00 [INF] Executed action SmartParkingF.API.Controllers.ParkingSpotsController.GetAll (SmartParkingF.API) in 37.41ms
2026-05-25 23:11:27.271 +03:00 [INF] Request starting HTTP/2 GET https://localhost:7144/api/ParkingSpots - null null
2026-05-25 23:11:27.273 +03:00 [INF] Executed endpoint 'SmartParkingF.API.Controllers.ParkingSpotsController.GetAll (SmartParkingF.API)'
2026-05-25 23:11:27.275 +03:00 [INF] CORS policy execution successful.
2026-05-25 23:11:27.277 +03:00 [INF] HTTP GET /api/ParkingSpots responded 200 in 56.5133 ms
2026-05-25 23:11:27.278 +03:00 [INF] Executing endpoint 'SmartParkingF.API.Controllers.ParkingSpotsController.GetAll (SmartParkingF.API)'
2026-05-25 23:11:27.279 +03:00 [INF] Request finished HTTP/2 GET https://localhost:7144/api/ParkingSpots - 200 null application/json; charset=utf-8 67.3125ms
2026-05-25 23:11:27.280 +03:00 [INF] Route matched with {action = "GetAll", controller = "ParkingSpots"}. Executing controller action with signature System.Threading.Tasks.Task`1[Microsoft.AspNetCore.Mvc.ActionResult`1[System.Collections.Generic.IEnumerable`1[SmartParkingF.API.Models.ParkingSpot]]] GetAll() on controller SmartParkingF.API.Controllers.ParkingSpotsController (SmartParkingF.API).
2026-05-25 23:11:27.286 +03:00 [INF] Executed DbCommand (1ms) [Parameters=[], CommandType='"Text"', CommandTimeout='30']
SELECT [p].[Id], [p].[Location], [p].[PricePerHour], [p].[PricePerNight], [p].[PropertyId], [p].[SpotNumber], [p].[Status], [p].[Zone]
FROM [ParkingSpots] AS [p]
2026-05-25 23:11:27.290 +03:00 [INF] Executing ObjectResult, writing value of type 'System.Collections.Generic.List`1[[SmartParkingF.API.Models.ParkingSpot, SmartParkingF.API, Version=1.0.0.0, Culture=neutral, PublicKeyToken=null]]'.
2026-05-25 23:11:27.296 +03:00 [INF] Executed action SmartParkingF.API.Controllers.ParkingSpotsController.GetAll (SmartParkingF.API) in 10.8831ms
2026-05-25 23:11:27.297 +03:00 [INF] Executed endpoint 'SmartParkingF.API.Controllers.ParkingSpotsController.GetAll (SmartParkingF.API)'
2026-05-25 23:11:27.298 +03:00 [INF] HTTP GET /api/ParkingSpots responded 200 in 22.2992 ms
2026-05-25 23:11:27.300 +03:00 [INF] Request finished HTTP/2 GET https://localhost:7144/api/ParkingSpots - 200 null application/json; charset=utf-8 28.4828ms
2026-05-25 23:11:28.112 +03:00 [INF] Request starting HTTP/2 GET https://localhost:7144/api/Reports/financial-summary - null null
2026-05-25 23:11:28.123 +03:00 [INF] CORS policy execution successful.
2026-05-25 23:11:28.124 +03:00 [INF] Executing endpoint 'SmartParkingF.API.Controllers.ReportsController.GetFinancialSummary (SmartParkingF.API)'
2026-05-25 23:11:28.134 +03:00 [INF] Route matched with {action = "GetFinancialSummary", controller = "Reports"}. Executing controller action with signature System.Threading.Tasks.Task`1[Microsoft.AspNetCore.Mvc.IActionResult] GetFinancialSummary() on controller SmartParkingF.API.Controllers.ReportsController (SmartParkingF.API).
2026-05-25 23:11:28.156 +03:00 [INF] Executed DbCommand (3ms) [Parameters=[], CommandType='"Text"', CommandTimeout='30']
SELECT COALESCE(SUM([r].[TotalPrice]), 0.0)
FROM [Reservations] AS [r]
2026-05-25 23:11:28.172 +03:00 [INF] Executed DbCommand (2ms) [Parameters=[], CommandType='"Text"', CommandTimeout='30']
SELECT COUNT(*)
FROM [Reservations] AS [r]
2026-05-25 23:11:28.189 +03:00 [INF] Executed DbCommand (7ms) [Parameters=[], CommandType='"Text"', CommandTimeout='30']
SELECT COUNT(*)
FROM [ParkingSpots] AS [p]
WHERE [p].[Status] = N'Occupied'
2026-05-25 23:11:28.199 +03:00 [INF] Executed DbCommand (2ms) [Parameters=[], CommandType='"Text"', CommandTimeout='30']
SELECT COUNT(*)
FROM [ParkingSpots] AS [p]
2026-05-25 23:11:28.272 +03:00 [INF] Executed DbCommand (4ms) [Parameters=[@p='?' (DbType = Int32)], CommandType='"Text"', CommandTimeout='30']
SELECT [p].[Name], [p0].[SpotNumber], GETDATE(), [r0].[TotalPrice]
FROM (
    SELECT TOP(@p) [r].[Id], [r].[ParkingSpotId], [r].[PropertyId], [r].[TotalPrice]
    FROM [Reservations] AS [r]
    ORDER BY [r].[Id] DESC
) AS [r0]
INNER JOIN [Properties] AS [p] ON [r0].[PropertyId] = [p].[Id]
LEFT JOIN [ParkingSpots] AS [p0] ON [r0].[ParkingSpotId] = [p0].[Id]
ORDER BY [r0].[Id] DESC
2026-05-25 23:11:28.277 +03:00 [INF] Executing OkObjectResult, writing value of type '<>f__AnonymousType8`4[[System.Decimal, System.Private.CoreLib, Version=10.0.0.0, Culture=neutral, PublicKeyToken=7cec85d7bea7798e],[System.Int32, System.Private.CoreLib, Version=10.0.0.0, Culture=neutral, PublicKeyToken=7cec85d7bea7798e],[System.String, System.Private.CoreLib, Version=10.0.0.0, Culture=neutral, PublicKeyToken=7cec85d7bea7798e],[System.Collections.Generic.List`1[[<>f__AnonymousType7`5[[System.String, System.Private.CoreLib, Version=10.0.0.0, Culture=neutral, PublicKeyToken=7cec85d7bea7798e],[System.String, System.Private.CoreLib, Version=10.0.0.0, Culture=neutral, PublicKeyToken=7cec85d7bea7798e],[System.String, System.Private.CoreLib, Version=10.0.0.0, Culture=neutral, PublicKeyToken=7cec85d7bea7798e],[System.Decimal, System.Private.CoreLib, Version=10.0.0.0, Culture=neutral, PublicKeyToken=7cec85d7bea7798e],[System.String, System.Private.CoreLib, Version=10.0.0.0, Culture=neutral, PublicKeyToken=7cec85d7bea7798e]], SmartParkingF.API, Version=1.0.0.0, Culture=neutral, PublicKeyToken=null]], System.Private.CoreLib, Version=10.0.0.0, Culture=neutral, PublicKeyToken=7cec85d7bea7798e]]'.
2026-05-25 23:11:28.283 +03:00 [INF] Executed action SmartParkingF.API.Controllers.ReportsController.GetFinancialSummary (SmartParkingF.API) in 147.6583ms
2026-05-25 23:11:28.285 +03:00 [INF] Request starting HTTP/2 GET https://localhost:7144/api/Reports/financial-summary - null null
2026-05-25 23:11:28.285 +03:00 [INF] Executed endpoint 'SmartParkingF.API.Controllers.ReportsController.GetFinancialSummary (SmartParkingF.API)'
2026-05-25 23:11:28.289 +03:00 [INF] CORS policy execution successful.
2026-05-25 23:11:28.290 +03:00 [INF] HTTP GET /api/Reports/financial-summary responded 200 in 167.3595 ms
2026-05-25 23:11:28.292 +03:00 [INF] Executing endpoint 'SmartParkingF.API.Controllers.ReportsController.GetFinancialSummary (SmartParkingF.API)'
2026-05-25 23:11:28.294 +03:00 [INF] Request finished HTTP/2 GET https://localhost:7144/api/Reports/financial-summary - 200 null application/json; charset=utf-8 181.588ms
2026-05-25 23:11:28.295 +03:00 [INF] Route matched with {action = "GetFinancialSummary", controller = "Reports"}. Executing controller action with signature System.Threading.Tasks.Task`1[Microsoft.AspNetCore.Mvc.IActionResult] GetFinancialSummary() on controller SmartParkingF.API.Controllers.ReportsController (SmartParkingF.API).
2026-05-25 23:11:28.302 +03:00 [INF] Executed DbCommand (1ms) [Parameters=[], CommandType='"Text"', CommandTimeout='30']
SELECT COALESCE(SUM([r].[TotalPrice]), 0.0)
FROM [Reservations] AS [r]
2026-05-25 23:11:28.305 +03:00 [INF] Executed DbCommand (1ms) [Parameters=[], CommandType='"Text"', CommandTimeout='30']
SELECT COUNT(*)
FROM [Reservations] AS [r]
2026-05-25 23:11:28.309 +03:00 [INF] Executed DbCommand (1ms) [Parameters=[], CommandType='"Text"', CommandTimeout='30']
SELECT COUNT(*)
FROM [ParkingSpots] AS [p]
WHERE [p].[Status] = N'Occupied'
2026-05-25 23:11:28.313 +03:00 [INF] Executed DbCommand (1ms) [Parameters=[], CommandType='"Text"', CommandTimeout='30']
SELECT COUNT(*)
FROM [ParkingSpots] AS [p]
2026-05-25 23:11:28.317 +03:00 [INF] Executed DbCommand (1ms) [Parameters=[@p='?' (DbType = Int32)], CommandType='"Text"', CommandTimeout='30']
SELECT [p].[Name], [p0].[SpotNumber], GETDATE(), [r0].[TotalPrice]
FROM (
    SELECT TOP(@p) [r].[Id], [r].[ParkingSpotId], [r].[PropertyId], [r].[TotalPrice]
    FROM [Reservations] AS [r]
    ORDER BY [r].[Id] DESC
) AS [r0]
INNER JOIN [Properties] AS [p] ON [r0].[PropertyId] = [p].[Id]
LEFT JOIN [ParkingSpots] AS [p0] ON [r0].[ParkingSpotId] = [p0].[Id]
ORDER BY [r0].[Id] DESC
2026-05-25 23:11:28.319 +03:00 [INF] Executing OkObjectResult, writing value of type '<>f__AnonymousType8`4[[System.Decimal, System.Private.CoreLib, Version=10.0.0.0, Culture=neutral, PublicKeyToken=7cec85d7bea7798e],[System.Int32, System.Private.CoreLib, Version=10.0.0.0, Culture=neutral, PublicKeyToken=7cec85d7bea7798e],[System.String, System.Private.CoreLib, Version=10.0.0.0, Culture=neutral, PublicKeyToken=7cec85d7bea7798e],[System.Collections.Generic.List`1[[<>f__AnonymousType7`5[[System.String, System.Private.CoreLib, Version=10.0.0.0, Culture=neutral, PublicKeyToken=7cec85d7bea7798e],[System.String, System.Private.CoreLib, Version=10.0.0.0, Culture=neutral, PublicKeyToken=7cec85d7bea7798e],[System.String, System.Private.CoreLib, Version=10.0.0.0, Culture=neutral, PublicKeyToken=7cec85d7bea7798e],[System.Decimal, System.Private.CoreLib, Version=10.0.0.0, Culture=neutral, PublicKeyToken=7cec85d7bea7798e],[System.String, System.Private.CoreLib, Version=10.0.0.0, Culture=neutral, PublicKeyToken=7cec85d7bea7798e]], SmartParkingF.API, Version=1.0.0.0, Culture=neutral, PublicKeyToken=null]], System.Private.CoreLib, Version=10.0.0.0, Culture=neutral, PublicKeyToken=7cec85d7bea7798e]]'.
2026-05-25 23:11:28.321 +03:00 [INF] Executed action SmartParkingF.API.Controllers.ReportsController.GetFinancialSummary (SmartParkingF.API) in 20.9617ms
2026-05-25 23:11:28.324 +03:00 [INF] Executed endpoint 'SmartParkingF.API.Controllers.ReportsController.GetFinancialSummary (SmartParkingF.API)'
2026-05-25 23:11:28.326 +03:00 [INF] HTTP GET /api/Reports/financial-summary responded 200 in 37.3655 ms
2026-05-25 23:11:28.329 +03:00 [INF] Request finished HTTP/2 GET https://localhost:7144/api/Reports/financial-summary - 200 null application/json; charset=utf-8 43.7904ms
2026-05-25 23:11:29.914 +03:00 [INF] Request starting HTTP/2 GET https://localhost:7144/api/Reports/financial-summary - null null
2026-05-25 23:11:29.918 +03:00 [INF] CORS policy execution successful.
2026-05-25 23:11:29.920 +03:00 [INF] Executing endpoint 'SmartParkingF.API.Controllers.ReportsController.GetFinancialSummary (SmartParkingF.API)'
2026-05-25 23:11:29.922 +03:00 [INF] Route matched with {action = "GetFinancialSummary", controller = "Reports"}. Executing controller action with signature System.Threading.Tasks.Task`1[Microsoft.AspNetCore.Mvc.IActionResult] GetFinancialSummary() on controller SmartParkingF.API.Controllers.ReportsController (SmartParkingF.API).
2026-05-25 23:11:29.926 +03:00 [INF] Executed DbCommand (1ms) [Parameters=[], CommandType='"Text"', CommandTimeout='30']
SELECT COALESCE(SUM([r].[TotalPrice]), 0.0)
FROM [Reservations] AS [r]
2026-05-25 23:11:29.929 +03:00 [INF] Executed DbCommand (1ms) [Parameters=[], CommandType='"Text"', CommandTimeout='30']
SELECT COUNT(*)
FROM [Reservations] AS [r]
2026-05-25 23:11:29.933 +03:00 [INF] Executed DbCommand (1ms) [Parameters=[], CommandType='"Text"', CommandTimeout='30']
SELECT COUNT(*)
FROM [ParkingSpots] AS [p]
WHERE [p].[Status] = N'Occupied'
2026-05-25 23:11:29.936 +03:00 [INF] Executed DbCommand (1ms) [Parameters=[], CommandType='"Text"', CommandTimeout='30']
SELECT COUNT(*)
FROM [ParkingSpots] AS [p]
2026-05-25 23:11:29.939 +03:00 [INF] Executed DbCommand (1ms) [Parameters=[@p='?' (DbType = Int32)], CommandType='"Text"', CommandTimeout='30']
SELECT [p].[Name], [p0].[SpotNumber], GETDATE(), [r0].[TotalPrice]
FROM (
    SELECT TOP(@p) [r].[Id], [r].[ParkingSpotId], [r].[PropertyId], [r].[TotalPrice]
    FROM [Reservations] AS [r]
    ORDER BY [r].[Id] DESC
) AS [r0]
INNER JOIN [Properties] AS [p] ON [r0].[PropertyId] = [p].[Id]
LEFT JOIN [ParkingSpots] AS [p0] ON [r0].[ParkingSpotId] = [p0].[Id]
ORDER BY [r0].[Id] DESC
2026-05-25 23:11:29.942 +03:00 [INF] Executing OkObjectResult, writing value of type '<>f__AnonymousType8`4[[System.Decimal, System.Private.CoreLib, Version=10.0.0.0, Culture=neutral, PublicKeyToken=7cec85d7bea7798e],[System.Int32, System.Private.CoreLib, Version=10.0.0.0, Culture=neutral, PublicKeyToken=7cec85d7bea7798e],[System.String, System.Private.CoreLib, Version=10.0.0.0, Culture=neutral, PublicKeyToken=7cec85d7bea7798e],[System.Collections.Generic.List`1[[<>f__AnonymousType7`5[[System.String, System.Private.CoreLib, Version=10.0.0.0, Culture=neutral, PublicKeyToken=7cec85d7bea7798e],[System.String, System.Private.CoreLib, Version=10.0.0.0, Culture=neutral, PublicKeyToken=7cec85d7bea7798e],[System.String, System.Private.CoreLib, Version=10.0.0.0, Culture=neutral, PublicKeyToken=7cec85d7bea7798e],[System.Decimal, System.Private.CoreLib, Version=10.0.0.0, Culture=neutral, PublicKeyToken=7cec85d7bea7798e],[System.String, System.Private.CoreLib, Version=10.0.0.0, Culture=neutral, PublicKeyToken=7cec85d7bea7798e]], SmartParkingF.API, Version=1.0.0.0, Culture=neutral, PublicKeyToken=null]], System.Private.CoreLib, Version=10.0.0.0, Culture=neutral, PublicKeyToken=7cec85d7bea7798e]]'.
2026-05-25 23:11:29.944 +03:00 [INF] Executed action SmartParkingF.API.Controllers.ReportsController.GetFinancialSummary (SmartParkingF.API) in 20.2587ms
2026-05-25 23:11:29.946 +03:00 [INF] Request starting HTTP/2 GET https://localhost:7144/api/Reports/financial-summary - null null
2026-05-25 23:11:29.946 +03:00 [INF] Executed endpoint 'SmartParkingF.API.Controllers.ReportsController.GetFinancialSummary (SmartParkingF.API)'
2026-05-25 23:11:29.949 +03:00 [INF] CORS policy execution successful.
2026-05-25 23:11:29.950 +03:00 [INF] HTTP GET /api/Reports/financial-summary responded 200 in 31.3803 ms
2026-05-25 23:11:29.950 +03:00 [INF] Executing endpoint 'SmartParkingF.API.Controllers.ReportsController.GetFinancialSummary (SmartParkingF.API)'
2026-05-25 23:11:29.952 +03:00 [INF] Request finished HTTP/2 GET https://localhost:7144/api/Reports/financial-summary - 200 null application/json; charset=utf-8 38.7418ms
2026-05-25 23:11:29.953 +03:00 [INF] Route matched with {action = "GetFinancialSummary", controller = "Reports"}. Executing controller action with signature System.Threading.Tasks.Task`1[Microsoft.AspNetCore.Mvc.IActionResult] GetFinancialSummary() on controller SmartParkingF.API.Controllers.ReportsController (SmartParkingF.API).
2026-05-25 23:11:29.960 +03:00 [INF] Executed DbCommand (1ms) [Parameters=[], CommandType='"Text"', CommandTimeout='30']
SELECT COALESCE(SUM([r].[TotalPrice]), 0.0)
FROM [Reservations] AS [r]
2026-05-25 23:11:29.963 +03:00 [INF] Executed DbCommand (1ms) [Parameters=[], CommandType='"Text"', CommandTimeout='30']
SELECT COUNT(*)
FROM [Reservations] AS [r]
2026-05-25 23:11:29.965 +03:00 [INF] Executed DbCommand (1ms) [Parameters=[], CommandType='"Text"', CommandTimeout='30']
SELECT COUNT(*)
FROM [ParkingSpots] AS [p]
WHERE [p].[Status] = N'Occupied'
2026-05-25 23:11:29.968 +03:00 [INF] Executed DbCommand (0ms) [Parameters=[], CommandType='"Text"', CommandTimeout='30']
SELECT COUNT(*)
FROM [ParkingSpots] AS [p]
2026-05-25 23:11:29.971 +03:00 [INF] Executed DbCommand (0ms) [Parameters=[@p='?' (DbType = Int32)], CommandType='"Text"', CommandTimeout='30']
SELECT [p].[Name], [p0].[SpotNumber], GETDATE(), [r0].[TotalPrice]
FROM (
    SELECT TOP(@p) [r].[Id], [r].[ParkingSpotId], [r].[PropertyId], [r].[TotalPrice]
    FROM [Reservations] AS [r]
    ORDER BY [r].[Id] DESC
) AS [r0]
INNER JOIN [Properties] AS [p] ON [r0].[PropertyId] = [p].[Id]
LEFT JOIN [ParkingSpots] AS [p0] ON [r0].[ParkingSpotId] = [p0].[Id]
ORDER BY [r0].[Id] DESC
2026-05-25 23:11:29.973 +03:00 [INF] Executing OkObjectResult, writing value of type '<>f__AnonymousType8`4[[System.Decimal, System.Private.CoreLib, Version=10.0.0.0, Culture=neutral, PublicKeyToken=7cec85d7bea7798e],[System.Int32, System.Private.CoreLib, Version=10.0.0.0, Culture=neutral, PublicKeyToken=7cec85d7bea7798e],[System.String, System.Private.CoreLib, Version=10.0.0.0, Culture=neutral, PublicKeyToken=7cec85d7bea7798e],[System.Collections.Generic.List`1[[<>f__AnonymousType7`5[[System.String, System.Private.CoreLib, Version=10.0.0.0, Culture=neutral, PublicKeyToken=7cec85d7bea7798e],[System.String, System.Private.CoreLib, Version=10.0.0.0, Culture=neutral, PublicKeyToken=7cec85d7bea7798e],[System.String, System.Private.CoreLib, Version=10.0.0.0, Culture=neutral, PublicKeyToken=7cec85d7bea7798e],[System.Decimal, System.Private.CoreLib, Version=10.0.0.0, Culture=neutral, PublicKeyToken=7cec85d7bea7798e],[System.String, System.Private.CoreLib, Version=10.0.0.0, Culture=neutral, PublicKeyToken=7cec85d7bea7798e]], SmartParkingF.API, Version=1.0.0.0, Culture=neutral, PublicKeyToken=null]], System.Private.CoreLib, Version=10.0.0.0, Culture=neutral, PublicKeyToken=7cec85d7bea7798e]]'.
2026-05-25 23:11:29.975 +03:00 [INF] Executed action SmartParkingF.API.Controllers.ReportsController.GetFinancialSummary (SmartParkingF.API) in 16.8789ms
2026-05-25 23:11:29.977 +03:00 [INF] Executed endpoint 'SmartParkingF.API.Controllers.ReportsController.GetFinancialSummary (SmartParkingF.API)'
2026-05-25 23:11:29.979 +03:00 [INF] HTTP GET /api/Reports/financial-summary responded 200 in 29.9952 ms
2026-05-25 23:11:29.981 +03:00 [INF] Request finished HTTP/2 GET https://localhost:7144/api/Reports/financial-summary - 200 null application/json; charset=utf-8 34.9343ms
2026-05-25 23:11:32.556 +03:00 [INF] Request starting HTTP/2 OPTIONS https://localhost:7144/api/ParkingSpots - null null
2026-05-25 23:11:32.558 +03:00 [INF] Request starting HTTP/2 OPTIONS https://localhost:7144/api/ParkingSpots - null null
2026-05-25 23:11:32.565 +03:00 [INF] CORS policy execution successful.
2026-05-25 23:11:32.568 +03:00 [INF] CORS policy execution successful.
2026-05-25 23:11:32.568 +03:00 [INF] HTTP OPTIONS /api/ParkingSpots responded 204 in 4.2522 ms
2026-05-25 23:11:32.569 +03:00 [INF] HTTP OPTIONS /api/ParkingSpots responded 204 in 1.7415 ms
2026-05-25 23:11:32.571 +03:00 [INF] Request finished HTTP/2 OPTIONS https://localhost:7144/api/ParkingSpots - 204 null null 14.7903ms
2026-05-25 23:11:32.573 +03:00 [INF] Request finished HTTP/2 OPTIONS https://localhost:7144/api/ParkingSpots - 204 null null 15.3214ms
2026-05-25 23:11:32.573 +03:00 [INF] Request starting HTTP/2 GET https://localhost:7144/api/ParkingSpots - null null
2026-05-25 23:11:32.581 +03:00 [INF] CORS policy execution successful.
2026-05-25 23:11:32.582 +03:00 [INF] Executing endpoint 'SmartParkingF.API.Controllers.ParkingSpotsController.GetAll (SmartParkingF.API)'
2026-05-25 23:11:32.583 +03:00 [INF] Route matched with {action = "GetAll", controller = "ParkingSpots"}. Executing controller action with signature System.Threading.Tasks.Task`1[Microsoft.AspNetCore.Mvc.ActionResult`1[System.Collections.Generic.IEnumerable`1[SmartParkingF.API.Models.ParkingSpot]]] GetAll() on controller SmartParkingF.API.Controllers.ParkingSpotsController (SmartParkingF.API).
2026-05-25 23:11:32.586 +03:00 [INF] Executed DbCommand (1ms) [Parameters=[], CommandType='"Text"', CommandTimeout='30']
SELECT [p].[Id], [p].[Location], [p].[PricePerHour], [p].[PricePerNight], [p].[PropertyId], [p].[SpotNumber], [p].[Status], [p].[Zone]
FROM [ParkingSpots] AS [p]
2026-05-25 23:11:32.590 +03:00 [INF] Executing ObjectResult, writing value of type 'System.Collections.Generic.List`1[[SmartParkingF.API.Models.ParkingSpot, SmartParkingF.API, Version=1.0.0.0, Culture=neutral, PublicKeyToken=null]]'.
2026-05-25 23:11:32.593 +03:00 [INF] Executed action SmartParkingF.API.Controllers.ParkingSpotsController.GetAll (SmartParkingF.API) in 8.3342ms
2026-05-25 23:11:32.595 +03:00 [INF] Request starting HTTP/2 GET https://localhost:7144/api/ParkingSpots - null null
2026-05-25 23:11:32.595 +03:00 [INF] Executed endpoint 'SmartParkingF.API.Controllers.ParkingSpotsController.GetAll (SmartParkingF.API)'
2026-05-25 23:11:32.598 +03:00 [INF] CORS policy execution successful.
2026-05-25 23:11:32.599 +03:00 [INF] HTTP GET /api/ParkingSpots responded 200 in 17.4589 ms
2026-05-25 23:11:32.600 +03:00 [INF] Executing endpoint 'SmartParkingF.API.Controllers.ParkingSpotsController.GetAll (SmartParkingF.API)'
2026-05-25 23:11:32.601 +03:00 [INF] Request finished HTTP/2 GET https://localhost:7144/api/ParkingSpots - 200 null application/json; charset=utf-8 28.0128ms
2026-05-25 23:11:32.602 +03:00 [INF] Route matched with {action = "GetAll", controller = "ParkingSpots"}. Executing controller action with signature System.Threading.Tasks.Task`1[Microsoft.AspNetCore.Mvc.ActionResult`1[System.Collections.Generic.IEnumerable`1[SmartParkingF.API.Models.ParkingSpot]]] GetAll() on controller SmartParkingF.API.Controllers.ParkingSpotsController (SmartParkingF.API).
2026-05-25 23:11:32.610 +03:00 [INF] Executed DbCommand (1ms) [Parameters=[], CommandType='"Text"', CommandTimeout='30']
SELECT [p].[Id], [p].[Location], [p].[PricePerHour], [p].[PricePerNight], [p].[PropertyId], [p].[SpotNumber], [p].[Status], [p].[Zone]
FROM [ParkingSpots] AS [p]
2026-05-25 23:11:32.614 +03:00 [INF] Executing ObjectResult, writing value of type 'System.Collections.Generic.List`1[[SmartParkingF.API.Models.ParkingSpot, SmartParkingF.API, Version=1.0.0.0, Culture=neutral, PublicKeyToken=null]]'.
2026-05-25 23:11:32.617 +03:00 [INF] Executed action SmartParkingF.API.Controllers.ParkingSpotsController.GetAll (SmartParkingF.API) in 9.9159ms
2026-05-25 23:11:32.620 +03:00 [INF] Executed endpoint 'SmartParkingF.API.Controllers.ParkingSpotsController.GetAll (SmartParkingF.API)'
2026-05-25 23:11:32.621 +03:00 [INF] HTTP GET /api/ParkingSpots responded 200 in 23.2576 ms
2026-05-25 23:11:32.623 +03:00 [INF] Request finished HTTP/2 GET https://localhost:7144/api/ParkingSpots - 200 null application/json; charset=utf-8 28.2199ms
2026-05-25 23:11:33.457 +03:00 [INF] Request starting HTTP/2 GET https://localhost:7144/api/Properties - null null
2026-05-25 23:11:33.459 +03:00 [INF] Request starting HTTP/2 GET https://localhost:7144/api/Properties - null null
2026-05-25 23:11:33.464 +03:00 [INF] CORS policy execution successful.
2026-05-25 23:11:33.468 +03:00 [INF] CORS policy execution successful.
2026-05-25 23:11:33.469 +03:00 [INF] Executing endpoint 'SmartParkingF.API.Controllers.PropertiesController.GetProperties (SmartParkingF.API)'
2026-05-25 23:11:33.470 +03:00 [INF] Executing endpoint 'SmartParkingF.API.Controllers.PropertiesController.GetProperties (SmartParkingF.API)'
2026-05-25 23:11:33.471 +03:00 [INF] Route matched with {action = "GetProperties", controller = "Properties"}. Executing controller action with signature System.Threading.Tasks.Task`1[Microsoft.AspNetCore.Mvc.IActionResult] GetProperties() on controller SmartParkingF.API.Controllers.PropertiesController (SmartParkingF.API).
2026-05-25 23:11:33.472 +03:00 [INF] Route matched with {action = "GetProperties", controller = "Properties"}. Executing controller action with signature System.Threading.Tasks.Task`1[Microsoft.AspNetCore.Mvc.IActionResult] GetProperties() on controller SmartParkingF.API.Controllers.PropertiesController (SmartParkingF.API).
2026-05-25 23:11:33.479 +03:00 [INF] Executed DbCommand (1ms) [Parameters=[], CommandType='"Text"', CommandTimeout='30']
SELECT [p].[Id], [p].[Bathrooms], [p].[Bedrooms], [p].[CreatedAt], [p].[Description], [p].[HasSmartParking], [p].[ImageUrl], [p].[Location], [p].[Name], [p].[Price], [p].[PricePerHour], [p].[PricePerNight], [p].[Rating], [p].[Title], [p].[TotalSpots]
FROM [Properties] AS [p]
2026-05-25 23:11:33.481 +03:00 [INF] Executed DbCommand (1ms) [Parameters=[], CommandType='"Text"', CommandTimeout='30']
SELECT [p].[Id], [p].[Bathrooms], [p].[Bedrooms], [p].[CreatedAt], [p].[Description], [p].[HasSmartParking], [p].[ImageUrl], [p].[Location], [p].[Name], [p].[Price], [p].[PricePerHour], [p].[PricePerNight], [p].[Rating], [p].[Title], [p].[TotalSpots]
FROM [Properties] AS [p]
2026-05-25 23:11:33.482 +03:00 [INF] Executing OkObjectResult, writing value of type 'System.Collections.Generic.List`1[[SmartParkingF.API.Models.Property, SmartParkingF.API, Version=1.0.0.0, Culture=neutral, PublicKeyToken=null]]'.
2026-05-25 23:11:33.484 +03:00 [INF] Executing OkObjectResult, writing value of type 'System.Collections.Generic.List`1[[SmartParkingF.API.Models.Property, SmartParkingF.API, Version=1.0.0.0, Culture=neutral, PublicKeyToken=null]]'.
2026-05-25 23:11:33.486 +03:00 [INF] Executed action SmartParkingF.API.Controllers.PropertiesController.GetProperties (SmartParkingF.API) in 11.8061ms
2026-05-25 23:11:33.487 +03:00 [INF] Executed action SmartParkingF.API.Controllers.PropertiesController.GetProperties (SmartParkingF.API) in 8.5256ms
2026-05-25 23:11:33.488 +03:00 [INF] Executed endpoint 'SmartParkingF.API.Controllers.PropertiesController.GetProperties (SmartParkingF.API)'
2026-05-25 23:11:33.489 +03:00 [INF] Executed endpoint 'SmartParkingF.API.Controllers.PropertiesController.GetProperties (SmartParkingF.API)'
2026-05-25 23:11:33.490 +03:00 [INF] HTTP GET /api/Properties responded 200 in 26.6233 ms
2026-05-25 23:11:33.491 +03:00 [INF] HTTP GET /api/Properties responded 200 in 23.8545 ms
2026-05-25 23:11:33.494 +03:00 [INF] Request finished HTTP/2 GET https://localhost:7144/api/Properties - 499 null application/json; charset=utf-8 36.7988ms
2026-05-25 23:11:33.495 +03:00 [INF] Request finished HTTP/2 GET https://localhost:7144/api/Properties - 200 null application/json; charset=utf-8 36.227ms
2026-05-25 23:11:36.177 +03:00 [INF] Request starting HTTP/2 GET https://localhost:7144/api/Properties/1 - null null
2026-05-25 23:11:36.178 +03:00 [INF] Request starting HTTP/2 GET https://localhost:7144/api/Reservations/PropertyBookedDates/1 - null null
2026-05-25 23:11:36.180 +03:00 [INF] CORS policy execution successful.
2026-05-25 23:11:36.182 +03:00 [INF] CORS policy execution successful.
2026-05-25 23:11:36.183 +03:00 [INF] Executing endpoint 'SmartParkingF.API.Controllers.PropertiesController.GetProperty (SmartParkingF.API)'
2026-05-25 23:11:36.183 +03:00 [INF] Executing endpoint 'SmartParkingF.API.Controllers.ReservationsController.GetPropertyBookedDates (SmartParkingF.API)'
2026-05-25 23:11:36.196 +03:00 [INF] Route matched with {action = "GetProperty", controller = "Properties"}. Executing controller action with signature System.Threading.Tasks.Task`1[Microsoft.AspNetCore.Mvc.ActionResult`1[SmartParkingF.API.Models.Property]] GetProperty(Int32) on controller SmartParkingF.API.Controllers.PropertiesController (SmartParkingF.API).
2026-05-25 23:11:36.196 +03:00 [INF] Route matched with {action = "GetPropertyBookedDates", controller = "Reservations"}. Executing controller action with signature System.Threading.Tasks.Task`1[Microsoft.AspNetCore.Mvc.ActionResult`1[System.Collections.Generic.IEnumerable`1[System.Object]]] GetPropertyBookedDates(Int32) on controller SmartParkingF.API.Controllers.ReservationsController (SmartParkingF.API).
2026-05-25 23:11:36.215 +03:00 [INF] Executed DbCommand (2ms) [Parameters=[@propertyId='?' (DbType = Int32)], CommandType='"Text"', CommandTimeout='30']
SELECT [r].[Id], [r].[StartTime], [r].[EndTime]
FROM [Reservations] AS [r]
WHERE [r].[PropertyId] = @propertyId AND [r].[Status] = N'Confirmed'
2026-05-25 23:11:36.218 +03:00 [INF] Executing OkObjectResult, writing value of type 'System.Collections.Generic.List`1[[<>f__AnonymousType13`3[[System.Int32, System.Private.CoreLib, Version=10.0.0.0, Culture=neutral, PublicKeyToken=7cec85d7bea7798e],[System.DateTime, System.Private.CoreLib, Version=10.0.0.0, Culture=neutral, PublicKeyToken=7cec85d7bea7798e],[System.DateTime, System.Private.CoreLib, Version=10.0.0.0, Culture=neutral, PublicKeyToken=7cec85d7bea7798e]], SmartParkingF.API, Version=1.0.0.0, Culture=neutral, PublicKeyToken=null]]'.
2026-05-25 23:11:36.222 +03:00 [INF] Executed action SmartParkingF.API.Controllers.ReservationsController.GetPropertyBookedDates (SmartParkingF.API) in 22.0287ms
2026-05-25 23:11:36.224 +03:00 [INF] Executed endpoint 'SmartParkingF.API.Controllers.ReservationsController.GetPropertyBookedDates (SmartParkingF.API)'
2026-05-25 23:11:36.224 +03:00 [INF] Request starting HTTP/2 GET https://localhost:7144/api/Reservations/PropertyBookedDates/1 - null null
2026-05-25 23:11:36.226 +03:00 [INF] HTTP GET /api/Reservations/PropertyBookedDates/1 responded 200 in 44.1246 ms
2026-05-25 23:11:36.230 +03:00 [INF] CORS policy execution successful.
2026-05-25 23:11:36.232 +03:00 [INF] Request finished HTTP/2 GET https://localhost:7144/api/Reservations/PropertyBookedDates/1 - 200 null application/json; charset=utf-8 54.0417ms
2026-05-25 23:11:36.234 +03:00 [INF] Executing endpoint 'SmartParkingF.API.Controllers.ReservationsController.GetPropertyBookedDates (SmartParkingF.API)'
2026-05-25 23:11:36.235 +03:00 [INF] Executed DbCommand (3ms) [Parameters=[@p='?' (DbType = Int32)], CommandType='"Text"', CommandTimeout='30']
SELECT TOP(1) [p].[Id], [p].[Bathrooms], [p].[Bedrooms], [p].[CreatedAt], [p].[Description], [p].[HasSmartParking], [p].[ImageUrl], [p].[Location], [p].[Name], [p].[Price], [p].[PricePerHour], [p].[PricePerNight], [p].[Rating], [p].[Title], [p].[TotalSpots]
FROM [Properties] AS [p]
WHERE [p].[Id] = @p
2026-05-25 23:11:36.238 +03:00 [INF] Route matched with {action = "GetPropertyBookedDates", controller = "Reservations"}. Executing controller action with signature System.Threading.Tasks.Task`1[Microsoft.AspNetCore.Mvc.ActionResult`1[System.Collections.Generic.IEnumerable`1[System.Object]]] GetPropertyBookedDates(Int32) on controller SmartParkingF.API.Controllers.ReservationsController (SmartParkingF.API).
2026-05-25 23:11:36.241 +03:00 [INF] Executing OkObjectResult, writing value of type 'SmartParkingF.API.Models.Property'.
2026-05-25 23:11:36.244 +03:00 [INF] Executed action SmartParkingF.API.Controllers.PropertiesController.GetProperty (SmartParkingF.API) in 46.4097ms
2026-05-25 23:11:36.245 +03:00 [INF] Executed DbCommand (1ms) [Parameters=[@propertyId='?' (DbType = Int32)], CommandType='"Text"', CommandTimeout='30']
SELECT [r].[Id], [r].[StartTime], [r].[EndTime]
FROM [Reservations] AS [r]
WHERE [r].[PropertyId] = @propertyId AND [r].[Status] = N'Confirmed'
2026-05-25 23:11:36.246 +03:00 [INF] Request starting HTTP/2 GET https://localhost:7144/api/Properties/1 - null null
2026-05-25 23:11:36.246 +03:00 [INF] Executed endpoint 'SmartParkingF.API.Controllers.PropertiesController.GetProperty (SmartParkingF.API)'
2026-05-25 23:11:36.248 +03:00 [INF] Executing OkObjectResult, writing value of type 'System.Collections.Generic.List`1[[<>f__AnonymousType13`3[[System.Int32, System.Private.CoreLib, Version=10.0.0.0, Culture=neutral, PublicKeyToken=7cec85d7bea7798e],[System.DateTime, System.Private.CoreLib, Version=10.0.0.0, Culture=neutral, PublicKeyToken=7cec85d7bea7798e],[System.DateTime, System.Private.CoreLib, Version=10.0.0.0, Culture=neutral, PublicKeyToken=7cec85d7bea7798e]], SmartParkingF.API, Version=1.0.0.0, Culture=neutral, PublicKeyToken=null]]'.
2026-05-25 23:11:36.251 +03:00 [INF] CORS policy execution successful.
2026-05-25 23:11:36.252 +03:00 [INF] HTTP GET /api/Properties/1 responded 200 in 72.2790 ms
2026-05-25 23:11:36.254 +03:00 [INF] Executed action SmartParkingF.API.Controllers.ReservationsController.GetPropertyBookedDates (SmartParkingF.API) in 10.9152ms
2026-05-25 23:11:36.255 +03:00 [INF] Executing endpoint 'SmartParkingF.API.Controllers.PropertiesController.GetProperty (SmartParkingF.API)'
2026-05-25 23:11:36.256 +03:00 [INF] Request finished HTTP/2 GET https://localhost:7144/api/Properties/1 - 200 null application/json; charset=utf-8 80.0267ms
2026-05-25 23:11:36.258 +03:00 [INF] Executed endpoint 'SmartParkingF.API.Controllers.ReservationsController.GetPropertyBookedDates (SmartParkingF.API)'
2026-05-25 23:11:36.259 +03:00 [INF] Route matched with {action = "GetProperty", controller = "Properties"}. Executing controller action with signature System.Threading.Tasks.Task`1[Microsoft.AspNetCore.Mvc.ActionResult`1[SmartParkingF.API.Models.Property]] GetProperty(Int32) on controller SmartParkingF.API.Controllers.PropertiesController (SmartParkingF.API).
2026-05-25 23:11:36.262 +03:00 [INF] HTTP GET /api/Reservations/PropertyBookedDates/1 responded 200 in 32.9018 ms
2026-05-25 23:11:36.266 +03:00 [INF] Request finished HTTP/2 GET https://localhost:7144/api/Reservations/PropertyBookedDates/1 - 200 null application/json; charset=utf-8 41.3528ms
2026-05-25 23:11:36.267 +03:00 [INF] Executed DbCommand (1ms) [Parameters=[@p='?' (DbType = Int32)], CommandType='"Text"', CommandTimeout='30']
SELECT TOP(1) [p].[Id], [p].[Bathrooms], [p].[Bedrooms], [p].[CreatedAt], [p].[Description], [p].[HasSmartParking], [p].[ImageUrl], [p].[Location], [p].[Name], [p].[Price], [p].[PricePerHour], [p].[PricePerNight], [p].[Rating], [p].[Title], [p].[TotalSpots]
FROM [Properties] AS [p]
WHERE [p].[Id] = @p
2026-05-25 23:11:36.271 +03:00 [INF] Executing OkObjectResult, writing value of type 'SmartParkingF.API.Models.Property'.
2026-05-25 23:11:36.272 +03:00 [INF] Executed action SmartParkingF.API.Controllers.PropertiesController.GetProperty (SmartParkingF.API) in 7.9262ms
2026-05-25 23:11:36.273 +03:00 [INF] Executed endpoint 'SmartParkingF.API.Controllers.PropertiesController.GetProperty (SmartParkingF.API)'
2026-05-25 23:11:36.275 +03:00 [INF] HTTP GET /api/Properties/1 responded 200 in 23.6026 ms
2026-05-25 23:11:36.276 +03:00 [INF] Request finished HTTP/2 GET https://localhost:7144/api/Properties/1 - 200 null application/json; charset=utf-8 30.542ms
2026-05-25 23:11:43.434 +03:00 [INF] Request starting HTTP/2 OPTIONS https://localhost:7144/api/Payments/user-history/1 - null null
2026-05-25 23:11:43.434 +03:00 [INF] Request starting HTTP/2 OPTIONS https://localhost:7144/api/Payments/user-history/1 - null null
2026-05-25 23:11:43.437 +03:00 [INF] CORS policy execution successful.
2026-05-25 23:11:43.440 +03:00 [INF] CORS policy execution successful.
2026-05-25 23:11:43.441 +03:00 [INF] HTTP OPTIONS /api/Payments/user-history/1 responded 204 in 3.8908 ms
2026-05-25 23:11:43.443 +03:00 [INF] HTTP OPTIONS /api/Payments/user-history/1 responded 204 in 2.8699 ms
2026-05-25 23:11:43.445 +03:00 [INF] Request finished HTTP/2 OPTIONS https://localhost:7144/api/Payments/user-history/1 - 204 null null 11.326ms
2026-05-25 23:11:43.447 +03:00 [INF] Request finished HTTP/2 OPTIONS https://localhost:7144/api/Payments/user-history/1 - 204 null null 12.5692ms
2026-05-25 23:11:43.448 +03:00 [INF] Request starting HTTP/2 GET https://localhost:7144/api/Payments/user-history/1 - null null
2026-05-25 23:11:43.455 +03:00 [INF] CORS policy execution successful.
2026-05-25 23:11:43.456 +03:00 [INF] Executing endpoint 'SmartParkingF.API.Controllers.PaymentsController.GetUserPaymentHistory (SmartParkingF.API)'
2026-05-25 23:11:43.469 +03:00 [INF] Route matched with {action = "GetUserPaymentHistory", controller = "Payments"}. Executing controller action with signature System.Threading.Tasks.Task`1[Microsoft.AspNetCore.Mvc.IActionResult] GetUserPaymentHistory(Int32) on controller SmartParkingF.API.Controllers.PaymentsController (SmartParkingF.API).
2026-05-25 23:11:43.491 +03:00 [INF] Executed DbCommand (4ms) [Parameters=[@userId='?' (DbType = Int32)], CommandType='"Text"', CommandTimeout='30']
SELECT CASE
    WHEN EXISTS (
        SELECT 1
        FROM [Users] AS [u]
        WHERE [u].[Id] = @userId) THEN CAST(1 AS bit)
    ELSE CAST(0 AS bit)
END
2026-05-25 23:11:43.545 +03:00 [INF] Executed DbCommand (5ms) [Parameters=[@userId='?' (DbType = Int32)], CommandType='"Text"', CommandTimeout='30']
SELECT [r].[Id], CONVERT(varchar(11), [r].[Id]), [r].[StartTime], [r].[Status], [r].[TotalPrice], [p].[Name]
FROM [Reservations] AS [r]
INNER JOIN [Properties] AS [p] ON [r].[PropertyId] = [p].[Id]
WHERE [r].[UserId] = @userId
ORDER BY [r].[StartTime] DESC
2026-05-25 23:11:43.547 +03:00 [INF] Executing OkObjectResult, writing value of type 'System.Collections.Generic.List`1[[<>f__AnonymousType3`7[[System.Int32, System.Private.CoreLib, Version=10.0.0.0, Culture=neutral, PublicKeyToken=7cec85d7bea7798e],[System.String, System.Private.CoreLib, Version=10.0.0.0, Culture=neutral, PublicKeyToken=7cec85d7bea7798e],[System.String, System.Private.CoreLib, Version=10.0.0.0, Culture=neutral, PublicKeyToken=7cec85d7bea7798e],[System.String, System.Private.CoreLib, Version=10.0.0.0, Culture=neutral, PublicKeyToken=7cec85d7bea7798e],[System.String, System.Private.CoreLib, Version=10.0.0.0, Culture=neutral, PublicKeyToken=7cec85d7bea7798e],[System.Decimal, System.Private.CoreLib, Version=10.0.0.0, Culture=neutral, PublicKeyToken=7cec85d7bea7798e],[System.String, System.Private.CoreLib, Version=10.0.0.0, Culture=neutral, PublicKeyToken=7cec85d7bea7798e]], SmartParkingF.API, Version=1.0.0.0, Culture=neutral, PublicKeyToken=null]]'.
2026-05-25 23:11:43.550 +03:00 [INF] Executed action SmartParkingF.API.Controllers.PaymentsController.GetUserPaymentHistory (SmartParkingF.API) in 77.8734ms
2026-05-25 23:11:43.551 +03:00 [INF] Request starting HTTP/2 GET https://localhost:7144/api/Payments/user-history/1 - null null
2026-05-25 23:11:43.551 +03:00 [INF] Executed endpoint 'SmartParkingF.API.Controllers.PaymentsController.GetUserPaymentHistory (SmartParkingF.API)'
2026-05-25 23:11:43.554 +03:00 [INF] CORS policy execution successful.
2026-05-25 23:11:43.555 +03:00 [INF] HTTP GET /api/Payments/user-history/1 responded 200 in 99.6871 ms
2026-05-25 23:11:43.557 +03:00 [INF] Executing endpoint 'SmartParkingF.API.Controllers.PaymentsController.GetUserPaymentHistory (SmartParkingF.API)'
2026-05-25 23:11:43.557 +03:00 [INF] Request finished HTTP/2 GET https://localhost:7144/api/Payments/user-history/1 - 200 null application/json; charset=utf-8 108.8277ms
2026-05-25 23:11:43.559 +03:00 [INF] Route matched with {action = "GetUserPaymentHistory", controller = "Payments"}. Executing controller action with signature System.Threading.Tasks.Task`1[Microsoft.AspNetCore.Mvc.IActionResult] GetUserPaymentHistory(Int32) on controller SmartParkingF.API.Controllers.PaymentsController (SmartParkingF.API).
2026-05-25 23:11:43.565 +03:00 [INF] Executed DbCommand (1ms) [Parameters=[@userId='?' (DbType = Int32)], CommandType='"Text"', CommandTimeout='30']
SELECT CASE
    WHEN EXISTS (
        SELECT 1
        FROM [Users] AS [u]
        WHERE [u].[Id] = @userId) THEN CAST(1 AS bit)
    ELSE CAST(0 AS bit)
END
2026-05-25 23:11:43.568 +03:00 [INF] Executed DbCommand (1ms) [Parameters=[@userId='?' (DbType = Int32)], CommandType='"Text"', CommandTimeout='30']
SELECT [r].[Id], CONVERT(varchar(11), [r].[Id]), [r].[StartTime], [r].[Status], [r].[TotalPrice], [p].[Name]
FROM [Reservations] AS [r]
INNER JOIN [Properties] AS [p] ON [r].[PropertyId] = [p].[Id]
WHERE [r].[UserId] = @userId
ORDER BY [r].[StartTime] DESC
2026-05-25 23:11:43.570 +03:00 [INF] Executing OkObjectResult, writing value of type 'System.Collections.Generic.List`1[[<>f__AnonymousType3`7[[System.Int32, System.Private.CoreLib, Version=10.0.0.0, Culture=neutral, PublicKeyToken=7cec85d7bea7798e],[System.String, System.Private.CoreLib, Version=10.0.0.0, Culture=neutral, PublicKeyToken=7cec85d7bea7798e],[System.String, System.Private.CoreLib, Version=10.0.0.0, Culture=neutral, PublicKeyToken=7cec85d7bea7798e],[System.String, System.Private.CoreLib, Version=10.0.0.0, Culture=neutral, PublicKeyToken=7cec85d7bea7798e],[System.String, System.Private.CoreLib, Version=10.0.0.0, Culture=neutral, PublicKeyToken=7cec85d7bea7798e],[System.Decimal, System.Private.CoreLib, Version=10.0.0.0, Culture=neutral, PublicKeyToken=7cec85d7bea7798e],[System.String, System.Private.CoreLib, Version=10.0.0.0, Culture=neutral, PublicKeyToken=7cec85d7bea7798e]], SmartParkingF.API, Version=1.0.0.0, Culture=neutral, PublicKeyToken=null]]'.
2026-05-25 23:11:43.572 +03:00 [INF] Executed action SmartParkingF.API.Controllers.PaymentsController.GetUserPaymentHistory (SmartParkingF.API) in 8.5951ms
2026-05-25 23:11:43.573 +03:00 [INF] Executed endpoint 'SmartParkingF.API.Controllers.PaymentsController.GetUserPaymentHistory (SmartParkingF.API)'
2026-05-25 23:11:43.574 +03:00 [INF] HTTP GET /api/Payments/user-history/1 responded 200 in 19.9566 ms
2026-05-25 23:11:43.576 +03:00 [INF] Request finished HTTP/2 GET https://localhost:7144/api/Payments/user-history/1 - 200 null application/json; charset=utf-8 24.3783ms
2026-05-25 23:11:54.711 +03:00 [INF] Request starting HTTP/2 GET https://localhost:7144/api/users - null null
2026-05-25 23:11:54.721 +03:00 [INF] CORS policy execution successful.
2026-05-25 23:11:54.727 +03:00 [INF] Authorization failed. These requirements were not met:
RolesAuthorizationRequirement:User.IsInRole must be true for one of the following roles: (Admin)
2026-05-25 23:11:54.736 +03:00 [INF] AuthenticationScheme: Bearer was challenged.
2026-05-25 23:11:54.737 +03:00 [INF] HTTP GET /api/users responded 401 in 16.1928 ms
2026-05-25 23:11:54.739 +03:00 [INF] Request finished HTTP/2 GET https://localhost:7144/api/users - 401 0 null 29.2728ms
2026-05-25 23:11:54.741 +03:00 [INF] Request starting HTTP/2 GET https://localhost:7144/api/users - null null
2026-05-25 23:11:54.747 +03:00 [INF] CORS policy execution successful.
2026-05-25 23:11:54.748 +03:00 [INF] Authorization failed. These requirements were not met:
RolesAuthorizationRequirement:User.IsInRole must be true for one of the following roles: (Admin)
2026-05-25 23:11:54.749 +03:00 [INF] AuthenticationScheme: Bearer was challenged.
2026-05-25 23:11:54.750 +03:00 [INF] HTTP GET /api/users responded 401 in 3.0758 ms
2026-05-25 23:11:54.752 +03:00 [INF] Request finished HTTP/2 GET https://localhost:7144/api/users - 401 0 null 10.3973ms
2026-05-25 23:12:10.155 +03:00 [INF] Request starting HTTP/2 OPTIONS https://localhost:7144/api/users/login - null null
2026-05-25 23:12:10.158 +03:00 [INF] CORS policy execution successful.
2026-05-25 23:12:10.160 +03:00 [INF] HTTP OPTIONS /api/users/login responded 204 in 1.2595 ms
2026-05-25 23:12:10.162 +03:00 [INF] Request finished HTTP/2 OPTIONS https://localhost:7144/api/users/login - 204 null null 7.5259ms
2026-05-25 23:12:10.164 +03:00 [INF] Request starting HTTP/2 POST https://localhost:7144/api/users/login - application/json 54
2026-05-25 23:12:10.168 +03:00 [INF] CORS policy execution successful.
2026-05-25 23:12:10.170 +03:00 [INF] Executing endpoint 'SmartParkingF.API.Controllers.UsersController.Login (SmartParkingF.API)'
2026-05-25 23:12:10.172 +03:00 [INF] Route matched with {action = "Login", controller = "Users"}. Executing controller action with signature System.Threading.Tasks.Task`1[Microsoft.AspNetCore.Mvc.IActionResult] Login(SmartParkingF.API.Models.DTOs.LoginRequest) on controller SmartParkingF.API.Controllers.UsersController (SmartParkingF.API).
2026-05-25 23:12:10.177 +03:00 [INF] Executed DbCommand (1ms) [Parameters=[@cleanEmail='?' (Size = 450)], CommandType='"Text"', CommandTimeout='30']
SELECT TOP(1) [u].[Id], [u].[AccountType], [u].[CarPlateNumber], [u].[CardLastFourDigits], [u].[CreatedAt], [u].[Email], [u].[FullName], [u].[HasLinkedCard], [u].[PasswordHash], [u].[Phone], [u].[RefreshToken], [u].[RefreshTokenExpiryTime], [u].[Role], [u].[Status]
FROM [Users] AS [u]
WHERE LOWER([u].[Email]) = @cleanEmail AND [u].[Status] = N'Active'
2026-05-25 23:12:10.560 +03:00 [INF] Executed DbCommand (2ms) [Parameters=[@p2='?' (DbType = Int32), @p0='?' (Size = 4000), @p1='?' (DbType = DateTime2)], CommandType='"Text"', CommandTimeout='30']
SET IMPLICIT_TRANSACTIONS OFF;
SET NOCOUNT ON;
UPDATE [Users] SET [RefreshToken] = @p0, [RefreshTokenExpiryTime] = @p1
OUTPUT 1
WHERE [Id] = @p2;
2026-05-25 23:12:10.563 +03:00 [INF] User 1 logged in successfully
2026-05-25 23:12:10.564 +03:00 [INF] Executing OkObjectResult, writing value of type 'SmartParkingF.API.Models.DTOs.AuthResponse'.
2026-05-25 23:12:10.565 +03:00 [INF] Executed action SmartParkingF.API.Controllers.UsersController.Login (SmartParkingF.API) in 391.7849ms
2026-05-25 23:12:10.567 +03:00 [INF] Executed endpoint 'SmartParkingF.API.Controllers.UsersController.Login (SmartParkingF.API)'
2026-05-25 23:12:10.568 +03:00 [INF] HTTP POST /api/users/login responded 200 in 399.3616 ms
2026-05-25 23:12:10.569 +03:00 [INF] Request finished HTTP/2 POST https://localhost:7144/api/users/login - 200 null application/json; charset=utf-8 405.1514ms
2026-05-25 23:12:10.588 +03:00 [INF] Request starting HTTP/2 OPTIONS https://localhost:7144/api/users - null null
2026-05-25 23:12:10.588 +03:00 [INF] Request starting HTTP/2 OPTIONS https://localhost:7144/api/users - null null
2026-05-25 23:12:10.590 +03:00 [INF] CORS policy execution successful.
2026-05-25 23:12:10.593 +03:00 [INF] CORS policy execution successful.
2026-05-25 23:12:10.593 +03:00 [INF] HTTP OPTIONS /api/users responded 204 in 3.0525 ms
2026-05-25 23:12:10.594 +03:00 [INF] HTTP OPTIONS /api/users responded 204 in 1.2955 ms
2026-05-25 23:12:10.596 +03:00 [INF] Request finished HTTP/2 OPTIONS https://localhost:7144/api/users - 204 null null 7.8585ms
2026-05-25 23:12:10.597 +03:00 [INF] Request finished HTTP/2 OPTIONS https://localhost:7144/api/users - 204 null null 8.8417ms
2026-05-25 23:12:10.597 +03:00 [INF] Request starting HTTP/2 GET https://localhost:7144/api/users - null null
2026-05-25 23:12:10.609 +03:00 [INF] CORS policy execution successful.
2026-05-25 23:12:10.610 +03:00 [INF] Executing endpoint 'SmartParkingF.API.Controllers.UsersController.GetUsers (SmartParkingF.API)'
2026-05-25 23:12:10.611 +03:00 [INF] Route matched with {action = "GetUsers", controller = "Users"}. Executing controller action with signature System.Threading.Tasks.Task`1[Microsoft.AspNetCore.Mvc.ActionResult`1[System.Collections.Generic.IEnumerable`1[System.Object]]] GetUsers() on controller SmartParkingF.API.Controllers.UsersController (SmartParkingF.API).
2026-05-25 23:12:10.614 +03:00 [INF] Executed DbCommand (1ms) [Parameters=[], CommandType='"Text"', CommandTimeout='30']
SELECT [u].[Id], [u].[FullName], [u].[Email], [u].[Phone], [u].[Role], [u].[Status], [u].[AccountType], [u].[CreatedAt], [u].[HasLinkedCard]
FROM [Users] AS [u]
2026-05-25 23:12:10.616 +03:00 [INF] Executing OkObjectResult, writing value of type 'System.Collections.Generic.List`1[[<>f__AnonymousType21`9[[System.Int32, System.Private.CoreLib, Version=10.0.0.0, Culture=neutral, PublicKeyToken=7cec85d7bea7798e],[System.String, System.Private.CoreLib, Version=10.0.0.0, Culture=neutral, PublicKeyToken=7cec85d7bea7798e],[System.String, System.Private.CoreLib, Version=10.0.0.0, Culture=neutral, PublicKeyToken=7cec85d7bea7798e],[System.String, System.Private.CoreLib, Version=10.0.0.0, Culture=neutral, PublicKeyToken=7cec85d7bea7798e],[System.String, System.Private.CoreLib, Version=10.0.0.0, Culture=neutral, PublicKeyToken=7cec85d7bea7798e],[System.String, System.Private.CoreLib, Version=10.0.0.0, Culture=neutral, PublicKeyToken=7cec85d7bea7798e],[System.String, System.Private.CoreLib, Version=10.0.0.0, Culture=neutral, PublicKeyToken=7cec85d7bea7798e],[System.DateTime, System.Private.CoreLib, Version=10.0.0.0, Culture=neutral, PublicKeyToken=7cec85d7bea7798e],[System.Boolean, System.Private.CoreLib, Version=10.0.0.0, Culture=neutral, PublicKeyToken=7cec85d7bea7798e]], SmartParkingF.API, Version=1.0.0.0, Culture=neutral, PublicKeyToken=null]]'.
2026-05-25 23:12:10.617 +03:00 [INF] Executed action SmartParkingF.API.Controllers.UsersController.GetUsers (SmartParkingF.API) in 4.5626ms
2026-05-25 23:12:10.619 +03:00 [INF] Request starting HTTP/2 GET https://localhost:7144/api/users - null null
2026-05-25 23:12:10.619 +03:00 [INF] Executed endpoint 'SmartParkingF.API.Controllers.UsersController.GetUsers (SmartParkingF.API)'
2026-05-25 23:12:10.621 +03:00 [INF] CORS policy execution successful.
2026-05-25 23:12:10.622 +03:00 [INF] HTTP GET /api/users responded 200 in 13.4707 ms
2026-05-25 23:12:10.623 +03:00 [INF] Executing endpoint 'SmartParkingF.API.Controllers.UsersController.GetUsers (SmartParkingF.API)'
2026-05-25 23:12:10.625 +03:00 [INF] Request finished HTTP/2 GET https://localhost:7144/api/users - 200 null application/json; charset=utf-8 27.6113ms
2026-05-25 23:12:10.627 +03:00 [INF] Route matched with {action = "GetUsers", controller = "Users"}. Executing controller action with signature System.Threading.Tasks.Task`1[Microsoft.AspNetCore.Mvc.ActionResult`1[System.Collections.Generic.IEnumerable`1[System.Object]]] GetUsers() on controller SmartParkingF.API.Controllers.UsersController (SmartParkingF.API).
2026-05-25 23:12:10.633 +03:00 [INF] Executed DbCommand (1ms) [Parameters=[], CommandType='"Text"', CommandTimeout='30']
SELECT [u].[Id], [u].[FullName], [u].[Email], [u].[Phone], [u].[Role], [u].[Status], [u].[AccountType], [u].[CreatedAt], [u].[HasLinkedCard]
FROM [Users] AS [u]
2026-05-25 23:12:10.636 +03:00 [INF] Executing OkObjectResult, writing value of type 'System.Collections.Generic.List`1[[<>f__AnonymousType21`9[[System.Int32, System.Private.CoreLib, Version=10.0.0.0, Culture=neutral, PublicKeyToken=7cec85d7bea7798e],[System.String, System.Private.CoreLib, Version=10.0.0.0, Culture=neutral, PublicKeyToken=7cec85d7bea7798e],[System.String, System.Private.CoreLib, Version=10.0.0.0, Culture=neutral, PublicKeyToken=7cec85d7bea7798e],[System.String, System.Private.CoreLib, Version=10.0.0.0, Culture=neutral, PublicKeyToken=7cec85d7bea7798e],[System.String, System.Private.CoreLib, Version=10.0.0.0, Culture=neutral, PublicKeyToken=7cec85d7bea7798e],[System.String, System.Private.CoreLib, Version=10.0.0.0, Culture=neutral, PublicKeyToken=7cec85d7bea7798e],[System.String, System.Private.CoreLib, Version=10.0.0.0, Culture=neutral, PublicKeyToken=7cec85d7bea7798e],[System.DateTime, System.Private.CoreLib, Version=10.0.0.0, Culture=neutral, PublicKeyToken=7cec85d7bea7798e],[System.Boolean, System.Private.CoreLib, Version=10.0.0.0, Culture=neutral, PublicKeyToken=7cec85d7bea7798e]], SmartParkingF.API, Version=1.0.0.0, Culture=neutral, PublicKeyToken=null]]'.
2026-05-25 23:12:10.638 +03:00 [INF] Executed action SmartParkingF.API.Controllers.UsersController.GetUsers (SmartParkingF.API) in 6.141ms
2026-05-25 23:12:10.639 +03:00 [INF] Executed endpoint 'SmartParkingF.API.Controllers.UsersController.GetUsers (SmartParkingF.API)'
2026-05-25 23:12:10.640 +03:00 [INF] HTTP GET /api/users responded 200 in 19.2238 ms
2026-05-25 23:12:10.642 +03:00 [INF] Request finished HTTP/2 GET https://localhost:7144/api/users - 200 null application/json; charset=utf-8 23.5767ms
2026-05-25 23:12:15.284 +03:00 [INF] Request starting HTTP/2 OPTIONS https://localhost:7144/api/users/2 - null null
2026-05-25 23:12:15.294 +03:00 [INF] CORS policy execution successful.
2026-05-25 23:12:15.296 +03:00 [INF] HTTP OPTIONS /api/users/2 responded 204 in 2.5591 ms
2026-05-25 23:12:15.301 +03:00 [INF] Request finished HTTP/2 OPTIONS https://localhost:7144/api/users/2 - 204 null null 17.8012ms
2026-05-25 23:12:15.304 +03:00 [INF] Request starting HTTP/2 DELETE https://localhost:7144/api/users/2 - null null
2026-05-25 23:12:15.314 +03:00 [INF] CORS policy execution successful.
2026-05-25 23:12:15.316 +03:00 [INF] Executing endpoint 'SmartParkingF.API.Controllers.UsersController.DeleteUser (SmartParkingF.API)'
2026-05-25 23:12:15.330 +03:00 [INF] Route matched with {action = "DeleteUser", controller = "Users"}. Executing controller action with signature System.Threading.Tasks.Task`1[Microsoft.AspNetCore.Mvc.IActionResult] DeleteUser(Int32) on controller SmartParkingF.API.Controllers.UsersController (SmartParkingF.API).
2026-05-25 23:12:15.344 +03:00 [INF] Executed DbCommand (3ms) [Parameters=[@p='?' (DbType = Int32)], CommandType='"Text"', CommandTimeout='30']
SELECT TOP(1) [u].[Id], [u].[AccountType], [u].[CarPlateNumber], [u].[CardLastFourDigits], [u].[CreatedAt], [u].[Email], [u].[FullName], [u].[HasLinkedCard], [u].[PasswordHash], [u].[Phone], [u].[RefreshToken], [u].[RefreshTokenExpiryTime], [u].[Role], [u].[Status]
FROM [Users] AS [u]
WHERE [u].[Id] = @p
2026-05-25 23:12:15.370 +03:00 [INF] Executed DbCommand (9ms) [Parameters=[@p0='?' (DbType = Int32)], CommandType='"Text"', CommandTimeout='30']
SET IMPLICIT_TRANSACTIONS OFF;
SET NOCOUNT ON;
DELETE FROM [Users]
OUTPUT 1
WHERE [Id] = @p0;
2026-05-25 23:12:15.378 +03:00 [INF] User 2 deleted by admin
2026-05-25 23:12:15.380 +03:00 [INF] Executing OkObjectResult, writing value of type '<>f__AnonymousType6`1[[System.String, System.Private.CoreLib, Version=10.0.0.0, Culture=neutral, PublicKeyToken=7cec85d7bea7798e]]'.
2026-05-25 23:12:15.383 +03:00 [INF] Executed action SmartParkingF.API.Controllers.UsersController.DeleteUser (SmartParkingF.API) in 50.0561ms
2026-05-25 23:12:15.385 +03:00 [INF] Executed endpoint 'SmartParkingF.API.Controllers.UsersController.DeleteUser (SmartParkingF.API)'
2026-05-25 23:12:15.386 +03:00 [INF] HTTP DELETE /api/users/2 responded 200 in 72.4559 ms
2026-05-25 23:12:15.388 +03:00 [INF] Request finished HTTP/2 DELETE https://localhost:7144/api/users/2 - 200 null application/json; charset=utf-8 84.2385ms
2026-05-25 23:12:25.456 +03:00 [INF] Request starting HTTP/2 GET https://localhost:7144/api/users - null null
2026-05-25 23:12:25.459 +03:00 [INF] CORS policy execution successful.
2026-05-25 23:12:25.460 +03:00 [INF] Authorization failed. These requirements were not met:
RolesAuthorizationRequirement:User.IsInRole must be true for one of the following roles: (Admin)
2026-05-25 23:12:25.461 +03:00 [INF] AuthenticationScheme: Bearer was challenged.
2026-05-25 23:12:25.462 +03:00 [INF] HTTP GET /api/users responded 401 in 2.8544 ms
2026-05-25 23:12:25.466 +03:00 [INF] Request finished HTTP/2 GET https://localhost:7144/api/users - 401 0 null 9.5668ms
2026-05-25 23:12:25.467 +03:00 [INF] Request starting HTTP/2 GET https://localhost:7144/api/users - null null
2026-05-25 23:12:25.473 +03:00 [INF] CORS policy execution successful.
2026-05-25 23:12:25.473 +03:00 [INF] Authorization failed. These requirements were not met:
RolesAuthorizationRequirement:User.IsInRole must be true for one of the following roles: (Admin)
2026-05-25 23:12:25.474 +03:00 [INF] AuthenticationScheme: Bearer was challenged.
2026-05-25 23:12:25.475 +03:00 [INF] HTTP GET /api/users responded 401 in 2.8108 ms
2026-05-25 23:12:25.477 +03:00 [INF] Request finished HTTP/2 GET https://localhost:7144/api/users - 401 0 null 10.0841ms
2026-05-25 23:15:48.705 +03:00 [INF] Request starting HTTP/2 OPTIONS https://localhost:7144/api/users/register - null null
2026-05-25 23:15:48.711 +03:00 [INF] CORS policy execution successful.
2026-05-25 23:15:48.712 +03:00 [INF] HTTP OPTIONS /api/users/register responded 204 in 0.9191 ms
2026-05-25 23:15:48.714 +03:00 [INF] Request finished HTTP/2 OPTIONS https://localhost:7144/api/users/register - 204 null null 9.7268ms
2026-05-25 23:15:48.716 +03:00 [INF] Request starting HTTP/2 POST https://localhost:7144/api/users/register - application/json 159
2026-05-25 23:15:48.722 +03:00 [INF] CORS policy execution successful.
2026-05-25 23:15:48.723 +03:00 [INF] Executing endpoint 'SmartParkingF.API.Controllers.UsersController.Register (SmartParkingF.API)'
2026-05-25 23:15:48.734 +03:00 [INF] Route matched with {action = "Register", controller = "Users"}. Executing controller action with signature System.Threading.Tasks.Task`1[Microsoft.AspNetCore.Mvc.IActionResult] Register(SmartParkingF.API.Models.DTOs.RegisterRequest) on controller SmartParkingF.API.Controllers.UsersController (SmartParkingF.API).
2026-05-25 23:15:48.754 +03:00 [INF] Executed DbCommand (4ms) [Parameters=[@cleanEmail='?' (Size = 450)], CommandType='"Text"', CommandTimeout='30']
SELECT CASE
    WHEN EXISTS (
        SELECT 1
        FROM [Users] AS [u]
        WHERE LOWER([u].[Email]) = @cleanEmail) THEN CAST(1 AS bit)
    ELSE CAST(0 AS bit)
END
2026-05-25 23:15:49.094 +03:00 [INF] Executed DbCommand (4ms) [Parameters=[@p0='?' (Size = 4000), @p1='?' (Size = 20), @p2='?' (Size = 4000), @p3='?' (DbType = DateTime2), @p4='?' (Size = 450), @p5='?' (Size = 100), @p6='?' (DbType = Boolean), @p7='?' (Size = 4000), @p8='?' (Size = 4000), @p9='?' (Size = 4000), @p10='?' (DbType = DateTime2), @p11='?' (Size = 4000), @p12='?' (Size = 4000)], CommandType='"Text"', CommandTimeout='30']
SET IMPLICIT_TRANSACTIONS OFF;
SET NOCOUNT ON;
INSERT INTO [Users] ([AccountType], [CarPlateNumber], [CardLastFourDigits], [CreatedAt], [Email], [FullName], [HasLinkedCard], [PasswordHash], [Phone], [RefreshToken], [RefreshTokenExpiryTime], [Role], [Status])
OUTPUT INSERTED.[Id]
VALUES (@p0, @p1, @p2, @p3, @p4, @p5, @p6, @p7, @p8, @p9, @p10, @p11, @p12);
2026-05-25 23:15:49.102 +03:00 [INF] Executed DbCommand (3ms) [Parameters=[@p2='?' (DbType = Int32), @p0='?' (Size = 4000), @p1='?' (DbType = DateTime2)], CommandType='"Text"', CommandTimeout='30']
SET IMPLICIT_TRANSACTIONS OFF;
SET NOCOUNT ON;
UPDATE [Users] SET [RefreshToken] = @p0, [RefreshTokenExpiryTime] = @p1
OUTPUT 1
WHERE [Id] = @p2;
2026-05-25 23:15:49.105 +03:00 [INF] New user registered: 3
2026-05-25 23:15:49.106 +03:00 [INF] Executing OkObjectResult, writing value of type 'SmartParkingF.API.Models.DTOs.AuthResponse'.
2026-05-25 23:15:49.107 +03:00 [INF] Executed action SmartParkingF.API.Controllers.UsersController.Register (SmartParkingF.API) in 370.5995ms
2026-05-25 23:15:49.108 +03:00 [INF] Executed endpoint 'SmartParkingF.API.Controllers.UsersController.Register (SmartParkingF.API)'
2026-05-25 23:15:49.109 +03:00 [INF] HTTP POST /api/users/register responded 200 in 386.9869 ms
2026-05-25 23:15:49.111 +03:00 [INF] Request finished HTTP/2 POST https://localhost:7144/api/users/register - 200 null application/json; charset=utf-8 395.3336ms
2026-05-25 23:15:49.126 +03:00 [INF] Request starting HTTP/2 GET https://localhost:7144/api/dashboard/stats - null null
2026-05-25 23:15:49.128 +03:00 [INF] CORS policy execution successful.
2026-05-25 23:15:49.129 +03:00 [INF] Executing endpoint 'SmartParkingF.API.Controllers.DashboardController.GetStats (SmartParkingF.API)'
2026-05-25 23:15:49.136 +03:00 [INF] Route matched with {action = "GetStats", controller = "Dashboard"}. Executing controller action with signature System.Threading.Tasks.Task`1[Microsoft.AspNetCore.Mvc.IActionResult] GetStats() on controller SmartParkingF.API.Controllers.DashboardController (SmartParkingF.API).
2026-05-25 23:15:49.146 +03:00 [INF] Executed DbCommand (2ms) [Parameters=[], CommandType='"Text"', CommandTimeout='30']
SELECT COALESCE(SUM([r].[TotalPrice]), 0.0)
FROM [Reservations] AS [r]
WHERE [r].[Status] = N'Confirmed'
2026-05-25 23:15:49.154 +03:00 [INF] Executed DbCommand (2ms) [Parameters=[], CommandType='"Text"', CommandTimeout='30']
SELECT COUNT(*)
FROM [Reservations] AS [r]
WHERE [r].[Status] = N'Confirmed'
2026-05-25 23:15:49.158 +03:00 [INF] Executed DbCommand (1ms) [Parameters=[], CommandType='"Text"', CommandTimeout='30']
SELECT COUNT(*)
FROM [ParkingSpots] AS [p]
2026-05-25 23:15:49.166 +03:00 [INF] Executed DbCommand (2ms) [Parameters=[], CommandType='"Text"', CommandTimeout='30']
SELECT COUNT(*)
FROM [ParkingSpots] AS [p]
WHERE [p].[Status] = N'Busy'
2026-05-25 23:15:49.173 +03:00 [INF] Executed DbCommand (1ms) [Parameters=[], CommandType='"Text"', CommandTimeout='30']
SELECT COUNT(*)
FROM [Users] AS [u]
2026-05-25 23:15:49.175 +03:00 [INF] Executing OkObjectResult, writing value of type '<>f__AnonymousType0`6[[System.Decimal, System.Private.CoreLib, Version=10.0.0.0, Culture=neutral, PublicKeyToken=7cec85d7bea7798e],[System.Int32, System.Private.CoreLib, Version=10.0.0.0, Culture=neutral, PublicKeyToken=7cec85d7bea7798e],[System.Int32, System.Private.CoreLib, Version=10.0.0.0, Culture=neutral, PublicKeyToken=7cec85d7bea7798e],[System.Int32, System.Private.CoreLib, Version=10.0.0.0, Culture=neutral, PublicKeyToken=7cec85d7bea7798e],[System.Int32, System.Private.CoreLib, Version=10.0.0.0, Culture=neutral, PublicKeyToken=7cec85d7bea7798e],[System.Int32, System.Private.CoreLib, Version=10.0.0.0, Culture=neutral, PublicKeyToken=7cec85d7bea7798e]]'.
2026-05-25 23:15:49.179 +03:00 [INF] Executed action SmartParkingF.API.Controllers.DashboardController.GetStats (SmartParkingF.API) in 40.445ms
2026-05-25 23:15:49.180 +03:00 [INF] Executed endpoint 'SmartParkingF.API.Controllers.DashboardController.GetStats (SmartParkingF.API)'
2026-05-25 23:15:49.181 +03:00 [INF] Request starting HTTP/2 GET https://localhost:7144/api/dashboard/stats - null null
2026-05-25 23:15:49.182 +03:00 [INF] HTTP GET /api/dashboard/stats responded 200 in 53.6931 ms
2026-05-25 23:15:49.184 +03:00 [INF] CORS policy execution successful.
2026-05-25 23:15:49.185 +03:00 [INF] Request finished HTTP/2 GET https://localhost:7144/api/dashboard/stats - 200 null application/json; charset=utf-8 59.5877ms
2026-05-25 23:15:49.187 +03:00 [INF] Executing endpoint 'SmartParkingF.API.Controllers.DashboardController.GetStats (SmartParkingF.API)'
2026-05-25 23:15:49.189 +03:00 [INF] Route matched with {action = "GetStats", controller = "Dashboard"}. Executing controller action with signature System.Threading.Tasks.Task`1[Microsoft.AspNetCore.Mvc.IActionResult] GetStats() on controller SmartParkingF.API.Controllers.DashboardController (SmartParkingF.API).
2026-05-25 23:15:49.192 +03:00 [INF] Executed DbCommand (0ms) [Parameters=[], CommandType='"Text"', CommandTimeout='30']
SELECT COALESCE(SUM([r].[TotalPrice]), 0.0)
FROM [Reservations] AS [r]
WHERE [r].[Status] = N'Confirmed'
2026-05-25 23:15:49.195 +03:00 [INF] Executed DbCommand (0ms) [Parameters=[], CommandType='"Text"', CommandTimeout='30']
SELECT COUNT(*)
FROM [Reservations] AS [r]
WHERE [r].[Status] = N'Confirmed'
2026-05-25 23:15:49.197 +03:00 [INF] Executed DbCommand (0ms) [Parameters=[], CommandType='"Text"', CommandTimeout='30']
SELECT COUNT(*)
FROM [ParkingSpots] AS [p]
2026-05-25 23:15:49.200 +03:00 [INF] Executed DbCommand (1ms) [Parameters=[], CommandType='"Text"', CommandTimeout='30']
SELECT COUNT(*)
FROM [ParkingSpots] AS [p]
WHERE [p].[Status] = N'Busy'
2026-05-25 23:15:49.202 +03:00 [INF] Executed DbCommand (0ms) [Parameters=[], CommandType='"Text"', CommandTimeout='30']
SELECT COUNT(*)
FROM [Users] AS [u]
2026-05-25 23:15:49.205 +03:00 [INF] Executing OkObjectResult, writing value of type '<>f__AnonymousType0`6[[System.Decimal, System.Private.CoreLib, Version=10.0.0.0, Culture=neutral, PublicKeyToken=7cec85d7bea7798e],[System.Int32, System.Private.CoreLib, Version=10.0.0.0, Culture=neutral, PublicKeyToken=7cec85d7bea7798e],[System.Int32, System.Private.CoreLib, Version=10.0.0.0, Culture=neutral, PublicKeyToken=7cec85d7bea7798e],[System.Int32, System.Private.CoreLib, Version=10.0.0.0, Culture=neutral, PublicKeyToken=7cec85d7bea7798e],[System.Int32, System.Private.CoreLib, Version=10.0.0.0, Culture=neutral, PublicKeyToken=7cec85d7bea7798e],[System.Int32, System.Private.CoreLib, Version=10.0.0.0, Culture=neutral, PublicKeyToken=7cec85d7bea7798e]]'.
2026-05-25 23:15:49.206 +03:00 [INF] Executed action SmartParkingF.API.Controllers.DashboardController.GetStats (SmartParkingF.API) in 15.2937ms
2026-05-25 23:15:49.207 +03:00 [INF] Executed endpoint 'SmartParkingF.API.Controllers.DashboardController.GetStats (SmartParkingF.API)'
2026-05-25 23:15:49.208 +03:00 [INF] HTTP GET /api/dashboard/stats responded 200 in 24.5139 ms
2026-05-25 23:15:49.210 +03:00 [INF] Request finished HTTP/2 GET https://localhost:7144/api/dashboard/stats - 200 null application/json; charset=utf-8 28.8787ms
2026-05-25 23:15:54.559 +03:00 [INF] Request starting HTTP/2 OPTIONS https://localhost:7144/api/ParkingSpots - null null
2026-05-25 23:15:54.560 +03:00 [INF] Request starting HTTP/2 OPTIONS https://localhost:7144/api/ParkingSpots - null null
2026-05-25 23:15:54.564 +03:00 [INF] CORS policy execution successful.
2026-05-25 23:15:54.567 +03:00 [INF] CORS policy execution successful.
2026-05-25 23:15:54.568 +03:00 [INF] HTTP OPTIONS /api/ParkingSpots responded 204 in 4.1238 ms
2026-05-25 23:15:54.569 +03:00 [INF] HTTP OPTIONS /api/ParkingSpots responded 204 in 1.7499 ms
2026-05-25 23:15:54.571 +03:00 [INF] Request finished HTTP/2 OPTIONS https://localhost:7144/api/ParkingSpots - 204 null null 11.9841ms
2026-05-25 23:15:54.573 +03:00 [INF] Request finished HTTP/2 OPTIONS https://localhost:7144/api/ParkingSpots - 204 null null 13.3599ms
2026-05-25 23:15:54.573 +03:00 [INF] Request starting HTTP/2 GET https://localhost:7144/api/ParkingSpots - null null
2026-05-25 23:15:54.584 +03:00 [INF] CORS policy execution successful.
2026-05-25 23:15:54.586 +03:00 [INF] Executing endpoint 'SmartParkingF.API.Controllers.ParkingSpotsController.GetAll (SmartParkingF.API)'
2026-05-25 23:15:54.587 +03:00 [INF] Route matched with {action = "GetAll", controller = "ParkingSpots"}. Executing controller action with signature System.Threading.Tasks.Task`1[Microsoft.AspNetCore.Mvc.ActionResult`1[System.Collections.Generic.IEnumerable`1[SmartParkingF.API.Models.ParkingSpot]]] GetAll() on controller SmartParkingF.API.Controllers.ParkingSpotsController (SmartParkingF.API).
2026-05-25 23:15:54.591 +03:00 [INF] Executed DbCommand (2ms) [Parameters=[], CommandType='"Text"', CommandTimeout='30']
SELECT [p].[Id], [p].[Location], [p].[PricePerHour], [p].[PricePerNight], [p].[PropertyId], [p].[SpotNumber], [p].[Status], [p].[Zone]
FROM [ParkingSpots] AS [p]
2026-05-25 23:15:54.595 +03:00 [INF] Executing ObjectResult, writing value of type 'System.Collections.Generic.List`1[[SmartParkingF.API.Models.ParkingSpot, SmartParkingF.API, Version=1.0.0.0, Culture=neutral, PublicKeyToken=null]]'.
2026-05-25 23:15:54.597 +03:00 [INF] Executed action SmartParkingF.API.Controllers.ParkingSpotsController.GetAll (SmartParkingF.API) in 8.4535ms
2026-05-25 23:15:54.598 +03:00 [INF] Request starting HTTP/2 GET https://localhost:7144/api/ParkingSpots - null null
2026-05-25 23:15:54.598 +03:00 [INF] Executed endpoint 'SmartParkingF.API.Controllers.ParkingSpotsController.GetAll (SmartParkingF.API)'
2026-05-25 23:15:54.600 +03:00 [INF] CORS policy execution successful.
2026-05-25 23:15:54.601 +03:00 [INF] HTTP GET /api/ParkingSpots responded 200 in 16.9374 ms
2026-05-25 23:15:54.602 +03:00 [INF] Executing endpoint 'SmartParkingF.API.Controllers.ParkingSpotsController.GetAll (SmartParkingF.API)'
2026-05-25 23:15:54.604 +03:00 [INF] Request finished HTTP/2 GET https://localhost:7144/api/ParkingSpots - 200 null application/json; charset=utf-8 30.3773ms
2026-05-25 23:15:54.605 +03:00 [INF] Route matched with {action = "GetAll", controller = "ParkingSpots"}. Executing controller action with signature System.Threading.Tasks.Task`1[Microsoft.AspNetCore.Mvc.ActionResult`1[System.Collections.Generic.IEnumerable`1[SmartParkingF.API.Models.ParkingSpot]]] GetAll() on controller SmartParkingF.API.Controllers.ParkingSpotsController (SmartParkingF.API).
2026-05-25 23:15:54.612 +03:00 [INF] Executed DbCommand (1ms) [Parameters=[], CommandType='"Text"', CommandTimeout='30']
SELECT [p].[Id], [p].[Location], [p].[PricePerHour], [p].[PricePerNight], [p].[PropertyId], [p].[SpotNumber], [p].[Status], [p].[Zone]
FROM [ParkingSpots] AS [p]
2026-05-25 23:15:54.614 +03:00 [INF] Executing ObjectResult, writing value of type 'System.Collections.Generic.List`1[[SmartParkingF.API.Models.ParkingSpot, SmartParkingF.API, Version=1.0.0.0, Culture=neutral, PublicKeyToken=null]]'.
2026-05-25 23:15:54.616 +03:00 [INF] Executed action SmartParkingF.API.Controllers.ParkingSpotsController.GetAll (SmartParkingF.API) in 5.175ms
2026-05-25 23:15:54.617 +03:00 [INF] Executed endpoint 'SmartParkingF.API.Controllers.ParkingSpotsController.GetAll (SmartParkingF.API)'
2026-05-25 23:15:54.618 +03:00 [INF] HTTP GET /api/ParkingSpots responded 200 in 17.5205 ms
2026-05-25 23:15:54.620 +03:00 [INF] Request finished HTTP/2 GET https://localhost:7144/api/ParkingSpots - 200 null application/json; charset=utf-8 21.4916ms
2026-05-25 23:15:55.850 +03:00 [INF] Request starting HTTP/2 GET https://localhost:7144/api/Properties - null null
2026-05-25 23:15:55.852 +03:00 [INF] Request starting HTTP/2 GET https://localhost:7144/api/Properties - null null
2026-05-25 23:15:55.853 +03:00 [INF] CORS policy execution successful.
2026-05-25 23:15:55.856 +03:00 [INF] CORS policy execution successful.
2026-05-25 23:15:55.857 +03:00 [INF] Executing endpoint 'SmartParkingF.API.Controllers.PropertiesController.GetProperties (SmartParkingF.API)'
2026-05-25 23:15:55.858 +03:00 [INF] Executing endpoint 'SmartParkingF.API.Controllers.PropertiesController.GetProperties (SmartParkingF.API)'
2026-05-25 23:15:55.859 +03:00 [INF] Route matched with {action = "GetProperties", controller = "Properties"}. Executing controller action with signature System.Threading.Tasks.Task`1[Microsoft.AspNetCore.Mvc.IActionResult] GetProperties() on controller SmartParkingF.API.Controllers.PropertiesController (SmartParkingF.API).
2026-05-25 23:15:55.860 +03:00 [INF] Route matched with {action = "GetProperties", controller = "Properties"}. Executing controller action with signature System.Threading.Tasks.Task`1[Microsoft.AspNetCore.Mvc.IActionResult] GetProperties() on controller SmartParkingF.API.Controllers.PropertiesController (SmartParkingF.API).
2026-05-25 23:15:55.865 +03:00 [INF] Executed DbCommand (2ms) [Parameters=[], CommandType='"Text"', CommandTimeout='30']
SELECT [p].[Id], [p].[Bathrooms], [p].[Bedrooms], [p].[CreatedAt], [p].[Description], [p].[HasSmartParking], [p].[ImageUrl], [p].[Location], [p].[Name], [p].[Price], [p].[PricePerHour], [p].[PricePerNight], [p].[Rating], [p].[Title], [p].[TotalSpots]
FROM [Properties] AS [p]
2026-05-25 23:15:55.865 +03:00 [INF] Executed DbCommand (2ms) [Parameters=[], CommandType='"Text"', CommandTimeout='30']
SELECT [p].[Id], [p].[Bathrooms], [p].[Bedrooms], [p].[CreatedAt], [p].[Description], [p].[HasSmartParking], [p].[ImageUrl], [p].[Location], [p].[Name], [p].[Price], [p].[PricePerHour], [p].[PricePerNight], [p].[Rating], [p].[Title], [p].[TotalSpots]
FROM [Properties] AS [p]
2026-05-25 23:15:55.867 +03:00 [INF] Executing OkObjectResult, writing value of type 'System.Collections.Generic.List`1[[SmartParkingF.API.Models.Property, SmartParkingF.API, Version=1.0.0.0, Culture=neutral, PublicKeyToken=null]]'.
2026-05-25 23:15:55.869 +03:00 [INF] Executing OkObjectResult, writing value of type 'System.Collections.Generic.List`1[[SmartParkingF.API.Models.Property, SmartParkingF.API, Version=1.0.0.0, Culture=neutral, PublicKeyToken=null]]'.
2026-05-25 23:15:55.871 +03:00 [INF] Executed action SmartParkingF.API.Controllers.PropertiesController.GetProperties (SmartParkingF.API) in 9.5774ms
2026-05-25 23:15:55.872 +03:00 [INF] Executed action SmartParkingF.API.Controllers.PropertiesController.GetProperties (SmartParkingF.API) in 8.7158ms
2026-05-25 23:15:55.873 +03:00 [INF] Executed endpoint 'SmartParkingF.API.Controllers.PropertiesController.GetProperties (SmartParkingF.API)'
2026-05-25 23:15:55.875 +03:00 [INF] Executed endpoint 'SmartParkingF.API.Controllers.PropertiesController.GetProperties (SmartParkingF.API)'
2026-05-25 23:15:55.876 +03:00 [INF] HTTP GET /api/Properties responded 200 in 22.6129 ms
2026-05-25 23:15:55.877 +03:00 [INF] HTTP GET /api/Properties responded 200 in 20.5021 ms
2026-05-25 23:15:55.879 +03:00 [INF] Request finished HTTP/2 GET https://localhost:7144/api/Properties - 499 null application/json; charset=utf-8 28.8016ms
2026-05-25 23:15:55.880 +03:00 [INF] Request finished HTTP/2 GET https://localhost:7144/api/Properties - 200 null application/json; charset=utf-8 28.4085ms
2026-05-25 23:16:01.956 +03:00 [INF] Request starting HTTP/2 GET https://localhost:7144/api/Properties/1 - null null
2026-05-25 23:16:01.957 +03:00 [INF] Request starting HTTP/2 GET https://localhost:7144/api/Reservations/PropertyBookedDates/1 - null null
2026-05-25 23:16:01.960 +03:00 [INF] CORS policy execution successful.
2026-05-25 23:16:01.964 +03:00 [INF] CORS policy execution successful.
2026-05-25 23:16:01.965 +03:00 [INF] Executing endpoint 'SmartParkingF.API.Controllers.PropertiesController.GetProperty (SmartParkingF.API)'
2026-05-25 23:16:01.965 +03:00 [INF] Executing endpoint 'SmartParkingF.API.Controllers.ReservationsController.GetPropertyBookedDates (SmartParkingF.API)'
2026-05-25 23:16:01.967 +03:00 [INF] Route matched with {action = "GetProperty", controller = "Properties"}. Executing controller action with signature System.Threading.Tasks.Task`1[Microsoft.AspNetCore.Mvc.ActionResult`1[SmartParkingF.API.Models.Property]] GetProperty(Int32) on controller SmartParkingF.API.Controllers.PropertiesController (SmartParkingF.API).
2026-05-25 23:16:01.968 +03:00 [INF] Route matched with {action = "GetPropertyBookedDates", controller = "Reservations"}. Executing controller action with signature System.Threading.Tasks.Task`1[Microsoft.AspNetCore.Mvc.ActionResult`1[System.Collections.Generic.IEnumerable`1[System.Object]]] GetPropertyBookedDates(Int32) on controller SmartParkingF.API.Controllers.ReservationsController (SmartParkingF.API).
2026-05-25 23:16:01.974 +03:00 [INF] Executed DbCommand (3ms) [Parameters=[@p='?' (DbType = Int32)], CommandType='"Text"', CommandTimeout='30']
SELECT TOP(1) [p].[Id], [p].[Bathrooms], [p].[Bedrooms], [p].[CreatedAt], [p].[Description], [p].[HasSmartParking], [p].[ImageUrl], [p].[Location], [p].[Name], [p].[Price], [p].[PricePerHour], [p].[PricePerNight], [p].[Rating], [p].[Title], [p].[TotalSpots]
FROM [Properties] AS [p]
WHERE [p].[Id] = @p
2026-05-25 23:16:01.976 +03:00 [INF] Executed DbCommand (3ms) [Parameters=[@propertyId='?' (DbType = Int32)], CommandType='"Text"', CommandTimeout='30']
SELECT [r].[Id], [r].[StartTime], [r].[EndTime]
FROM [Reservations] AS [r]
WHERE [r].[PropertyId] = @propertyId AND [r].[Status] = N'Confirmed'
2026-05-25 23:16:01.977 +03:00 [INF] Executing OkObjectResult, writing value of type 'SmartParkingF.API.Models.Property'.
2026-05-25 23:16:01.980 +03:00 [INF] Executing OkObjectResult, writing value of type 'System.Collections.Generic.List`1[[<>f__AnonymousType13`3[[System.Int32, System.Private.CoreLib, Version=10.0.0.0, Culture=neutral, PublicKeyToken=7cec85d7bea7798e],[System.DateTime, System.Private.CoreLib, Version=10.0.0.0, Culture=neutral, PublicKeyToken=7cec85d7bea7798e],[System.DateTime, System.Private.CoreLib, Version=10.0.0.0, Culture=neutral, PublicKeyToken=7cec85d7bea7798e]], SmartParkingF.API, Version=1.0.0.0, Culture=neutral, PublicKeyToken=null]]'.
2026-05-25 23:16:01.981 +03:00 [INF] Executed action SmartParkingF.API.Controllers.PropertiesController.GetProperty (SmartParkingF.API) in 11.066ms
2026-05-25 23:16:01.982 +03:00 [INF] Request starting HTTP/2 GET https://localhost:7144/api/Properties/1 - null null
2026-05-25 23:16:01.982 +03:00 [INF] Executed action SmartParkingF.API.Controllers.ReservationsController.GetPropertyBookedDates (SmartParkingF.API) in 10.5402ms
2026-05-25 23:16:01.983 +03:00 [INF] Request starting HTTP/2 GET https://localhost:7144/api/Reservations/PropertyBookedDates/1 - null null
2026-05-25 23:16:01.983 +03:00 [INF] Executed endpoint 'SmartParkingF.API.Controllers.PropertiesController.GetProperty (SmartParkingF.API)'
2026-05-25 23:16:01.986 +03:00 [INF] CORS policy execution successful.
2026-05-25 23:16:01.987 +03:00 [INF] Executed endpoint 'SmartParkingF.API.Controllers.ReservationsController.GetPropertyBookedDates (SmartParkingF.API)'
2026-05-25 23:16:01.990 +03:00 [INF] CORS policy execution successful.
2026-05-25 23:16:01.991 +03:00 [INF] HTTP GET /api/Properties/1 responded 200 in 30.2934 ms
2026-05-25 23:16:01.992 +03:00 [INF] Executing endpoint 'SmartParkingF.API.Controllers.PropertiesController.GetProperty (SmartParkingF.API)'
2026-05-25 23:16:01.994 +03:00 [INF] Executing endpoint 'SmartParkingF.API.Controllers.ReservationsController.GetPropertyBookedDates (SmartParkingF.API)'
2026-05-25 23:16:01.993 +03:00 [INF] HTTP GET /api/Reservations/PropertyBookedDates/1 responded 200 in 29.2727 ms
2026-05-25 23:16:01.996 +03:00 [INF] Request finished HTTP/2 GET https://localhost:7144/api/Properties/1 - 200 null application/json; charset=utf-8 40.4183ms
2026-05-25 23:16:02.000 +03:00 [INF] Route matched with {action = "GetProperty", controller = "Properties"}. Executing controller action with signature System.Threading.Tasks.Task`1[Microsoft.AspNetCore.Mvc.ActionResult`1[SmartParkingF.API.Models.Property]] GetProperty(Int32) on controller SmartParkingF.API.Controllers.PropertiesController (SmartParkingF.API).
2026-05-25 23:16:02.001 +03:00 [INF] Route matched with {action = "GetPropertyBookedDates", controller = "Reservations"}. Executing controller action with signature System.Threading.Tasks.Task`1[Microsoft.AspNetCore.Mvc.ActionResult`1[System.Collections.Generic.IEnumerable`1[System.Object]]] GetPropertyBookedDates(Int32) on controller SmartParkingF.API.Controllers.ReservationsController (SmartParkingF.API).
2026-05-25 23:16:02.003 +03:00 [INF] Request finished HTTP/2 GET https://localhost:7144/api/Reservations/PropertyBookedDates/1 - 200 null application/json; charset=utf-8 45.9735ms
2026-05-25 23:16:02.009 +03:00 [INF] Executed DbCommand (1ms) [Parameters=[@p='?' (DbType = Int32)], CommandType='"Text"', CommandTimeout='30']
SELECT TOP(1) [p].[Id], [p].[Bathrooms], [p].[Bedrooms], [p].[CreatedAt], [p].[Description], [p].[HasSmartParking], [p].[ImageUrl], [p].[Location], [p].[Name], [p].[Price], [p].[PricePerHour], [p].[PricePerNight], [p].[Rating], [p].[Title], [p].[TotalSpots]
FROM [Properties] AS [p]
WHERE [p].[Id] = @p
2026-05-25 23:16:02.011 +03:00 [INF] Executed DbCommand (1ms) [Parameters=[@propertyId='?' (DbType = Int32)], CommandType='"Text"', CommandTimeout='30']
SELECT [r].[Id], [r].[StartTime], [r].[EndTime]
FROM [Reservations] AS [r]
WHERE [r].[PropertyId] = @propertyId AND [r].[Status] = N'Confirmed'
2026-05-25 23:16:02.014 +03:00 [INF] Executing OkObjectResult, writing value of type 'SmartParkingF.API.Models.Property'.
2026-05-25 23:16:02.016 +03:00 [INF] Executing OkObjectResult, writing value of type 'System.Collections.Generic.List`1[[<>f__AnonymousType13`3[[System.Int32, System.Private.CoreLib, Version=10.0.0.0, Culture=neutral, PublicKeyToken=7cec85d7bea7798e],[System.DateTime, System.Private.CoreLib, Version=10.0.0.0, Culture=neutral, PublicKeyToken=7cec85d7bea7798e],[System.DateTime, System.Private.CoreLib, Version=10.0.0.0, Culture=neutral, PublicKeyToken=7cec85d7bea7798e]], SmartParkingF.API, Version=1.0.0.0, Culture=neutral, PublicKeyToken=null]]'.
2026-05-25 23:16:02.017 +03:00 [INF] Executed action SmartParkingF.API.Controllers.PropertiesController.GetProperty (SmartParkingF.API) in 9.593ms
2026-05-25 23:16:02.018 +03:00 [INF] Executed action SmartParkingF.API.Controllers.ReservationsController.GetPropertyBookedDates (SmartParkingF.API) in 8.9352ms
2026-05-25 23:16:02.019 +03:00 [INF] Executed endpoint 'SmartParkingF.API.Controllers.PropertiesController.GetProperty (SmartParkingF.API)'
2026-05-25 23:16:02.020 +03:00 [INF] Executed endpoint 'SmartParkingF.API.Controllers.ReservationsController.GetPropertyBookedDates (SmartParkingF.API)'
2026-05-25 23:16:02.021 +03:00 [INF] HTTP GET /api/Properties/1 responded 200 in 35.3206 ms
2026-05-25 23:16:02.036 +03:00 [INF] HTTP GET /api/Reservations/PropertyBookedDates/1 responded 200 in 46.3147 ms
2026-05-25 23:16:02.040 +03:00 [INF] Request finished HTTP/2 GET https://localhost:7144/api/Reservations/PropertyBookedDates/1 - 200 null application/json; charset=utf-8 56.6311ms
2026-05-25 23:16:02.038 +03:00 [INF] Request finished HTTP/2 GET https://localhost:7144/api/Properties/1 - 200 null application/json; charset=utf-8 56.0672ms
2026-05-25 23:16:07.142 +03:00 [INF] Request starting HTTP/2 OPTIONS https://localhost:7144/api/Payments/user-history/3 - null null
2026-05-25 23:16:07.143 +03:00 [INF] Request starting HTTP/2 OPTIONS https://localhost:7144/api/Payments/user-history/3 - null null
2026-05-25 23:16:07.147 +03:00 [INF] CORS policy execution successful.
2026-05-25 23:16:07.150 +03:00 [INF] CORS policy execution successful.
2026-05-25 23:16:07.151 +03:00 [INF] HTTP OPTIONS /api/Payments/user-history/3 responded 204 in 4.1210 ms
2026-05-25 23:16:07.152 +03:00 [INF] HTTP OPTIONS /api/Payments/user-history/3 responded 204 in 2.1044 ms
2026-05-25 23:16:07.155 +03:00 [INF] Request finished HTTP/2 OPTIONS https://localhost:7144/api/Payments/user-history/3 - 204 null null 13.0041ms
2026-05-25 23:16:07.157 +03:00 [INF] Request starting HTTP/2 GET https://localhost:7144/api/Payments/user-history/3 - null null
2026-05-25 23:16:07.159 +03:00 [INF] Request finished HTTP/2 OPTIONS https://localhost:7144/api/Payments/user-history/3 - 204 null null 15.9623ms
2026-05-25 23:16:07.166 +03:00 [INF] CORS policy execution successful.
2026-05-25 23:16:07.170 +03:00 [INF] Executing endpoint 'SmartParkingF.API.Controllers.PaymentsController.GetUserPaymentHistory (SmartParkingF.API)'
2026-05-25 23:16:07.172 +03:00 [INF] Route matched with {action = "GetUserPaymentHistory", controller = "Payments"}. Executing controller action with signature System.Threading.Tasks.Task`1[Microsoft.AspNetCore.Mvc.IActionResult] GetUserPaymentHistory(Int32) on controller SmartParkingF.API.Controllers.PaymentsController (SmartParkingF.API).
2026-05-25 23:16:07.178 +03:00 [INF] Executed DbCommand (4ms) [Parameters=[@userId='?' (DbType = Int32)], CommandType='"Text"', CommandTimeout='30']
SELECT CASE
    WHEN EXISTS (
        SELECT 1
        FROM [Users] AS [u]
        WHERE [u].[Id] = @userId) THEN CAST(1 AS bit)
    ELSE CAST(0 AS bit)
END
2026-05-25 23:16:07.187 +03:00 [INF] Executed DbCommand (5ms) [Parameters=[@userId='?' (DbType = Int32)], CommandType='"Text"', CommandTimeout='30']
SELECT [r].[Id], CONVERT(varchar(11), [r].[Id]), [r].[StartTime], [r].[Status], [r].[TotalPrice], [p].[Name]
FROM [Reservations] AS [r]
INNER JOIN [Properties] AS [p] ON [r].[PropertyId] = [p].[Id]
WHERE [r].[UserId] = @userId
ORDER BY [r].[StartTime] DESC
2026-05-25 23:16:07.191 +03:00 [INF] Executing OkObjectResult, writing value of type 'System.Collections.Generic.List`1[[<>f__AnonymousType3`7[[System.Int32, System.Private.CoreLib, Version=10.0.0.0, Culture=neutral, PublicKeyToken=7cec85d7bea7798e],[System.String, System.Private.CoreLib, Version=10.0.0.0, Culture=neutral, PublicKeyToken=7cec85d7bea7798e],[System.String, System.Private.CoreLib, Version=10.0.0.0, Culture=neutral, PublicKeyToken=7cec85d7bea7798e],[System.String, System.Private.CoreLib, Version=10.0.0.0, Culture=neutral, PublicKeyToken=7cec85d7bea7798e],[System.String, System.Private.CoreLib, Version=10.0.0.0, Culture=neutral, PublicKeyToken=7cec85d7bea7798e],[System.Decimal, System.Private.CoreLib, Version=10.0.0.0, Culture=neutral, PublicKeyToken=7cec85d7bea7798e],[System.String, System.Private.CoreLib, Version=10.0.0.0, Culture=neutral, PublicKeyToken=7cec85d7bea7798e]], SmartParkingF.API, Version=1.0.0.0, Culture=neutral, PublicKeyToken=null]]'.
2026-05-25 23:16:07.194 +03:00 [INF] Executed action SmartParkingF.API.Controllers.PaymentsController.GetUserPaymentHistory (SmartParkingF.API) in 20.267ms
2026-05-25 23:16:07.196 +03:00 [INF] Request starting HTTP/2 GET https://localhost:7144/api/Payments/user-history/3 - null null
2026-05-25 23:16:07.197 +03:00 [INF] Executed endpoint 'SmartParkingF.API.Controllers.PaymentsController.GetUserPaymentHistory (SmartParkingF.API)'
2026-05-25 23:16:07.201 +03:00 [INF] CORS policy execution successful.
2026-05-25 23:16:07.202 +03:00 [INF] HTTP GET /api/Payments/user-history/3 responded 200 in 36.3790 ms
2026-05-25 23:16:07.204 +03:00 [INF] Executing endpoint 'SmartParkingF.API.Controllers.PaymentsController.GetUserPaymentHistory (SmartParkingF.API)'
2026-05-25 23:16:07.206 +03:00 [INF] Request finished HTTP/2 GET https://localhost:7144/api/Payments/user-history/3 - 200 null application/json; charset=utf-8 48.466ms
2026-05-25 23:16:07.207 +03:00 [INF] Route matched with {action = "GetUserPaymentHistory", controller = "Payments"}. Executing controller action with signature System.Threading.Tasks.Task`1[Microsoft.AspNetCore.Mvc.IActionResult] GetUserPaymentHistory(Int32) on controller SmartParkingF.API.Controllers.PaymentsController (SmartParkingF.API).
2026-05-25 23:16:07.214 +03:00 [INF] Executed DbCommand (0ms) [Parameters=[@userId='?' (DbType = Int32)], CommandType='"Text"', CommandTimeout='30']
SELECT CASE
    WHEN EXISTS (
        SELECT 1
        FROM [Users] AS [u]
        WHERE [u].[Id] = @userId) THEN CAST(1 AS bit)
    ELSE CAST(0 AS bit)
END
2026-05-25 23:16:07.217 +03:00 [INF] Executed DbCommand (0ms) [Parameters=[@userId='?' (DbType = Int32)], CommandType='"Text"', CommandTimeout='30']
SELECT [r].[Id], CONVERT(varchar(11), [r].[Id]), [r].[StartTime], [r].[Status], [r].[TotalPrice], [p].[Name]
FROM [Reservations] AS [r]
INNER JOIN [Properties] AS [p] ON [r].[PropertyId] = [p].[Id]
WHERE [r].[UserId] = @userId
ORDER BY [r].[StartTime] DESC
2026-05-25 23:16:07.219 +03:00 [INF] Executing OkObjectResult, writing value of type 'System.Collections.Generic.List`1[[<>f__AnonymousType3`7[[System.Int32, System.Private.CoreLib, Version=10.0.0.0, Culture=neutral, PublicKeyToken=7cec85d7bea7798e],[System.String, System.Private.CoreLib, Version=10.0.0.0, Culture=neutral, PublicKeyToken=7cec85d7bea7798e],[System.String, System.Private.CoreLib, Version=10.0.0.0, Culture=neutral, PublicKeyToken=7cec85d7bea7798e],[System.String, System.Private.CoreLib, Version=10.0.0.0, Culture=neutral, PublicKeyToken=7cec85d7bea7798e],[System.String, System.Private.CoreLib, Version=10.0.0.0, Culture=neutral, PublicKeyToken=7cec85d7bea7798e],[System.Decimal, System.Private.CoreLib, Version=10.0.0.0, Culture=neutral, PublicKeyToken=7cec85d7bea7798e],[System.String, System.Private.CoreLib, Version=10.0.0.0, Culture=neutral, PublicKeyToken=7cec85d7bea7798e]], SmartParkingF.API, Version=1.0.0.0, Culture=neutral, PublicKeyToken=null]]'.
2026-05-25 23:16:07.220 +03:00 [INF] Executed action SmartParkingF.API.Controllers.PaymentsController.GetUserPaymentHistory (SmartParkingF.API) in 7.6386ms
2026-05-25 23:16:07.221 +03:00 [INF] Executed endpoint 'SmartParkingF.API.Controllers.PaymentsController.GetUserPaymentHistory (SmartParkingF.API)'
2026-05-25 23:16:07.222 +03:00 [INF] HTTP GET /api/Payments/user-history/3 responded 200 in 21.3866 ms
2026-05-25 23:16:07.224 +03:00 [INF] Request finished HTTP/2 GET https://localhost:7144/api/Payments/user-history/3 - 200 null application/json; charset=utf-8 28.4542ms
2026-05-25 23:18:03.145 +03:00 [INF] Request starting HTTP/2 OPTIONS https://localhost:7144/api/users/update-profile - null null
2026-05-25 23:18:03.156 +03:00 [INF] CORS policy execution successful.
2026-05-25 23:18:03.161 +03:00 [INF] HTTP OPTIONS /api/users/update-profile responded 204 in 4.2768 ms
2026-05-25 23:18:03.166 +03:00 [INF] Request finished HTTP/2 OPTIONS https://localhost:7144/api/users/update-profile - 204 null null 21.0721ms
2026-05-25 23:18:03.169 +03:00 [INF] Request starting HTTP/2 PUT https://localhost:7144/api/users/update-profile - application/json 235
2026-05-25 23:18:03.179 +03:00 [INF] CORS policy execution successful.
2026-05-25 23:18:03.182 +03:00 [INF] Authorization failed. These requirements were not met:
DenyAnonymousAuthorizationRequirement: Requires an authenticated user.
2026-05-25 23:18:03.184 +03:00 [INF] AuthenticationScheme: Bearer was challenged.
2026-05-25 23:18:03.185 +03:00 [INF] HTTP PUT /api/users/update-profile responded 401 in 6.3230 ms
2026-05-25 23:18:03.188 +03:00 [INF] Request finished HTTP/2 PUT https://localhost:7144/api/users/update-profile - 401 0 null 18.3377ms
2026-05-25 23:18:04.712 +03:00 [INF] Request starting HTTP/2 PUT https://localhost:7144/api/users/update-profile - application/json 235
2026-05-25 23:18:04.718 +03:00 [INF] CORS policy execution successful.
2026-05-25 23:18:04.719 +03:00 [INF] Authorization failed. These requirements were not met:
DenyAnonymousAuthorizationRequirement: Requires an authenticated user.
2026-05-25 23:18:04.721 +03:00 [INF] AuthenticationScheme: Bearer was challenged.
2026-05-25 23:18:04.722 +03:00 [INF] HTTP PUT /api/users/update-profile responded 401 in 4.5899 ms
2026-05-25 23:18:04.724 +03:00 [INF] Request finished HTTP/2 PUT https://localhost:7144/api/users/update-profile - 401 0 null 12.1631ms
2026-05-25 23:20:05.689 +03:00 [INF] Executed DbCommand (23ms) [Parameters=[], CommandType='"Text"', CommandTimeout='30']
SELECT 1
2026-05-25 23:20:05.752 +03:00 [INF] Acquiring an exclusive lock for migration application. See https://aka.ms/efcore-docs-migrations-lock for more information if this takes too long.
2026-05-25 23:20:05.779 +03:00 [INF] Executed DbCommand (22ms) [Parameters=[], CommandType='"Text"', CommandTimeout='30']
DECLARE @result int;
EXEC @result = sp_getapplock @Resource = '__EFMigrationsLock', @LockOwner = 'Session', @LockMode = 'Exclusive';
SELECT @result
2026-05-25 23:20:05.864 +03:00 [INF] Executed DbCommand (3ms) [Parameters=[], CommandType='"Text"', CommandTimeout='30']
IF OBJECT_ID(N'[__EFMigrationsHistory]') IS NULL
BEGIN
    CREATE TABLE [__EFMigrationsHistory] (
        [MigrationId] nvarchar(150) NOT NULL,
        [ProductVersion] nvarchar(32) NOT NULL,
        CONSTRAINT [PK___EFMigrationsHistory] PRIMARY KEY ([MigrationId])
    );
END;
2026-05-25 23:20:05.878 +03:00 [INF] Executed DbCommand (0ms) [Parameters=[], CommandType='"Text"', CommandTimeout='30']
SELECT 1
2026-05-25 23:20:05.881 +03:00 [INF] Executed DbCommand (0ms) [Parameters=[], CommandType='"Text"', CommandTimeout='30']
SELECT OBJECT_ID(N'[__EFMigrationsHistory]');
2026-05-25 23:20:05.894 +03:00 [INF] Executed DbCommand (9ms) [Parameters=[], CommandType='"Text"', CommandTimeout='30']
SELECT [MigrationId], [ProductVersion]
FROM [__EFMigrationsHistory]
ORDER BY [MigrationId];
2026-05-25 23:20:05.906 +03:00 [INF] No migrations were applied. The database is already up to date.
2026-05-25 23:20:05.909 +03:00 [INF] Executed DbCommand (1ms) [Parameters=[], CommandType='"Text"', CommandTimeout='30']
DECLARE @result int;
EXEC @result = sp_releaseapplock @Resource = '__EFMigrationsLock', @LockOwner = 'Session';
SELECT @result
2026-05-25 23:20:06.181 +03:00 [INF] Executed DbCommand (6ms) [Parameters=[], CommandType='"Text"', CommandTimeout='30']
SELECT CASE
    WHEN EXISTS (
        SELECT 1
        FROM [Users] AS [u]) THEN CAST(1 AS bit)
    ELSE CAST(0 AS bit)
END
2026-05-25 23:20:06.192 +03:00 [INF] Executed DbCommand (2ms) [Parameters=[], CommandType='"Text"', CommandTimeout='30']
SELECT CASE
    WHEN EXISTS (
        SELECT 1
        FROM [Properties] AS [p]) THEN CAST(1 AS bit)
    ELSE CAST(0 AS bit)
END
2026-05-25 23:20:06.202 +03:00 [WRN] The query uses the 'First'/'FirstOrDefault' operator without 'OrderBy' and filter operators. This may lead to unpredictable results.
2026-05-25 23:20:06.252 +03:00 [INF] Executed DbCommand (2ms) [Parameters=[], CommandType='"Text"', CommandTimeout='30']
SELECT TOP(1) [p].[Id], [p].[Bathrooms], [p].[Bedrooms], [p].[CreatedAt], [p].[Description], [p].[HasSmartParking], [p].[ImageUrl], [p].[Location], [p].[Name], [p].[Price], [p].[PricePerHour], [p].[PricePerNight], [p].[Rating], [p].[Title], [p].[TotalSpots]
FROM [Properties] AS [p]
2026-05-25 23:20:06.362 +03:00 [INF] Executed DbCommand (3ms) [Parameters=[], CommandType='"Text"', CommandTimeout='30']
SELECT COUNT(*)
FROM [ParkingSpots] AS [p]
2026-05-25 23:20:06.372 +03:00 [INF] Executed DbCommand (3ms) [Parameters=[], CommandType='"Text"', CommandTimeout='30']
SELECT CASE
    WHEN EXISTS (
        SELECT 1
        FROM [Reservations] AS [r]) THEN CAST(1 AS bit)
    ELSE CAST(0 AS bit)
END
2026-05-25 23:20:06.375 +03:00 [WRN] The query uses the 'First'/'FirstOrDefault' operator without 'OrderBy' and filter operators. This may lead to unpredictable results.
2026-05-25 23:20:06.389 +03:00 [INF] Executed DbCommand (2ms) [Parameters=[], CommandType='"Text"', CommandTimeout='30']
SELECT TOP(1) [p].[Id], [p].[Location], [p].[PricePerHour], [p].[PricePerNight], [p].[PropertyId], [p].[SpotNumber], [p].[Status], [p].[Zone]
FROM [ParkingSpots] AS [p]
2026-05-25 23:20:06.615 +03:00 [INF] Executed DbCommand (30ms) [Parameters=[@p0='?' (Size = 4000), @p1='?' (Size = 4000), @p2='?' (DbType = DateTime2), @p3='?' (DbType = DateTime2), @p4='?' (DbType = Int32), @p5='?' (DbType = Int32), @p6='?' (Size = 4000), @p7='?' (DbType = DateTime2), @p8='?' (Size = 4000), @p9='?' (Precision = 18) (Scale = 2) (DbType = Decimal), @p10='?' (DbType = Int32)], CommandType='"Text"', CommandTimeout='30']
SET IMPLICIT_TRANSACTIONS OFF;
SET NOCOUNT ON;
INSERT INTO [Reservations] ([BookingType], [CarPlateNumber], [CreatedAt], [EndTime], [ParkingSpotId], [PropertyId], [QrCodeData], [StartTime], [Status], [TotalPrice], [UserId])
OUTPUT INSERTED.[Id]
VALUES (@p0, @p1, @p2, @p3, @p4, @p5, @p6, @p7, @p8, @p9, @p10);
2026-05-25 23:20:06.656 +03:00 [ERR] An exception occurred in the database while saving changes for context type 'SmartParkingF.API.Data.ApplicationDbContext'.
Microsoft.EntityFrameworkCore.DbUpdateException: An error occurred while saving the entity changes. See the inner exception for details.
 ---> Microsoft.Data.SqlClient.SqlException (0x80131904): The INSERT statement conflicted with the FOREIGN KEY constraint "FK_Reservations_Users_UserId". The conflict occurred in database "SmartParkingDB", table "dbo.Users", column 'Id'.
   at Microsoft.Data.SqlClient.SqlConnection.OnError(SqlException exception, Boolean breakConnection, Action`1 wrapCloseInAction)
   at Microsoft.Data.SqlClient.SqlInternalConnection.OnError(SqlException exception, Boolean breakConnection, Action`1 wrapCloseInAction)
   at Microsoft.Data.SqlClient.TdsParser.ThrowExceptionAndWarning(TdsParserStateObject stateObj, SqlCommand command, Boolean callerHasConnectionLock, Boolean asyncClose)
   at Microsoft.Data.SqlClient.TdsParser.TryRun(RunBehavior runBehavior, SqlCommand cmdHandler, SqlDataReader dataStream, BulkCopySimpleResultSet bulkCopyHandler, TdsParserStateObject stateObj, Boolean& dataReady)
   at Microsoft.Data.SqlClient.SqlDataReader.TryHasMoreRows(Boolean& moreRows)
   at Microsoft.Data.SqlClient.SqlDataReader.TryReadInternal(Boolean setTimeout, Boolean& more)
   at Microsoft.Data.SqlClient.SqlDataReader.Read()
   at Microsoft.EntityFrameworkCore.Storage.RelationalDataReader.Read()
   at Microsoft.EntityFrameworkCore.Update.AffectedCountModificationCommandBatch.ConsumeResultSet(Int32 startCommandIndex, RelationalDataReader reader)
ClientConnectionId:314a244a-b2b6-41bb-9cc1-cb71b14fff51
Error Number:547,State:0,Class:16
   --- End of inner exception stack trace ---
   at Microsoft.EntityFrameworkCore.Update.AffectedCountModificationCommandBatch.ConsumeResultSet(Int32 startCommandIndex, RelationalDataReader reader)
   at Microsoft.EntityFrameworkCore.Update.AffectedCountModificationCommandBatch.Consume(RelationalDataReader reader)
   at Microsoft.EntityFrameworkCore.Update.ReaderModificationCommandBatch.Execute(IRelationalConnection connection)
   at Microsoft.EntityFrameworkCore.SqlServer.Update.Internal.SqlServerModificationCommandBatch.Execute(IRelationalConnection connection)
   at Microsoft.EntityFrameworkCore.Update.Internal.BatchExecutor.Execute(IEnumerable`1 commandBatches, IRelationalConnection connection)
   at Microsoft.EntityFrameworkCore.Storage.RelationalDatabase.SaveChanges(IList`1 entries)
   at Microsoft.EntityFrameworkCore.ChangeTracking.Internal.StateManager.SaveChanges(IList`1 entriesToSave)
   at Microsoft.EntityFrameworkCore.ChangeTracking.Internal.StateManager.SaveChanges(StateManager stateManager, Boolean acceptAllChangesOnSuccess)
   at Microsoft.EntityFrameworkCore.ChangeTracking.Internal.StateManager.<>c.<SaveChanges>b__114_0(DbContext _, ValueTuple`2 t)
   at Microsoft.EntityFrameworkCore.SqlServer.Storage.Internal.SqlServerExecutionStrategy.Execute[TState,TResult](TState state, Func`3 operation, Func`3 verifySucceeded)
   at Microsoft.EntityFrameworkCore.ChangeTracking.Internal.StateManager.SaveChanges(Boolean acceptAllChangesOnSuccess)
   at Microsoft.EntityFrameworkCore.DbContext.SaveChanges(Boolean acceptAllChangesOnSuccess)
Microsoft.EntityFrameworkCore.DbUpdateException: An error occurred while saving the entity changes. See the inner exception for details.
 ---> Microsoft.Data.SqlClient.SqlException (0x80131904): The INSERT statement conflicted with the FOREIGN KEY constraint "FK_Reservations_Users_UserId". The conflict occurred in database "SmartParkingDB", table "dbo.Users", column 'Id'.
   at Microsoft.Data.SqlClient.SqlConnection.OnError(SqlException exception, Boolean breakConnection, Action`1 wrapCloseInAction)
   at Microsoft.Data.SqlClient.SqlInternalConnection.OnError(SqlException exception, Boolean breakConnection, Action`1 wrapCloseInAction)
   at Microsoft.Data.SqlClient.TdsParser.ThrowExceptionAndWarning(TdsParserStateObject stateObj, SqlCommand command, Boolean callerHasConnectionLock, Boolean asyncClose)
   at Microsoft.Data.SqlClient.TdsParser.TryRun(RunBehavior runBehavior, SqlCommand cmdHandler, SqlDataReader dataStream, BulkCopySimpleResultSet bulkCopyHandler, TdsParserStateObject stateObj, Boolean& dataReady)
   at Microsoft.Data.SqlClient.SqlDataReader.TryHasMoreRows(Boolean& moreRows)
   at Microsoft.Data.SqlClient.SqlDataReader.TryReadInternal(Boolean setTimeout, Boolean& more)
   at Microsoft.Data.SqlClient.SqlDataReader.Read()
   at Microsoft.EntityFrameworkCore.Storage.RelationalDataReader.Read()
   at Microsoft.EntityFrameworkCore.Update.AffectedCountModificationCommandBatch.ConsumeResultSet(Int32 startCommandIndex, RelationalDataReader reader)
ClientConnectionId:314a244a-b2b6-41bb-9cc1-cb71b14fff51
Error Number:547,State:0,Class:16
   --- End of inner exception stack trace ---
   at Microsoft.EntityFrameworkCore.Update.AffectedCountModificationCommandBatch.ConsumeResultSet(Int32 startCommandIndex, RelationalDataReader reader)
   at Microsoft.EntityFrameworkCore.Update.AffectedCountModificationCommandBatch.Consume(RelationalDataReader reader)
   at Microsoft.EntityFrameworkCore.Update.ReaderModificationCommandBatch.Execute(IRelationalConnection connection)
   at Microsoft.EntityFrameworkCore.SqlServer.Update.Internal.SqlServerModificationCommandBatch.Execute(IRelationalConnection connection)
   at Microsoft.EntityFrameworkCore.Update.Internal.BatchExecutor.Execute(IEnumerable`1 commandBatches, IRelationalConnection connection)
   at Microsoft.EntityFrameworkCore.Storage.RelationalDatabase.SaveChanges(IList`1 entries)
   at Microsoft.EntityFrameworkCore.ChangeTracking.Internal.StateManager.SaveChanges(IList`1 entriesToSave)
   at Microsoft.EntityFrameworkCore.ChangeTracking.Internal.StateManager.SaveChanges(StateManager stateManager, Boolean acceptAllChangesOnSuccess)
   at Microsoft.EntityFrameworkCore.ChangeTracking.Internal.StateManager.<>c.<SaveChanges>b__114_0(DbContext _, ValueTuple`2 t)
   at Microsoft.EntityFrameworkCore.SqlServer.Storage.Internal.SqlServerExecutionStrategy.Execute[TState,TResult](TState state, Func`3 operation, Func`3 verifySucceeded)
   at Microsoft.EntityFrameworkCore.ChangeTracking.Internal.StateManager.SaveChanges(Boolean acceptAllChangesOnSuccess)
   at Microsoft.EntityFrameworkCore.DbContext.SaveChanges(Boolean acceptAllChangesOnSuccess)
2026-05-25 23:20:06.701 +03:00 [ERR] An error occurred while seeding the database
Microsoft.EntityFrameworkCore.DbUpdateException: An error occurred while saving the entity changes. See the inner exception for details.
 ---> Microsoft.Data.SqlClient.SqlException (0x80131904): The INSERT statement conflicted with the FOREIGN KEY constraint "FK_Reservations_Users_UserId". The conflict occurred in database "SmartParkingDB", table "dbo.Users", column 'Id'.
   at Microsoft.Data.SqlClient.SqlConnection.OnError(SqlException exception, Boolean breakConnection, Action`1 wrapCloseInAction)
   at Microsoft.Data.SqlClient.SqlInternalConnection.OnError(SqlException exception, Boolean breakConnection, Action`1 wrapCloseInAction)
   at Microsoft.Data.SqlClient.TdsParser.ThrowExceptionAndWarning(TdsParserStateObject stateObj, SqlCommand command, Boolean callerHasConnectionLock, Boolean asyncClose)
   at Microsoft.Data.SqlClient.TdsParser.TryRun(RunBehavior runBehavior, SqlCommand cmdHandler, SqlDataReader dataStream, BulkCopySimpleResultSet bulkCopyHandler, TdsParserStateObject stateObj, Boolean& dataReady)
   at Microsoft.Data.SqlClient.SqlDataReader.TryHasMoreRows(Boolean& moreRows)
   at Microsoft.Data.SqlClient.SqlDataReader.TryReadInternal(Boolean setTimeout, Boolean& more)
   at Microsoft.Data.SqlClient.SqlDataReader.Read()
   at Microsoft.EntityFrameworkCore.Storage.RelationalDataReader.Read()
   at Microsoft.EntityFrameworkCore.Update.AffectedCountModificationCommandBatch.ConsumeResultSet(Int32 startCommandIndex, RelationalDataReader reader)
ClientConnectionId:314a244a-b2b6-41bb-9cc1-cb71b14fff51
Error Number:547,State:0,Class:16
   --- End of inner exception stack trace ---
   at Microsoft.EntityFrameworkCore.Update.AffectedCountModificationCommandBatch.ConsumeResultSet(Int32 startCommandIndex, RelationalDataReader reader)
   at Microsoft.EntityFrameworkCore.Update.AffectedCountModificationCommandBatch.Consume(RelationalDataReader reader)
   at Microsoft.EntityFrameworkCore.Update.ReaderModificationCommandBatch.Execute(IRelationalConnection connection)
   at Microsoft.EntityFrameworkCore.SqlServer.Update.Internal.SqlServerModificationCommandBatch.Execute(IRelationalConnection connection)
   at Microsoft.EntityFrameworkCore.Update.Internal.BatchExecutor.Execute(IEnumerable`1 commandBatches, IRelationalConnection connection)
   at Microsoft.EntityFrameworkCore.Storage.RelationalDatabase.SaveChanges(IList`1 entries)
   at Microsoft.EntityFrameworkCore.ChangeTracking.Internal.StateManager.SaveChanges(IList`1 entriesToSave)
   at Microsoft.EntityFrameworkCore.ChangeTracking.Internal.StateManager.SaveChanges(StateManager stateManager, Boolean acceptAllChangesOnSuccess)
   at Microsoft.EntityFrameworkCore.ChangeTracking.Internal.StateManager.<>c.<SaveChanges>b__114_0(DbContext _, ValueTuple`2 t)
   at Microsoft.EntityFrameworkCore.SqlServer.Storage.Internal.SqlServerExecutionStrategy.Execute[TState,TResult](TState state, Func`3 operation, Func`3 verifySucceeded)
   at Microsoft.EntityFrameworkCore.ChangeTracking.Internal.StateManager.SaveChanges(Boolean acceptAllChangesOnSuccess)
   at Microsoft.EntityFrameworkCore.DbContext.SaveChanges(Boolean acceptAllChangesOnSuccess)
   at Microsoft.EntityFrameworkCore.DbContext.SaveChanges()
   at Program.<Main>$(String[] args) in C:\Users\DELL\OneDrive\Desktop\New folder (3) (3)\New folder (3)\SmartParkingandProperty\SmartParkingF.API-main\SmartParkingF.API-main\Program.cs:line 186
2026-05-25 23:20:06.758 +03:00 [INF] User profile is available. Using 'C:\Users\DELL\AppData\Local\ASP.NET\DataProtection-Keys' as key repository and Windows DPAPI to encrypt keys at rest.
2026-05-25 23:20:07.004 +03:00 [INF] Now listening on: https://localhost:7144
2026-05-25 23:20:07.006 +03:00 [INF] Now listening on: http://localhost:5144
2026-05-25 23:20:07.239 +03:00 [INF] Application started. Press Ctrl+C to shut down.
2026-05-25 23:20:07.240 +03:00 [INF] Hosting environment: Development
2026-05-25 23:20:07.241 +03:00 [INF] Content root path: C:\Users\DELL\OneDrive\Desktop\New folder (3) (3)\New folder (3)\SmartParkingandProperty\SmartParkingF.API-main\SmartParkingF.API-main
2026-05-25 23:20:34.620 +03:00 [INF] Request starting HTTP/2 OPTIONS https://localhost:7144/api/users/update-profile - null null
2026-05-25 23:20:34.652 +03:00 [INF] CORS policy execution successful.
2026-05-25 23:20:34.662 +03:00 [INF] HTTP OPTIONS /api/users/update-profile responded 204 in 8.1961 ms
2026-05-25 23:20:34.670 +03:00 [INF] Request finished HTTP/2 OPTIONS https://localhost:7144/api/users/update-profile - 204 null null 59.9118ms
2026-05-25 23:20:34.678 +03:00 [INF] Request starting HTTP/2 PUT https://localhost:7144/api/users/update-profile - application/json 230
2026-05-25 23:20:34.682 +03:00 [INF] CORS policy execution successful.
2026-05-25 23:20:34.779 +03:00 [INF] Authorization failed. These requirements were not met:
DenyAnonymousAuthorizationRequirement: Requires an authenticated user.
2026-05-25 23:20:34.787 +03:00 [INF] AuthenticationScheme: Bearer was challenged.
2026-05-25 23:20:34.788 +03:00 [INF] HTTP PUT /api/users/update-profile responded 401 in 105.9795 ms
2026-05-25 23:20:34.792 +03:00 [INF] Request finished HTTP/2 PUT https://localhost:7144/api/users/update-profile - 401 0 null 113.9079ms
2026-05-25 23:29:27.908 +03:00 [INF] Executed DbCommand (25ms) [Parameters=[], CommandType='"Text"', CommandTimeout='30']
SELECT 1
2026-05-25 23:29:27.971 +03:00 [INF] Acquiring an exclusive lock for migration application. See https://aka.ms/efcore-docs-migrations-lock for more information if this takes too long.
2026-05-25 23:29:27.997 +03:00 [INF] Executed DbCommand (20ms) [Parameters=[], CommandType='"Text"', CommandTimeout='30']
DECLARE @result int;
EXEC @result = sp_getapplock @Resource = '__EFMigrationsLock', @LockOwner = 'Session', @LockMode = 'Exclusive';
SELECT @result
2026-05-25 23:29:28.078 +03:00 [INF] Executed DbCommand (2ms) [Parameters=[], CommandType='"Text"', CommandTimeout='30']
IF OBJECT_ID(N'[__EFMigrationsHistory]') IS NULL
BEGIN
    CREATE TABLE [__EFMigrationsHistory] (
        [MigrationId] nvarchar(150) NOT NULL,
        [ProductVersion] nvarchar(32) NOT NULL,
        CONSTRAINT [PK___EFMigrationsHistory] PRIMARY KEY ([MigrationId])
    );
END;
2026-05-25 23:29:28.091 +03:00 [INF] Executed DbCommand (0ms) [Parameters=[], CommandType='"Text"', CommandTimeout='30']
SELECT 1
2026-05-25 23:29:28.094 +03:00 [INF] Executed DbCommand (1ms) [Parameters=[], CommandType='"Text"', CommandTimeout='30']
SELECT OBJECT_ID(N'[__EFMigrationsHistory]');
2026-05-25 23:29:28.108 +03:00 [INF] Executed DbCommand (8ms) [Parameters=[], CommandType='"Text"', CommandTimeout='30']
SELECT [MigrationId], [ProductVersion]
FROM [__EFMigrationsHistory]
ORDER BY [MigrationId];
2026-05-25 23:29:28.119 +03:00 [INF] No migrations were applied. The database is already up to date.
2026-05-25 23:29:28.123 +03:00 [INF] Executed DbCommand (1ms) [Parameters=[], CommandType='"Text"', CommandTimeout='30']
DECLARE @result int;
EXEC @result = sp_releaseapplock @Resource = '__EFMigrationsLock', @LockOwner = 'Session';
SELECT @result
2026-05-25 23:29:28.437 +03:00 [INF] Executed DbCommand (6ms) [Parameters=[], CommandType='"Text"', CommandTimeout='30']
SELECT CASE
    WHEN EXISTS (
        SELECT 1
        FROM [Users] AS [u]) THEN CAST(1 AS bit)
    ELSE CAST(0 AS bit)
END
2026-05-25 23:29:28.450 +03:00 [INF] Executed DbCommand (2ms) [Parameters=[], CommandType='"Text"', CommandTimeout='30']
SELECT CASE
    WHEN EXISTS (
        SELECT 1
        FROM [Properties] AS [p]) THEN CAST(1 AS bit)
    ELSE CAST(0 AS bit)
END
2026-05-25 23:29:28.460 +03:00 [WRN] The query uses the 'First'/'FirstOrDefault' operator without 'OrderBy' and filter operators. This may lead to unpredictable results.
2026-05-25 23:29:28.514 +03:00 [INF] Executed DbCommand (2ms) [Parameters=[], CommandType='"Text"', CommandTimeout='30']
SELECT TOP(1) [p].[Id], [p].[Bathrooms], [p].[Bedrooms], [p].[CreatedAt], [p].[Description], [p].[HasSmartParking], [p].[ImageUrl], [p].[Location], [p].[Name], [p].[Price], [p].[PricePerHour], [p].[PricePerNight], [p].[Rating], [p].[Title], [p].[TotalSpots]
FROM [Properties] AS [p]
2026-05-25 23:29:28.630 +03:00 [INF] Executed DbCommand (2ms) [Parameters=[], CommandType='"Text"', CommandTimeout='30']
SELECT COUNT(*)
FROM [ParkingSpots] AS [p]
2026-05-25 23:29:28.639 +03:00 [INF] Executed DbCommand (3ms) [Parameters=[], CommandType='"Text"', CommandTimeout='30']
SELECT CASE
    WHEN EXISTS (
        SELECT 1
        FROM [Reservations] AS [r]) THEN CAST(1 AS bit)
    ELSE CAST(0 AS bit)
END
2026-05-25 23:29:28.642 +03:00 [WRN] The query uses the 'First'/'FirstOrDefault' operator without 'OrderBy' and filter operators. This may lead to unpredictable results.
2026-05-25 23:29:28.651 +03:00 [INF] Executed DbCommand (2ms) [Parameters=[], CommandType='"Text"', CommandTimeout='30']
SELECT TOP(1) [p].[Id], [p].[Location], [p].[PricePerHour], [p].[PricePerNight], [p].[PropertyId], [p].[SpotNumber], [p].[Status], [p].[Zone]
FROM [ParkingSpots] AS [p]
2026-05-25 23:29:28.890 +03:00 [INF] Executed DbCommand (30ms) [Parameters=[@p0='?' (Size = 4000), @p1='?' (Size = 4000), @p2='?' (DbType = DateTime2), @p3='?' (DbType = DateTime2), @p4='?' (DbType = Int32), @p5='?' (DbType = Int32), @p6='?' (Size = 4000), @p7='?' (DbType = DateTime2), @p8='?' (Size = 4000), @p9='?' (Precision = 18) (Scale = 2) (DbType = Decimal), @p10='?' (DbType = Int32)], CommandType='"Text"', CommandTimeout='30']
SET IMPLICIT_TRANSACTIONS OFF;
SET NOCOUNT ON;
INSERT INTO [Reservations] ([BookingType], [CarPlateNumber], [CreatedAt], [EndTime], [ParkingSpotId], [PropertyId], [QrCodeData], [StartTime], [Status], [TotalPrice], [UserId])
OUTPUT INSERTED.[Id]
VALUES (@p0, @p1, @p2, @p3, @p4, @p5, @p6, @p7, @p8, @p9, @p10);
2026-05-25 23:29:28.934 +03:00 [ERR] An exception occurred in the database while saving changes for context type 'SmartParkingF.API.Data.ApplicationDbContext'.
Microsoft.EntityFrameworkCore.DbUpdateException: An error occurred while saving the entity changes. See the inner exception for details.
 ---> Microsoft.Data.SqlClient.SqlException (0x80131904): The INSERT statement conflicted with the FOREIGN KEY constraint "FK_Reservations_Users_UserId". The conflict occurred in database "SmartParkingDB", table "dbo.Users", column 'Id'.
   at Microsoft.Data.SqlClient.SqlConnection.OnError(SqlException exception, Boolean breakConnection, Action`1 wrapCloseInAction)
   at Microsoft.Data.SqlClient.SqlInternalConnection.OnError(SqlException exception, Boolean breakConnection, Action`1 wrapCloseInAction)
   at Microsoft.Data.SqlClient.TdsParser.ThrowExceptionAndWarning(TdsParserStateObject stateObj, SqlCommand command, Boolean callerHasConnectionLock, Boolean asyncClose)
   at Microsoft.Data.SqlClient.TdsParser.TryRun(RunBehavior runBehavior, SqlCommand cmdHandler, SqlDataReader dataStream, BulkCopySimpleResultSet bulkCopyHandler, TdsParserStateObject stateObj, Boolean& dataReady)
   at Microsoft.Data.SqlClient.SqlDataReader.TryHasMoreRows(Boolean& moreRows)
   at Microsoft.Data.SqlClient.SqlDataReader.TryReadInternal(Boolean setTimeout, Boolean& more)
   at Microsoft.Data.SqlClient.SqlDataReader.Read()
   at Microsoft.EntityFrameworkCore.Storage.RelationalDataReader.Read()
   at Microsoft.EntityFrameworkCore.Update.AffectedCountModificationCommandBatch.ConsumeResultSet(Int32 startCommandIndex, RelationalDataReader reader)
ClientConnectionId:96340d14-71d0-4443-9cb5-efce9f452e77
Error Number:547,State:0,Class:16
   --- End of inner exception stack trace ---
   at Microsoft.EntityFrameworkCore.Update.AffectedCountModificationCommandBatch.ConsumeResultSet(Int32 startCommandIndex, RelationalDataReader reader)
   at Microsoft.EntityFrameworkCore.Update.AffectedCountModificationCommandBatch.Consume(RelationalDataReader reader)
   at Microsoft.EntityFrameworkCore.Update.ReaderModificationCommandBatch.Execute(IRelationalConnection connection)
   at Microsoft.EntityFrameworkCore.SqlServer.Update.Internal.SqlServerModificationCommandBatch.Execute(IRelationalConnection connection)
   at Microsoft.EntityFrameworkCore.Update.Internal.BatchExecutor.Execute(IEnumerable`1 commandBatches, IRelationalConnection connection)
   at Microsoft.EntityFrameworkCore.Storage.RelationalDatabase.SaveChanges(IList`1 entries)
   at Microsoft.EntityFrameworkCore.ChangeTracking.Internal.StateManager.SaveChanges(IList`1 entriesToSave)
   at Microsoft.EntityFrameworkCore.ChangeTracking.Internal.StateManager.SaveChanges(StateManager stateManager, Boolean acceptAllChangesOnSuccess)
   at Microsoft.EntityFrameworkCore.ChangeTracking.Internal.StateManager.<>c.<SaveChanges>b__114_0(DbContext _, ValueTuple`2 t)
   at Microsoft.EntityFrameworkCore.SqlServer.Storage.Internal.SqlServerExecutionStrategy.Execute[TState,TResult](TState state, Func`3 operation, Func`3 verifySucceeded)
   at Microsoft.EntityFrameworkCore.ChangeTracking.Internal.StateManager.SaveChanges(Boolean acceptAllChangesOnSuccess)
   at Microsoft.EntityFrameworkCore.DbContext.SaveChanges(Boolean acceptAllChangesOnSuccess)
Microsoft.EntityFrameworkCore.DbUpdateException: An error occurred while saving the entity changes. See the inner exception for details.
 ---> Microsoft.Data.SqlClient.SqlException (0x80131904): The INSERT statement conflicted with the FOREIGN KEY constraint "FK_Reservations_Users_UserId". The conflict occurred in database "SmartParkingDB", table "dbo.Users", column 'Id'.
   at Microsoft.Data.SqlClient.SqlConnection.OnError(SqlException exception, Boolean breakConnection, Action`1 wrapCloseInAction)
   at Microsoft.Data.SqlClient.SqlInternalConnection.OnError(SqlException exception, Boolean breakConnection, Action`1 wrapCloseInAction)
   at Microsoft.Data.SqlClient.TdsParser.ThrowExceptionAndWarning(TdsParserStateObject stateObj, SqlCommand command, Boolean callerHasConnectionLock, Boolean asyncClose)
   at Microsoft.Data.SqlClient.TdsParser.TryRun(RunBehavior runBehavior, SqlCommand cmdHandler, SqlDataReader dataStream, BulkCopySimpleResultSet bulkCopyHandler, TdsParserStateObject stateObj, Boolean& dataReady)
   at Microsoft.Data.SqlClient.SqlDataReader.TryHasMoreRows(Boolean& moreRows)
   at Microsoft.Data.SqlClient.SqlDataReader.TryReadInternal(Boolean setTimeout, Boolean& more)
   at Microsoft.Data.SqlClient.SqlDataReader.Read()
   at Microsoft.EntityFrameworkCore.Storage.RelationalDataReader.Read()
   at Microsoft.EntityFrameworkCore.Update.AffectedCountModificationCommandBatch.ConsumeResultSet(Int32 startCommandIndex, RelationalDataReader reader)
ClientConnectionId:96340d14-71d0-4443-9cb5-efce9f452e77
Error Number:547,State:0,Class:16
   --- End of inner exception stack trace ---
   at Microsoft.EntityFrameworkCore.Update.AffectedCountModificationCommandBatch.ConsumeResultSet(Int32 startCommandIndex, RelationalDataReader reader)
   at Microsoft.EntityFrameworkCore.Update.AffectedCountModificationCommandBatch.Consume(RelationalDataReader reader)
   at Microsoft.EntityFrameworkCore.Update.ReaderModificationCommandBatch.Execute(IRelationalConnection connection)
   at Microsoft.EntityFrameworkCore.SqlServer.Update.Internal.SqlServerModificationCommandBatch.Execute(IRelationalConnection connection)
   at Microsoft.EntityFrameworkCore.Update.Internal.BatchExecutor.Execute(IEnumerable`1 commandBatches, IRelationalConnection connection)
   at Microsoft.EntityFrameworkCore.Storage.RelationalDatabase.SaveChanges(IList`1 entries)
   at Microsoft.EntityFrameworkCore.ChangeTracking.Internal.StateManager.SaveChanges(IList`1 entriesToSave)
   at Microsoft.EntityFrameworkCore.ChangeTracking.Internal.StateManager.SaveChanges(StateManager stateManager, Boolean acceptAllChangesOnSuccess)
   at Microsoft.EntityFrameworkCore.ChangeTracking.Internal.StateManager.<>c.<SaveChanges>b__114_0(DbContext _, ValueTuple`2 t)
   at Microsoft.EntityFrameworkCore.SqlServer.Storage.Internal.SqlServerExecutionStrategy.Execute[TState,TResult](TState state, Func`3 operation, Func`3 verifySucceeded)
   at Microsoft.EntityFrameworkCore.ChangeTracking.Internal.StateManager.SaveChanges(Boolean acceptAllChangesOnSuccess)
   at Microsoft.EntityFrameworkCore.DbContext.SaveChanges(Boolean acceptAllChangesOnSuccess)
2026-05-25 23:29:28.970 +03:00 [ERR] An error occurred while seeding the database
Microsoft.EntityFrameworkCore.DbUpdateException: An error occurred while saving the entity changes. See the inner exception for details.
 ---> Microsoft.Data.SqlClient.SqlException (0x80131904): The INSERT statement conflicted with the FOREIGN KEY constraint "FK_Reservations_Users_UserId". The conflict occurred in database "SmartParkingDB", table "dbo.Users", column 'Id'.
   at Microsoft.Data.SqlClient.SqlConnection.OnError(SqlException exception, Boolean breakConnection, Action`1 wrapCloseInAction)
   at Microsoft.Data.SqlClient.SqlInternalConnection.OnError(SqlException exception, Boolean breakConnection, Action`1 wrapCloseInAction)
   at Microsoft.Data.SqlClient.TdsParser.ThrowExceptionAndWarning(TdsParserStateObject stateObj, SqlCommand command, Boolean callerHasConnectionLock, Boolean asyncClose)
   at Microsoft.Data.SqlClient.TdsParser.TryRun(RunBehavior runBehavior, SqlCommand cmdHandler, SqlDataReader dataStream, BulkCopySimpleResultSet bulkCopyHandler, TdsParserStateObject stateObj, Boolean& dataReady)
   at Microsoft.Data.SqlClient.SqlDataReader.TryHasMoreRows(Boolean& moreRows)
   at Microsoft.Data.SqlClient.SqlDataReader.TryReadInternal(Boolean setTimeout, Boolean& more)
   at Microsoft.Data.SqlClient.SqlDataReader.Read()
   at Microsoft.EntityFrameworkCore.Storage.RelationalDataReader.Read()
   at Microsoft.EntityFrameworkCore.Update.AffectedCountModificationCommandBatch.ConsumeResultSet(Int32 startCommandIndex, RelationalDataReader reader)
ClientConnectionId:96340d14-71d0-4443-9cb5-efce9f452e77
Error Number:547,State:0,Class:16
   --- End of inner exception stack trace ---
   at Microsoft.EntityFrameworkCore.Update.AffectedCountModificationCommandBatch.ConsumeResultSet(Int32 startCommandIndex, RelationalDataReader reader)
   at Microsoft.EntityFrameworkCore.Update.AffectedCountModificationCommandBatch.Consume(RelationalDataReader reader)
   at Microsoft.EntityFrameworkCore.Update.ReaderModificationCommandBatch.Execute(IRelationalConnection connection)
   at Microsoft.EntityFrameworkCore.SqlServer.Update.Internal.SqlServerModificationCommandBatch.Execute(IRelationalConnection connection)
   at Microsoft.EntityFrameworkCore.Update.Internal.BatchExecutor.Execute(IEnumerable`1 commandBatches, IRelationalConnection connection)
   at Microsoft.EntityFrameworkCore.Storage.RelationalDatabase.SaveChanges(IList`1 entries)
   at Microsoft.EntityFrameworkCore.ChangeTracking.Internal.StateManager.SaveChanges(IList`1 entriesToSave)
   at Microsoft.EntityFrameworkCore.ChangeTracking.Internal.StateManager.SaveChanges(StateManager stateManager, Boolean acceptAllChangesOnSuccess)
   at Microsoft.EntityFrameworkCore.ChangeTracking.Internal.StateManager.<>c.<SaveChanges>b__114_0(DbContext _, ValueTuple`2 t)
   at Microsoft.EntityFrameworkCore.SqlServer.Storage.Internal.SqlServerExecutionStrategy.Execute[TState,TResult](TState state, Func`3 operation, Func`3 verifySucceeded)
   at Microsoft.EntityFrameworkCore.ChangeTracking.Internal.StateManager.SaveChanges(Boolean acceptAllChangesOnSuccess)
   at Microsoft.EntityFrameworkCore.DbContext.SaveChanges(Boolean acceptAllChangesOnSuccess)
   at Microsoft.EntityFrameworkCore.DbContext.SaveChanges()
   at Program.<Main>$(String[] args) in C:\Users\DELL\OneDrive\Desktop\New folder (3) (3)\New folder (3)\SmartParkingandProperty\SmartParkingF.API-main\SmartParkingF.API-main\Program.cs:line 186
2026-05-25 23:29:29.015 +03:00 [INF] User profile is available. Using 'C:\Users\DELL\AppData\Local\ASP.NET\DataProtection-Keys' as key repository and Windows DPAPI to encrypt keys at rest.
2026-05-25 23:29:29.262 +03:00 [INF] Now listening on: https://localhost:7144
2026-05-25 23:29:29.263 +03:00 [INF] Now listening on: http://localhost:5144
2026-05-25 23:29:29.513 +03:00 [INF] Application started. Press Ctrl+C to shut down.
2026-05-25 23:29:29.515 +03:00 [INF] Hosting environment: Development
2026-05-25 23:29:29.516 +03:00 [INF] Content root path: C:\Users\DELL\OneDrive\Desktop\New folder (3) (3)\New folder (3)\SmartParkingandProperty\SmartParkingF.API-main\SmartParkingF.API-main
2026-05-25 23:29:52.834 +03:00 [INF] Request starting HTTP/2 OPTIONS https://localhost:7144/api/users/update-profile - null null
2026-05-25 23:29:52.869 +03:00 [INF] CORS policy execution successful.
2026-05-25 23:29:52.876 +03:00 [INF] HTTP OPTIONS /api/users/update-profile responded 204 in 6.2929 ms
2026-05-25 23:29:52.885 +03:00 [INF] Request finished HTTP/2 OPTIONS https://localhost:7144/api/users/update-profile - 204 null null 59.04ms
2026-05-25 23:29:52.892 +03:00 [INF] Request starting HTTP/2 PUT https://localhost:7144/api/users/update-profile - application/json 230
2026-05-25 23:29:52.898 +03:00 [INF] CORS policy execution successful.
2026-05-25 23:29:53.130 +03:00 [INF] Executing endpoint 'SmartParkingF.API.Controllers.UsersController.UpdateProfile (SmartParkingF.API)'
2026-05-25 23:29:53.160 +03:00 [INF] Route matched with {action = "UpdateProfile", controller = "Users"}. Executing controller action with signature System.Threading.Tasks.Task`1[Microsoft.AspNetCore.Mvc.IActionResult] UpdateProfile(SmartParkingF.API.Models.DTOs.UpdateProfileRequest) on controller SmartParkingF.API.Controllers.UsersController (SmartParkingF.API).
2026-05-25 23:29:53.387 +03:00 [INF] Executed DbCommand (35ms) [Parameters=[@p='?' (DbType = Int32)], CommandType='"Text"', CommandTimeout='30']
SELECT TOP(1) [u].[Id], [u].[AccountType], [u].[CarPlateNumber], [u].[CardLastFourDigits], [u].[CreatedAt], [u].[Email], [u].[FullName], [u].[HasLinkedCard], [u].[PasswordHash], [u].[Phone], [u].[RefreshToken], [u].[RefreshTokenExpiryTime], [u].[Role], [u].[Status]
FROM [Users] AS [u]
WHERE [u].[Id] = @p
2026-05-25 23:29:53.484 +03:00 [INF] User 3 updated profile
2026-05-25 23:29:53.504 +03:00 [INF] Executing OkObjectResult, writing value of type '<>f__AnonymousType19`2[[System.String, System.Private.CoreLib, Version=10.0.0.0, Culture=neutral, PublicKeyToken=7cec85d7bea7798e],[<>f__AnonymousType20`7[[System.Int32, System.Private.CoreLib, Version=10.0.0.0, Culture=neutral, PublicKeyToken=7cec85d7bea7798e],[System.String, System.Private.CoreLib, Version=10.0.0.0, Culture=neutral, PublicKeyToken=7cec85d7bea7798e],[System.String, System.Private.CoreLib, Version=10.0.0.0, Culture=neutral, PublicKeyToken=7cec85d7bea7798e],[System.String, System.Private.CoreLib, Version=10.0.0.0, Culture=neutral, PublicKeyToken=7cec85d7bea7798e],[System.String, System.Private.CoreLib, Version=10.0.0.0, Culture=neutral, PublicKeyToken=7cec85d7bea7798e],[System.Boolean, System.Private.CoreLib, Version=10.0.0.0, Culture=neutral, PublicKeyToken=7cec85d7bea7798e],[System.String, System.Private.CoreLib, Version=10.0.0.0, Culture=neutral, PublicKeyToken=7cec85d7bea7798e]], SmartParkingF.API, Version=1.0.0.0, Culture=neutral, PublicKeyToken=null]]'.
2026-05-25 23:29:53.532 +03:00 [INF] Executed action SmartParkingF.API.Controllers.UsersController.UpdateProfile (SmartParkingF.API) in 361.3968ms
2026-05-25 23:29:53.536 +03:00 [INF] Executed endpoint 'SmartParkingF.API.Controllers.UsersController.UpdateProfile (SmartParkingF.API)'
2026-05-25 23:29:53.540 +03:00 [INF] HTTP PUT /api/users/update-profile responded 200 in 642.3002 ms
2026-05-25 23:29:53.556 +03:00 [INF] Request finished HTTP/2 PUT https://localhost:7144/api/users/update-profile - 200 null application/json; charset=utf-8 664.5903ms
2026-05-25 23:29:56.397 +03:00 [INF] Request starting HTTP/2 GET https://localhost:7144/api/Properties - null null
2026-05-25 23:29:56.400 +03:00 [INF] Request starting HTTP/2 GET https://localhost:7144/api/Properties - null null
2026-05-25 23:29:56.406 +03:00 [INF] CORS policy execution successful.
2026-05-25 23:29:56.406 +03:00 [INF] CORS policy execution successful.
2026-05-25 23:29:56.411 +03:00 [INF] Executing endpoint 'SmartParkingF.API.Controllers.PropertiesController.GetProperties (SmartParkingF.API)'
2026-05-25 23:29:56.411 +03:00 [INF] Executing endpoint 'SmartParkingF.API.Controllers.PropertiesController.GetProperties (SmartParkingF.API)'
2026-05-25 23:29:56.424 +03:00 [INF] Route matched with {action = "GetProperties", controller = "Properties"}. Executing controller action with signature System.Threading.Tasks.Task`1[Microsoft.AspNetCore.Mvc.IActionResult] GetProperties() on controller SmartParkingF.API.Controllers.PropertiesController (SmartParkingF.API).
2026-05-25 23:29:56.424 +03:00 [INF] Route matched with {action = "GetProperties", controller = "Properties"}. Executing controller action with signature System.Threading.Tasks.Task`1[Microsoft.AspNetCore.Mvc.IActionResult] GetProperties() on controller SmartParkingF.API.Controllers.PropertiesController (SmartParkingF.API).
2026-05-25 23:29:56.538 +03:00 [INF] Executed DbCommand (4ms) [Parameters=[], CommandType='"Text"', CommandTimeout='30']
SELECT [p].[Id], [p].[Bathrooms], [p].[Bedrooms], [p].[CreatedAt], [p].[Description], [p].[HasSmartParking], [p].[ImageUrl], [p].[Location], [p].[Name], [p].[Price], [p].[PricePerHour], [p].[PricePerNight], [p].[Rating], [p].[Title], [p].[TotalSpots]
FROM [Properties] AS [p]
2026-05-25 23:29:56.544 +03:00 [INF] Executing OkObjectResult, writing value of type 'System.Collections.Generic.List`1[[SmartParkingF.API.Models.Property, SmartParkingF.API, Version=1.0.0.0, Culture=neutral, PublicKeyToken=null]]'.
2026-05-25 23:29:56.551 +03:00 [INF] Executed DbCommand (1ms) [Parameters=[], CommandType='"Text"', CommandTimeout='30']
SELECT [p].[Id], [p].[Bathrooms], [p].[Bedrooms], [p].[CreatedAt], [p].[Description], [p].[HasSmartParking], [p].[ImageUrl], [p].[Location], [p].[Name], [p].[Price], [p].[PricePerHour], [p].[PricePerNight], [p].[Rating], [p].[Title], [p].[TotalSpots]
FROM [Properties] AS [p]
2026-05-25 23:29:56.555 +03:00 [INF] Executing OkObjectResult, writing value of type 'System.Collections.Generic.List`1[[SmartParkingF.API.Models.Property, SmartParkingF.API, Version=1.0.0.0, Culture=neutral, PublicKeyToken=null]]'.
2026-05-25 23:29:56.588 +03:00 [INF] Executed action SmartParkingF.API.Controllers.PropertiesController.GetProperties (SmartParkingF.API) in 160.5308ms
2026-05-25 23:29:56.590 +03:00 [INF] Executed endpoint 'SmartParkingF.API.Controllers.PropertiesController.GetProperties (SmartParkingF.API)'
2026-05-25 23:29:56.590 +03:00 [INF] Executed action SmartParkingF.API.Controllers.PropertiesController.GetProperties (SmartParkingF.API) in 160.756ms
2026-05-25 23:29:56.592 +03:00 [INF] HTTP GET /api/Properties responded 200 in 186.1587 ms
2026-05-25 23:29:56.594 +03:00 [INF] Executed endpoint 'SmartParkingF.API.Controllers.PropertiesController.GetProperties (SmartParkingF.API)'
2026-05-25 23:29:56.597 +03:00 [INF] Request finished HTTP/2 GET https://localhost:7144/api/Properties - 200 null application/json; charset=utf-8 197.2589ms
2026-05-25 23:29:56.598 +03:00 [INF] HTTP GET /api/Properties responded 200 in 192.6858 ms
2026-05-25 23:29:56.604 +03:00 [INF] Request finished HTTP/2 GET https://localhost:7144/api/Properties - 499 null application/json; charset=utf-8 207.6794ms
2026-05-25 23:30:00.560 +03:00 [INF] Request starting HTTP/2 GET https://localhost:7144/api/Properties/1 - null null
2026-05-25 23:30:00.561 +03:00 [INF] Request starting HTTP/2 GET https://localhost:7144/api/Reservations/PropertyBookedDates/1 - null null
2026-05-25 23:30:00.568 +03:00 [INF] CORS policy execution successful.
2026-05-25 23:30:00.571 +03:00 [INF] CORS policy execution successful.
2026-05-25 23:30:00.574 +03:00 [INF] Executing endpoint 'SmartParkingF.API.Controllers.PropertiesController.GetProperty (SmartParkingF.API)'
2026-05-25 23:30:00.574 +03:00 [INF] Executing endpoint 'SmartParkingF.API.Controllers.ReservationsController.GetPropertyBookedDates (SmartParkingF.API)'
2026-05-25 23:30:00.590 +03:00 [INF] Route matched with {action = "GetProperty", controller = "Properties"}. Executing controller action with signature System.Threading.Tasks.Task`1[Microsoft.AspNetCore.Mvc.ActionResult`1[SmartParkingF.API.Models.Property]] GetProperty(Int32) on controller SmartParkingF.API.Controllers.PropertiesController (SmartParkingF.API).
2026-05-25 23:30:00.590 +03:00 [INF] Route matched with {action = "GetPropertyBookedDates", controller = "Reservations"}. Executing controller action with signature System.Threading.Tasks.Task`1[Microsoft.AspNetCore.Mvc.ActionResult`1[System.Collections.Generic.IEnumerable`1[System.Object]]] GetPropertyBookedDates(Int32) on controller SmartParkingF.API.Controllers.ReservationsController (SmartParkingF.API).
2026-05-25 23:30:00.617 +03:00 [INF] Executed DbCommand (4ms) [Parameters=[@p='?' (DbType = Int32)], CommandType='"Text"', CommandTimeout='30']
SELECT TOP(1) [p].[Id], [p].[Bathrooms], [p].[Bedrooms], [p].[CreatedAt], [p].[Description], [p].[HasSmartParking], [p].[ImageUrl], [p].[Location], [p].[Name], [p].[Price], [p].[PricePerHour], [p].[PricePerNight], [p].[Rating], [p].[Title], [p].[TotalSpots]
FROM [Properties] AS [p]
WHERE [p].[Id] = @p
2026-05-25 23:30:00.623 +03:00 [INF] Executing OkObjectResult, writing value of type 'SmartParkingF.API.Models.Property'.
2026-05-25 23:30:00.626 +03:00 [INF] Executed action SmartParkingF.API.Controllers.PropertiesController.GetProperty (SmartParkingF.API) in 32.2176ms
2026-05-25 23:30:00.628 +03:00 [INF] Request starting HTTP/2 GET https://localhost:7144/api/Properties/1 - null null
2026-05-25 23:30:00.635 +03:00 [INF] Executed endpoint 'SmartParkingF.API.Controllers.PropertiesController.GetProperty (SmartParkingF.API)'
2026-05-25 23:30:00.639 +03:00 [INF] CORS policy execution successful.
2026-05-25 23:30:00.641 +03:00 [INF] HTTP GET /api/Properties/1 responded 200 in 72.9803 ms
2026-05-25 23:30:00.642 +03:00 [INF] Executing endpoint 'SmartParkingF.API.Controllers.PropertiesController.GetProperty (SmartParkingF.API)'
2026-05-25 23:30:00.644 +03:00 [INF] Request finished HTTP/2 GET https://localhost:7144/api/Properties/1 - 200 null application/json; charset=utf-8 83.9372ms
2026-05-25 23:30:00.646 +03:00 [INF] Route matched with {action = "GetProperty", controller = "Properties"}. Executing controller action with signature System.Threading.Tasks.Task`1[Microsoft.AspNetCore.Mvc.ActionResult`1[SmartParkingF.API.Models.Property]] GetProperty(Int32) on controller SmartParkingF.API.Controllers.PropertiesController (SmartParkingF.API).
2026-05-25 23:30:00.650 +03:00 [INF] Executed DbCommand (4ms) [Parameters=[@propertyId='?' (DbType = Int32)], CommandType='"Text"', CommandTimeout='30']
SELECT [r].[Id], [r].[StartTime], [r].[EndTime]
FROM [Reservations] AS [r]
WHERE [r].[PropertyId] = @propertyId AND [r].[Status] = N'Confirmed'
2026-05-25 23:30:00.655 +03:00 [INF] Executing OkObjectResult, writing value of type 'System.Collections.Generic.List`1[[<>f__AnonymousType13`3[[System.Int32, System.Private.CoreLib, Version=10.0.0.0, Culture=neutral, PublicKeyToken=7cec85d7bea7798e],[System.DateTime, System.Private.CoreLib, Version=10.0.0.0, Culture=neutral, PublicKeyToken=7cec85d7bea7798e],[System.DateTime, System.Private.CoreLib, Version=10.0.0.0, Culture=neutral, PublicKeyToken=7cec85d7bea7798e]], SmartParkingF.API, Version=1.0.0.0, Culture=neutral, PublicKeyToken=null]]'.
2026-05-25 23:30:00.658 +03:00 [INF] Executed DbCommand (1ms) [Parameters=[@p='?' (DbType = Int32)], CommandType='"Text"', CommandTimeout='30']
SELECT TOP(1) [p].[Id], [p].[Bathrooms], [p].[Bedrooms], [p].[CreatedAt], [p].[Description], [p].[HasSmartParking], [p].[ImageUrl], [p].[Location], [p].[Name], [p].[Price], [p].[PricePerHour], [p].[PricePerNight], [p].[Rating], [p].[Title], [p].[TotalSpots]
FROM [Properties] AS [p]
WHERE [p].[Id] = @p
2026-05-25 23:30:00.660 +03:00 [INF] Executed action SmartParkingF.API.Controllers.ReservationsController.GetPropertyBookedDates (SmartParkingF.API) in 62.0943ms
2026-05-25 23:30:00.664 +03:00 [INF] Request starting HTTP/2 GET https://localhost:7144/api/Reservations/PropertyBookedDates/1 - null null
2026-05-25 23:30:00.664 +03:00 [INF] Executing OkObjectResult, writing value of type 'SmartParkingF.API.Models.Property'.
2026-05-25 23:30:00.665 +03:00 [INF] Executed endpoint 'SmartParkingF.API.Controllers.ReservationsController.GetPropertyBookedDates (SmartParkingF.API)'
2026-05-25 23:30:00.668 +03:00 [INF] CORS policy execution successful.
2026-05-25 23:30:00.670 +03:00 [INF] Executed action SmartParkingF.API.Controllers.PropertiesController.GetProperty (SmartParkingF.API) in 17.2254ms
2026-05-25 23:30:00.677 +03:00 [INF] HTTP GET /api/Reservations/PropertyBookedDates/1 responded 200 in 106.0074 ms
2026-05-25 23:30:00.687 +03:00 [INF] Executing endpoint 'SmartParkingF.API.Controllers.ReservationsController.GetPropertyBookedDates (SmartParkingF.API)'
2026-05-25 23:30:00.687 +03:00 [INF] Executed endpoint 'SmartParkingF.API.Controllers.PropertiesController.GetProperty (SmartParkingF.API)'
2026-05-25 23:30:00.690 +03:00 [INF] Request finished HTTP/2 GET https://localhost:7144/api/Reservations/PropertyBookedDates/1 - 200 null application/json; charset=utf-8 128.8139ms
2026-05-25 23:30:00.691 +03:00 [INF] Route matched with {action = "GetPropertyBookedDates", controller = "Reservations"}. Executing controller action with signature System.Threading.Tasks.Task`1[Microsoft.AspNetCore.Mvc.ActionResult`1[System.Collections.Generic.IEnumerable`1[System.Object]]] GetPropertyBookedDates(Int32) on controller SmartParkingF.API.Controllers.ReservationsController (SmartParkingF.API).
2026-05-25 23:30:00.692 +03:00 [INF] HTTP GET /api/Properties/1 responded 200 in 53.3793 ms
2026-05-25 23:30:00.703 +03:00 [INF] Request finished HTTP/2 GET https://localhost:7144/api/Properties/1 - 200 null application/json; charset=utf-8 74.6727ms
2026-05-25 23:30:00.704 +03:00 [INF] Executed DbCommand (1ms) [Parameters=[@propertyId='?' (DbType = Int32)], CommandType='"Text"', CommandTimeout='30']
SELECT [r].[Id], [r].[StartTime], [r].[EndTime]
FROM [Reservations] AS [r]
WHERE [r].[PropertyId] = @propertyId AND [r].[Status] = N'Confirmed'
2026-05-25 23:30:00.709 +03:00 [INF] Executing OkObjectResult, writing value of type 'System.Collections.Generic.List`1[[<>f__AnonymousType13`3[[System.Int32, System.Private.CoreLib, Version=10.0.0.0, Culture=neutral, PublicKeyToken=7cec85d7bea7798e],[System.DateTime, System.Private.CoreLib, Version=10.0.0.0, Culture=neutral, PublicKeyToken=7cec85d7bea7798e],[System.DateTime, System.Private.CoreLib, Version=10.0.0.0, Culture=neutral, PublicKeyToken=7cec85d7bea7798e]], SmartParkingF.API, Version=1.0.0.0, Culture=neutral, PublicKeyToken=null]]'.
2026-05-25 23:30:00.711 +03:00 [INF] Executed action SmartParkingF.API.Controllers.ReservationsController.GetPropertyBookedDates (SmartParkingF.API) in 10.0895ms
2026-05-25 23:30:00.714 +03:00 [INF] Executed endpoint 'SmartParkingF.API.Controllers.ReservationsController.GetPropertyBookedDates (SmartParkingF.API)'
2026-05-25 23:30:00.715 +03:00 [INF] HTTP GET /api/Reservations/PropertyBookedDates/1 responded 200 in 46.7903 ms
2026-05-25 23:30:00.717 +03:00 [INF] Request finished HTTP/2 GET https://localhost:7144/api/Reservations/PropertyBookedDates/1 - 200 null application/json; charset=utf-8 53.2581ms
2026-05-25 23:30:05.789 +03:00 [INF] Request starting HTTP/2 OPTIONS https://localhost:7144/api/ParkingSpots - null null
2026-05-25 23:30:05.798 +03:00 [INF] CORS policy execution successful.
2026-05-25 23:30:05.801 +03:00 [INF] HTTP OPTIONS /api/ParkingSpots responded 204 in 2.9499 ms
2026-05-25 23:30:05.805 +03:00 [INF] Request finished HTTP/2 OPTIONS https://localhost:7144/api/ParkingSpots - 204 null null 16.1637ms
2026-05-25 23:30:05.807 +03:00 [INF] Request starting HTTP/2 GET https://localhost:7144/api/ParkingSpots - null null
2026-05-25 23:30:05.815 +03:00 [INF] CORS policy execution successful.
2026-05-25 23:30:05.818 +03:00 [INF] Executing endpoint 'SmartParkingF.API.Controllers.ParkingSpotsController.GetAll (SmartParkingF.API)'
2026-05-25 23:30:05.826 +03:00 [INF] Route matched with {action = "GetAll", controller = "ParkingSpots"}. Executing controller action with signature System.Threading.Tasks.Task`1[Microsoft.AspNetCore.Mvc.ActionResult`1[System.Collections.Generic.IEnumerable`1[SmartParkingF.API.Models.ParkingSpot]]] GetAll() on controller SmartParkingF.API.Controllers.ParkingSpotsController (SmartParkingF.API).
2026-05-25 23:30:05.839 +03:00 [INF] Executed DbCommand (2ms) [Parameters=[], CommandType='"Text"', CommandTimeout='30']
SELECT [p].[Id], [p].[Location], [p].[PricePerHour], [p].[PricePerNight], [p].[PropertyId], [p].[SpotNumber], [p].[Status], [p].[Zone]
FROM [ParkingSpots] AS [p]
2026-05-25 23:30:05.852 +03:00 [INF] Executing ObjectResult, writing value of type 'System.Collections.Generic.List`1[[SmartParkingF.API.Models.ParkingSpot, SmartParkingF.API, Version=1.0.0.0, Culture=neutral, PublicKeyToken=null]]'.
2026-05-25 23:30:05.870 +03:00 [INF] Executed action SmartParkingF.API.Controllers.ParkingSpotsController.GetAll (SmartParkingF.API) in 41.2701ms
2026-05-25 23:30:05.872 +03:00 [INF] Executed endpoint 'SmartParkingF.API.Controllers.ParkingSpotsController.GetAll (SmartParkingF.API)'
2026-05-25 23:30:05.874 +03:00 [INF] HTTP GET /api/ParkingSpots responded 200 in 58.6705 ms
2026-05-25 23:30:05.876 +03:00 [INF] Request finished HTTP/2 GET https://localhost:7144/api/ParkingSpots - 200 null application/json; charset=utf-8 69.1529ms
2026-05-25 23:30:05.881 +03:00 [INF] Request starting HTTP/2 OPTIONS https://localhost:7144/api/Reservations - null null
2026-05-25 23:30:05.885 +03:00 [INF] CORS policy execution successful.
2026-05-25 23:30:05.886 +03:00 [INF] HTTP OPTIONS /api/Reservations responded 204 in 1.0839 ms
2026-05-25 23:30:05.889 +03:00 [INF] Request finished HTTP/2 OPTIONS https://localhost:7144/api/Reservations - 204 null null 8.4207ms
2026-05-25 23:30:05.891 +03:00 [INF] Request starting HTTP/2 POST https://localhost:7144/api/Reservations - application/json 109
2026-05-25 23:30:05.896 +03:00 [INF] CORS policy execution successful.
2026-05-25 23:30:05.897 +03:00 [INF] Executing endpoint 'SmartParkingF.API.Controllers.ReservationsController.PostReservation (SmartParkingF.API)'
2026-05-25 23:30:05.905 +03:00 [INF] Route matched with {action = "PostReservation", controller = "Reservations"}. Executing controller action with signature System.Threading.Tasks.Task`1[Microsoft.AspNetCore.Mvc.ActionResult] PostReservation(SmartParkingF.API.Models.ReservationDto) on controller SmartParkingF.API.Controllers.ReservationsController (SmartParkingF.API).
2026-05-25 23:30:05.937 +03:00 [INF] Executed DbCommand (4ms) [Parameters=[@p='?' (DbType = Int32)], CommandType='"Text"', CommandTimeout='30']
SELECT TOP(1) [p].[Id], [p].[Location], [p].[PricePerHour], [p].[PricePerNight], [p].[PropertyId], [p].[SpotNumber], [p].[Status], [p].[Zone]
FROM [ParkingSpots] AS [p]
WHERE [p].[Id] = @p
2026-05-25 23:30:05.941 +03:00 [INF] Executed DbCommand (1ms) [Parameters=[@p='?' (DbType = Int32)], CommandType='"Text"', CommandTimeout='30']
SELECT TOP(1) [p].[Id], [p].[Bathrooms], [p].[Bedrooms], [p].[CreatedAt], [p].[Description], [p].[HasSmartParking], [p].[ImageUrl], [p].[Location], [p].[Name], [p].[Price], [p].[PricePerHour], [p].[PricePerNight], [p].[Rating], [p].[Title], [p].[TotalSpots]
FROM [Properties] AS [p]
WHERE [p].[Id] = @p
2026-05-25 23:30:05.961 +03:00 [INF] Executed DbCommand (4ms) [Parameters=[@reservationDto_PropertyId='?' (DbType = Int32), @reservationDto_StartDate='?' (DbType = DateTime2), @reservationDto_EndDate='?' (DbType = DateTime2)], CommandType='"Text"', CommandTimeout='30']
SELECT CASE
    WHEN EXISTS (
        SELECT 1
        FROM [Reservations] AS [r]
        WHERE [r].[PropertyId] = @reservationDto_PropertyId AND [r].[Status] = N'Confirmed' AND @reservationDto_StartDate < [r].[EndTime] AND @reservationDto_EndDate > [r].[StartTime]) THEN CAST(1 AS bit)
    ELSE CAST(0 AS bit)
END
2026-05-25 23:30:05.979 +03:00 [INF] Executed DbCommand (4ms) [Parameters=[@reservationDto_ParkingSpotId='?' (DbType = Int32), @reservationDto_StartDate='?' (DbType = DateTime2), @reservationDto_EndDate='?' (DbType = DateTime2)], CommandType='"Text"', CommandTimeout='30']
SELECT CASE
    WHEN EXISTS (
        SELECT 1
        FROM [Reservations] AS [r]
        WHERE [r].[ParkingSpotId] = @reservationDto_ParkingSpotId AND [r].[Status] = N'Confirmed' AND @reservationDto_StartDate < [r].[EndTime] AND @reservationDto_EndDate > [r].[StartTime]) THEN CAST(1 AS bit)
    ELSE CAST(0 AS bit)
END
2026-05-25 23:30:06.001 +03:00 [WRN] Savepoints are disabled because Multiple Active Result Sets (MARS) is enabled. If 'SaveChanges' fails, then the transaction cannot be automatically rolled back to a known clean state. Instead, the transaction should be rolled back by the application before retrying 'SaveChanges'. See https://go.microsoft.com/fwlink/?linkid=2149338 for more information and examples. To identify the code which triggers this warning, call 'ConfigureWarnings(w => w.Throw(SqlServerEventId.SavepointsDisabledBecauseOfMARS))'.
2026-05-25 23:30:06.017 +03:00 [INF] Executed DbCommand (12ms) [Parameters=[@p1='?' (DbType = Int32), @p0='?' (Size = 4000), @p2='?' (Size = 4000), @p3='?' (Size = 4000), @p4='?' (DbType = DateTime2), @p5='?' (DbType = DateTime2), @p6='?' (DbType = Int32), @p7='?' (DbType = Int32), @p8='?' (Size = 4000), @p9='?' (DbType = DateTime2), @p10='?' (Size = 4000), @p11='?' (Precision = 18) (Scale = 2) (DbType = Decimal), @p12='?' (DbType = Int32)], CommandType='"Text"', CommandTimeout='30']
SET NOCOUNT ON;
UPDATE [ParkingSpots] SET [Status] = @p0
OUTPUT 1
WHERE [Id] = @p1;
INSERT INTO [Reservations] ([BookingType], [CarPlateNumber], [CreatedAt], [EndTime], [ParkingSpotId], [PropertyId], [QrCodeData], [StartTime], [Status], [TotalPrice], [UserId])
OUTPUT INSERTED.[Id]
VALUES (@p2, @p3, @p4, @p5, @p6, @p7, @p8, @p9, @p10, @p11, @p12);
2026-05-25 23:30:06.059 +03:00 [INF] Executing OkObjectResult, writing value of type '<>f__AnonymousType15`3[[System.Boolean, System.Private.CoreLib, Version=10.0.0.0, Culture=neutral, PublicKeyToken=7cec85d7bea7798e],[System.String, System.Private.CoreLib, Version=10.0.0.0, Culture=neutral, PublicKeyToken=7cec85d7bea7798e],[System.Int32, System.Private.CoreLib, Version=10.0.0.0, Culture=neutral, PublicKeyToken=7cec85d7bea7798e]]'.
2026-05-25 23:30:06.065 +03:00 [INF] Executed action SmartParkingF.API.Controllers.ReservationsController.PostReservation (SmartParkingF.API) in 157.7591ms
2026-05-25 23:30:06.068 +03:00 [INF] Executed endpoint 'SmartParkingF.API.Controllers.ReservationsController.PostReservation (SmartParkingF.API)'
2026-05-25 23:30:06.069 +03:00 [INF] HTTP POST /api/Reservations responded 200 in 173.7518 ms
2026-05-25 23:30:06.073 +03:00 [INF] Request finished HTTP/2 POST https://localhost:7144/api/Reservations - 200 null application/json; charset=utf-8 181.9611ms
2026-05-25 23:30:08.564 +03:00 [INF] Request starting HTTP/2 OPTIONS https://localhost:7144/api/Payments/user-history/3 - null null
2026-05-25 23:30:08.565 +03:00 [INF] Request starting HTTP/2 OPTIONS https://localhost:7144/api/Payments/user-history/3 - null null
2026-05-25 23:30:08.569 +03:00 [INF] CORS policy execution successful.
2026-05-25 23:30:08.572 +03:00 [INF] CORS policy execution successful.
2026-05-25 23:30:08.573 +03:00 [INF] HTTP OPTIONS /api/Payments/user-history/3 responded 204 in 3.9714 ms
2026-05-25 23:30:08.574 +03:00 [INF] HTTP OPTIONS /api/Payments/user-history/3 responded 204 in 1.8790 ms
2026-05-25 23:30:08.576 +03:00 [INF] Request finished HTTP/2 OPTIONS https://localhost:7144/api/Payments/user-history/3 - 204 null null 12.1226ms
2026-05-25 23:30:08.578 +03:00 [INF] Request starting HTTP/2 GET https://localhost:7144/api/Payments/user-history/3 - null null
2026-05-25 23:30:08.578 +03:00 [INF] Request finished HTTP/2 OPTIONS https://localhost:7144/api/Payments/user-history/3 - 204 null null 13.873ms
2026-05-25 23:30:08.585 +03:00 [INF] CORS policy execution successful.
2026-05-25 23:30:08.589 +03:00 [INF] Executing endpoint 'SmartParkingF.API.Controllers.PaymentsController.GetUserPaymentHistory (SmartParkingF.API)'
2026-05-25 23:30:08.599 +03:00 [INF] Route matched with {action = "GetUserPaymentHistory", controller = "Payments"}. Executing controller action with signature System.Threading.Tasks.Task`1[Microsoft.AspNetCore.Mvc.IActionResult] GetUserPaymentHistory(Int32) on controller SmartParkingF.API.Controllers.PaymentsController (SmartParkingF.API).
2026-05-25 23:30:08.609 +03:00 [INF] Executed DbCommand (2ms) [Parameters=[@userId='?' (DbType = Int32)], CommandType='"Text"', CommandTimeout='30']
SELECT CASE
    WHEN EXISTS (
        SELECT 1
        FROM [Users] AS [u]
        WHERE [u].[Id] = @userId) THEN CAST(1 AS bit)
    ELSE CAST(0 AS bit)
END
2026-05-25 23:30:08.752 +03:00 [INF] Executed DbCommand (16ms) [Parameters=[@userId='?' (DbType = Int32)], CommandType='"Text"', CommandTimeout='30']
SELECT [r].[Id], CONVERT(varchar(11), [r].[Id]), [r].[StartTime], [r].[Status], [r].[TotalPrice], [p].[Name]
FROM [Reservations] AS [r]
INNER JOIN [Properties] AS [p] ON [r].[PropertyId] = [p].[Id]
WHERE [r].[UserId] = @userId
ORDER BY [r].[StartTime] DESC
2026-05-25 23:30:08.758 +03:00 [INF] Executing OkObjectResult, writing value of type 'System.Collections.Generic.List`1[[<>f__AnonymousType3`7[[System.Int32, System.Private.CoreLib, Version=10.0.0.0, Culture=neutral, PublicKeyToken=7cec85d7bea7798e],[System.String, System.Private.CoreLib, Version=10.0.0.0, Culture=neutral, PublicKeyToken=7cec85d7bea7798e],[System.String, System.Private.CoreLib, Version=10.0.0.0, Culture=neutral, PublicKeyToken=7cec85d7bea7798e],[System.String, System.Private.CoreLib, Version=10.0.0.0, Culture=neutral, PublicKeyToken=7cec85d7bea7798e],[System.String, System.Private.CoreLib, Version=10.0.0.0, Culture=neutral, PublicKeyToken=7cec85d7bea7798e],[System.Decimal, System.Private.CoreLib, Version=10.0.0.0, Culture=neutral, PublicKeyToken=7cec85d7bea7798e],[System.String, System.Private.CoreLib, Version=10.0.0.0, Culture=neutral, PublicKeyToken=7cec85d7bea7798e]], SmartParkingF.API, Version=1.0.0.0, Culture=neutral, PublicKeyToken=null]]'.
2026-05-25 23:30:08.764 +03:00 [INF] Executed action SmartParkingF.API.Controllers.PaymentsController.GetUserPaymentHistory (SmartParkingF.API) in 162.7916ms
2026-05-25 23:30:08.766 +03:00 [INF] Request starting HTTP/2 GET https://localhost:7144/api/Payments/user-history/3 - null null
2026-05-25 23:30:08.766 +03:00 [INF] Executed endpoint 'SmartParkingF.API.Controllers.PaymentsController.GetUserPaymentHistory (SmartParkingF.API)'
2026-05-25 23:30:08.769 +03:00 [INF] CORS policy execution successful.
2026-05-25 23:30:08.770 +03:00 [INF] HTTP GET /api/Payments/user-history/3 responded 200 in 185.8100 ms
2026-05-25 23:30:08.773 +03:00 [INF] Executing endpoint 'SmartParkingF.API.Controllers.PaymentsController.GetUserPaymentHistory (SmartParkingF.API)'
2026-05-25 23:30:08.774 +03:00 [INF] Request finished HTTP/2 GET https://localhost:7144/api/Payments/user-history/3 - 200 null application/json; charset=utf-8 195.9954ms
2026-05-25 23:30:08.776 +03:00 [INF] Route matched with {action = "GetUserPaymentHistory", controller = "Payments"}. Executing controller action with signature System.Threading.Tasks.Task`1[Microsoft.AspNetCore.Mvc.IActionResult] GetUserPaymentHistory(Int32) on controller SmartParkingF.API.Controllers.PaymentsController (SmartParkingF.API).
2026-05-25 23:30:08.785 +03:00 [INF] Executed DbCommand (1ms) [Parameters=[@userId='?' (DbType = Int32)], CommandType='"Text"', CommandTimeout='30']
SELECT CASE
    WHEN EXISTS (
        SELECT 1
        FROM [Users] AS [u]
        WHERE [u].[Id] = @userId) THEN CAST(1 AS bit)
    ELSE CAST(0 AS bit)
END
2026-05-25 23:30:08.789 +03:00 [INF] Executed DbCommand (1ms) [Parameters=[@userId='?' (DbType = Int32)], CommandType='"Text"', CommandTimeout='30']
SELECT [r].[Id], CONVERT(varchar(11), [r].[Id]), [r].[StartTime], [r].[Status], [r].[TotalPrice], [p].[Name]
FROM [Reservations] AS [r]
INNER JOIN [Properties] AS [p] ON [r].[PropertyId] = [p].[Id]
WHERE [r].[UserId] = @userId
ORDER BY [r].[StartTime] DESC
2026-05-25 23:30:08.792 +03:00 [INF] Executing OkObjectResult, writing value of type 'System.Collections.Generic.List`1[[<>f__AnonymousType3`7[[System.Int32, System.Private.CoreLib, Version=10.0.0.0, Culture=neutral, PublicKeyToken=7cec85d7bea7798e],[System.String, System.Private.CoreLib, Version=10.0.0.0, Culture=neutral, PublicKeyToken=7cec85d7bea7798e],[System.String, System.Private.CoreLib, Version=10.0.0.0, Culture=neutral, PublicKeyToken=7cec85d7bea7798e],[System.String, System.Private.CoreLib, Version=10.0.0.0, Culture=neutral, PublicKeyToken=7cec85d7bea7798e],[System.String, System.Private.CoreLib, Version=10.0.0.0, Culture=neutral, PublicKeyToken=7cec85d7bea7798e],[System.Decimal, System.Private.CoreLib, Version=10.0.0.0, Culture=neutral, PublicKeyToken=7cec85d7bea7798e],[System.String, System.Private.CoreLib, Version=10.0.0.0, Culture=neutral, PublicKeyToken=7cec85d7bea7798e]], SmartParkingF.API, Version=1.0.0.0, Culture=neutral, PublicKeyToken=null]]'.
2026-05-25 23:30:08.793 +03:00 [INF] Executed action SmartParkingF.API.Controllers.PaymentsController.GetUserPaymentHistory (SmartParkingF.API) in 10.5237ms
2026-05-25 23:30:08.795 +03:00 [INF] Executed endpoint 'SmartParkingF.API.Controllers.PaymentsController.GetUserPaymentHistory (SmartParkingF.API)'
2026-05-25 23:30:08.797 +03:00 [INF] HTTP GET /api/Payments/user-history/3 responded 200 in 27.4242 ms
2026-05-25 23:30:08.799 +03:00 [INF] Request finished HTTP/2 GET https://localhost:7144/api/Payments/user-history/3 - 200 null application/json; charset=utf-8 33.0096ms
2026-05-25 23:30:10.058 +03:00 [INF] Request starting HTTP/2 OPTIONS https://localhost:7144/api/Payments/Process - null null
2026-05-25 23:30:10.065 +03:00 [INF] CORS policy execution successful.
2026-05-25 23:30:10.067 +03:00 [INF] HTTP OPTIONS /api/Payments/Process responded 204 in 1.8893 ms
2026-05-25 23:30:10.071 +03:00 [INF] Request finished HTTP/2 OPTIONS https://localhost:7144/api/Payments/Process - 204 null null 13.1121ms
2026-05-25 23:30:10.073 +03:00 [INF] Request starting HTTP/2 POST https://localhost:7144/api/Payments/Process - application/json 99
2026-05-25 23:30:10.079 +03:00 [INF] CORS policy execution successful.
2026-05-25 23:30:10.081 +03:00 [INF] Executing endpoint 'SmartParkingF.API.Controllers.PaymentsController.ProcessPayment (SmartParkingF.API)'
2026-05-25 23:30:10.089 +03:00 [INF] Route matched with {action = "ProcessPayment", controller = "Payments"}. Executing controller action with signature System.Threading.Tasks.Task`1[Microsoft.AspNetCore.Mvc.IActionResult] ProcessPayment(SmartParkingF.API.Controllers.PaymentRequestDTO) on controller SmartParkingF.API.Controllers.PaymentsController (SmartParkingF.API).
2026-05-25 23:30:10.106 +03:00 [INF] Executed DbCommand (4ms) [Parameters=[@p0='?' (Size = 4000), @p1='?' (Size = 4000), @p2='?' (DbType = DateTime2), @p3='?' (DbType = DateTime2), @p4='?' (DbType = Int32), @p5='?' (DbType = Int32), @p6='?' (Size = 4000), @p7='?' (DbType = DateTime2), @p8='?' (Size = 4000), @p9='?' (Precision = 18) (Scale = 2) (DbType = Decimal), @p10='?' (DbType = Int32)], CommandType='"Text"', CommandTimeout='30']
SET IMPLICIT_TRANSACTIONS OFF;
SET NOCOUNT ON;
INSERT INTO [Reservations] ([BookingType], [CarPlateNumber], [CreatedAt], [EndTime], [ParkingSpotId], [PropertyId], [QrCodeData], [StartTime], [Status], [TotalPrice], [UserId])
OUTPUT INSERTED.[Id]
VALUES (@p0, @p1, @p2, @p3, @p4, @p5, @p6, @p7, @p8, @p9, @p10);
2026-05-25 23:30:10.110 +03:00 [INF] Executing OkObjectResult, writing value of type '<>f__AnonymousType4`2[[System.String, System.Private.CoreLib, Version=10.0.0.0, Culture=neutral, PublicKeyToken=7cec85d7bea7798e],[System.String, System.Private.CoreLib, Version=10.0.0.0, Culture=neutral, PublicKeyToken=7cec85d7bea7798e]]'.
2026-05-25 23:30:10.115 +03:00 [INF] Executed action SmartParkingF.API.Controllers.PaymentsController.ProcessPayment (SmartParkingF.API) in 23.7204ms
2026-05-25 23:30:10.117 +03:00 [INF] Executed endpoint 'SmartParkingF.API.Controllers.PaymentsController.ProcessPayment (SmartParkingF.API)'
2026-05-25 23:30:10.118 +03:00 [INF] HTTP POST /api/Payments/Process responded 200 in 39.0939 ms
2026-05-25 23:30:10.121 +03:00 [INF] Request finished HTTP/2 POST https://localhost:7144/api/Payments/Process - 200 null application/json; charset=utf-8 48.3741ms
2026-05-25 23:30:11.793 +03:00 [INF] Request starting HTTP/2 GET https://localhost:7144/api/Payments/user-history/3 - null null
2026-05-25 23:30:11.801 +03:00 [INF] CORS policy execution successful.
2026-05-25 23:30:11.804 +03:00 [INF] Executing endpoint 'SmartParkingF.API.Controllers.PaymentsController.GetUserPaymentHistory (SmartParkingF.API)'
2026-05-25 23:30:11.807 +03:00 [INF] Route matched with {action = "GetUserPaymentHistory", controller = "Payments"}. Executing controller action with signature System.Threading.Tasks.Task`1[Microsoft.AspNetCore.Mvc.IActionResult] GetUserPaymentHistory(Int32) on controller SmartParkingF.API.Controllers.PaymentsController (SmartParkingF.API).
2026-05-25 23:30:11.815 +03:00 [INF] Executed DbCommand (1ms) [Parameters=[@userId='?' (DbType = Int32)], CommandType='"Text"', CommandTimeout='30']
SELECT CASE
    WHEN EXISTS (
        SELECT 1
        FROM [Users] AS [u]
        WHERE [u].[Id] = @userId) THEN CAST(1 AS bit)
    ELSE CAST(0 AS bit)
END
2026-05-25 23:30:11.821 +03:00 [INF] Executed DbCommand (1ms) [Parameters=[@userId='?' (DbType = Int32)], CommandType='"Text"', CommandTimeout='30']
SELECT [r].[Id], CONVERT(varchar(11), [r].[Id]), [r].[StartTime], [r].[Status], [r].[TotalPrice], [p].[Name]
FROM [Reservations] AS [r]
INNER JOIN [Properties] AS [p] ON [r].[PropertyId] = [p].[Id]
WHERE [r].[UserId] = @userId
ORDER BY [r].[StartTime] DESC
2026-05-25 23:30:11.825 +03:00 [INF] Executing OkObjectResult, writing value of type 'System.Collections.Generic.List`1[[<>f__AnonymousType3`7[[System.Int32, System.Private.CoreLib, Version=10.0.0.0, Culture=neutral, PublicKeyToken=7cec85d7bea7798e],[System.String, System.Private.CoreLib, Version=10.0.0.0, Culture=neutral, PublicKeyToken=7cec85d7bea7798e],[System.String, System.Private.CoreLib, Version=10.0.0.0, Culture=neutral, PublicKeyToken=7cec85d7bea7798e],[System.String, System.Private.CoreLib, Version=10.0.0.0, Culture=neutral, PublicKeyToken=7cec85d7bea7798e],[System.String, System.Private.CoreLib, Version=10.0.0.0, Culture=neutral, PublicKeyToken=7cec85d7bea7798e],[System.Decimal, System.Private.CoreLib, Version=10.0.0.0, Culture=neutral, PublicKeyToken=7cec85d7bea7798e],[System.String, System.Private.CoreLib, Version=10.0.0.0, Culture=neutral, PublicKeyToken=7cec85d7bea7798e]], SmartParkingF.API, Version=1.0.0.0, Culture=neutral, PublicKeyToken=null]]'.
2026-05-25 23:30:11.827 +03:00 [INF] Executed action SmartParkingF.API.Controllers.PaymentsController.GetUserPaymentHistory (SmartParkingF.API) in 15.017ms
2026-05-25 23:30:11.830 +03:00 [INF] Executed endpoint 'SmartParkingF.API.Controllers.PaymentsController.GetUserPaymentHistory (SmartParkingF.API)'
2026-05-25 23:30:11.831 +03:00 [INF] HTTP GET /api/Payments/user-history/3 responded 200 in 30.0579 ms
2026-05-25 23:30:11.834 +03:00 [INF] Request finished HTTP/2 GET https://localhost:7144/api/Payments/user-history/3 - 200 null application/json; charset=utf-8 41.5003ms
2026-05-25 23:30:13.812 +03:00 [INF] Request starting HTTP/2 GET https://localhost:7144/api/Properties - null null
2026-05-25 23:30:13.816 +03:00 [INF] Request starting HTTP/2 GET https://localhost:7144/api/Properties - null null
2026-05-25 23:30:13.818 +03:00 [INF] CORS policy execution successful.
2026-05-25 23:30:13.821 +03:00 [INF] CORS policy execution successful.
2026-05-25 23:30:13.822 +03:00 [INF] Executing endpoint 'SmartParkingF.API.Controllers.PropertiesController.GetProperties (SmartParkingF.API)'
2026-05-25 23:30:13.822 +03:00 [INF] Executing endpoint 'SmartParkingF.API.Controllers.PropertiesController.GetProperties (SmartParkingF.API)'
2026-05-25 23:30:13.823 +03:00 [INF] Route matched with {action = "GetProperties", controller = "Properties"}. Executing controller action with signature System.Threading.Tasks.Task`1[Microsoft.AspNetCore.Mvc.IActionResult] GetProperties() on controller SmartParkingF.API.Controllers.PropertiesController (SmartParkingF.API).
2026-05-25 23:30:13.825 +03:00 [INF] Route matched with {action = "GetProperties", controller = "Properties"}. Executing controller action with signature System.Threading.Tasks.Task`1[Microsoft.AspNetCore.Mvc.IActionResult] GetProperties() on controller SmartParkingF.API.Controllers.PropertiesController (SmartParkingF.API).
2026-05-25 23:30:13.829 +03:00 [INF] Executed DbCommand (1ms) [Parameters=[], CommandType='"Text"', CommandTimeout='30']
SELECT [p].[Id], [p].[Bathrooms], [p].[Bedrooms], [p].[CreatedAt], [p].[Description], [p].[HasSmartParking], [p].[ImageUrl], [p].[Location], [p].[Name], [p].[Price], [p].[PricePerHour], [p].[PricePerNight], [p].[Rating], [p].[Title], [p].[TotalSpots]
FROM [Properties] AS [p]
2026-05-25 23:30:13.831 +03:00 [INF] Executed DbCommand (1ms) [Parameters=[], CommandType='"Text"', CommandTimeout='30']
SELECT [p].[Id], [p].[Bathrooms], [p].[Bedrooms], [p].[CreatedAt], [p].[Description], [p].[HasSmartParking], [p].[ImageUrl], [p].[Location], [p].[Name], [p].[Price], [p].[PricePerHour], [p].[PricePerNight], [p].[Rating], [p].[Title], [p].[TotalSpots]
FROM [Properties] AS [p]
2026-05-25 23:30:13.832 +03:00 [INF] Executing OkObjectResult, writing value of type 'System.Collections.Generic.List`1[[SmartParkingF.API.Models.Property, SmartParkingF.API, Version=1.0.0.0, Culture=neutral, PublicKeyToken=null]]'.
2026-05-25 23:30:13.834 +03:00 [INF] Executing OkObjectResult, writing value of type 'System.Collections.Generic.List`1[[SmartParkingF.API.Models.Property, SmartParkingF.API, Version=1.0.0.0, Culture=neutral, PublicKeyToken=null]]'.
2026-05-25 23:30:13.836 +03:00 [INF] Executed action SmartParkingF.API.Controllers.PropertiesController.GetProperties (SmartParkingF.API) in 8.5829ms
2026-05-25 23:30:13.836 +03:00 [INF] Executed action SmartParkingF.API.Controllers.PropertiesController.GetProperties (SmartParkingF.API) in 7.531ms
2026-05-25 23:30:13.838 +03:00 [INF] Executed endpoint 'SmartParkingF.API.Controllers.PropertiesController.GetProperties (SmartParkingF.API)'
2026-05-25 23:30:13.839 +03:00 [INF] Executed endpoint 'SmartParkingF.API.Controllers.PropertiesController.GetProperties (SmartParkingF.API)'
2026-05-25 23:30:13.840 +03:00 [INF] HTTP GET /api/Properties responded 200 in 21.7348 ms
2026-05-25 23:30:13.841 +03:00 [INF] HTTP GET /api/Properties responded 200 in 19.8877 ms
2026-05-25 23:30:13.842 +03:00 [INF] Request finished HTTP/2 GET https://localhost:7144/api/Properties - 499 null application/json; charset=utf-8 30.147ms
2026-05-25 23:30:13.844 +03:00 [INF] Request finished HTTP/2 GET https://localhost:7144/api/Properties - 200 null application/json; charset=utf-8 28.1897ms
2026-05-25 23:30:15.512 +03:00 [INF] Request starting HTTP/2 GET https://localhost:7144/api/Properties/1 - null null
2026-05-25 23:30:15.512 +03:00 [INF] Request starting HTTP/2 GET https://localhost:7144/api/Reservations/PropertyBookedDates/1 - null null
2026-05-25 23:30:15.520 +03:00 [INF] CORS policy execution successful.
2026-05-25 23:30:15.522 +03:00 [INF] CORS policy execution successful.
2026-05-25 23:30:15.522 +03:00 [INF] Executing endpoint 'SmartParkingF.API.Controllers.PropertiesController.GetProperty (SmartParkingF.API)'
2026-05-25 23:30:15.523 +03:00 [INF] Executing endpoint 'SmartParkingF.API.Controllers.ReservationsController.GetPropertyBookedDates (SmartParkingF.API)'
2026-05-25 23:30:15.524 +03:00 [INF] Route matched with {action = "GetProperty", controller = "Properties"}. Executing controller action with signature System.Threading.Tasks.Task`1[Microsoft.AspNetCore.Mvc.ActionResult`1[SmartParkingF.API.Models.Property]] GetProperty(Int32) on controller SmartParkingF.API.Controllers.PropertiesController (SmartParkingF.API).
2026-05-25 23:30:15.525 +03:00 [INF] Route matched with {action = "GetPropertyBookedDates", controller = "Reservations"}. Executing controller action with signature System.Threading.Tasks.Task`1[Microsoft.AspNetCore.Mvc.ActionResult`1[System.Collections.Generic.IEnumerable`1[System.Object]]] GetPropertyBookedDates(Int32) on controller SmartParkingF.API.Controllers.ReservationsController (SmartParkingF.API).
2026-05-25 23:30:15.530 +03:00 [INF] Executed DbCommand (1ms) [Parameters=[@p='?' (DbType = Int32)], CommandType='"Text"', CommandTimeout='30']
SELECT TOP(1) [p].[Id], [p].[Bathrooms], [p].[Bedrooms], [p].[CreatedAt], [p].[Description], [p].[HasSmartParking], [p].[ImageUrl], [p].[Location], [p].[Name], [p].[Price], [p].[PricePerHour], [p].[PricePerNight], [p].[Rating], [p].[Title], [p].[TotalSpots]
FROM [Properties] AS [p]
WHERE [p].[Id] = @p
2026-05-25 23:30:15.533 +03:00 [INF] Executing OkObjectResult, writing value of type 'SmartParkingF.API.Models.Property'.
2026-05-25 23:30:15.535 +03:00 [INF] Executed action SmartParkingF.API.Controllers.PropertiesController.GetProperty (SmartParkingF.API) in 7.5036ms
2026-05-25 23:30:15.536 +03:00 [INF] Executed endpoint 'SmartParkingF.API.Controllers.PropertiesController.GetProperty (SmartParkingF.API)'
2026-05-25 23:30:15.536 +03:00 [INF] Request starting HTTP/2 GET https://localhost:7144/api/Properties/1 - null null
2026-05-25 23:30:15.537 +03:00 [INF] HTTP GET /api/Properties/1 responded 200 in 17.7990 ms
2026-05-25 23:30:15.540 +03:00 [INF] Executed DbCommand (9ms) [Parameters=[@propertyId='?' (DbType = Int32)], CommandType='"Text"', CommandTimeout='30']
SELECT [r].[Id], [r].[StartTime], [r].[EndTime]
FROM [Reservations] AS [r]
WHERE [r].[PropertyId] = @propertyId AND [r].[Status] = N'Confirmed'
2026-05-25 23:30:15.540 +03:00 [INF] CORS policy execution successful.
2026-05-25 23:30:15.542 +03:00 [INF] Request finished HTTP/2 GET https://localhost:7144/api/Properties/1 - 200 null application/json; charset=utf-8 30.0668ms
2026-05-25 23:30:15.544 +03:00 [INF] Executing OkObjectResult, writing value of type 'System.Collections.Generic.List`1[[<>f__AnonymousType13`3[[System.Int32, System.Private.CoreLib, Version=10.0.0.0, Culture=neutral, PublicKeyToken=7cec85d7bea7798e],[System.DateTime, System.Private.CoreLib, Version=10.0.0.0, Culture=neutral, PublicKeyToken=7cec85d7bea7798e],[System.DateTime, System.Private.CoreLib, Version=10.0.0.0, Culture=neutral, PublicKeyToken=7cec85d7bea7798e]], SmartParkingF.API, Version=1.0.0.0, Culture=neutral, PublicKeyToken=null]]'.
2026-05-25 23:30:15.545 +03:00 [INF] Executing endpoint 'SmartParkingF.API.Controllers.PropertiesController.GetProperty (SmartParkingF.API)'
2026-05-25 23:30:15.550 +03:00 [INF] Route matched with {action = "GetProperty", controller = "Properties"}. Executing controller action with signature System.Threading.Tasks.Task`1[Microsoft.AspNetCore.Mvc.ActionResult`1[SmartParkingF.API.Models.Property]] GetProperty(Int32) on controller SmartParkingF.API.Controllers.PropertiesController (SmartParkingF.API).
2026-05-25 23:30:15.550 +03:00 [INF] Executed action SmartParkingF.API.Controllers.ReservationsController.GetPropertyBookedDates (SmartParkingF.API) in 21.0249ms
2026-05-25 23:30:15.552 +03:00 [INF] Request starting HTTP/2 GET https://localhost:7144/api/Reservations/PropertyBookedDates/1 - null null
2026-05-25 23:30:15.553 +03:00 [INF] Executed endpoint 'SmartParkingF.API.Controllers.ReservationsController.GetPropertyBookedDates (SmartParkingF.API)'
2026-05-25 23:30:15.554 +03:00 [INF] Executed DbCommand (1ms) [Parameters=[@p='?' (DbType = Int32)], CommandType='"Text"', CommandTimeout='30']
SELECT TOP(1) [p].[Id], [p].[Bathrooms], [p].[Bedrooms], [p].[CreatedAt], [p].[Description], [p].[HasSmartParking], [p].[ImageUrl], [p].[Location], [p].[Name], [p].[Price], [p].[PricePerHour], [p].[PricePerNight], [p].[Rating], [p].[Title], [p].[TotalSpots]
FROM [Properties] AS [p]
WHERE [p].[Id] = @p
2026-05-25 23:30:15.555 +03:00 [INF] CORS policy execution successful.
2026-05-25 23:30:15.556 +03:00 [INF] HTTP GET /api/Reservations/PropertyBookedDates/1 responded 200 in 34.4544 ms
2026-05-25 23:30:15.559 +03:00 [INF] Executing OkObjectResult, writing value of type 'SmartParkingF.API.Models.Property'.
2026-05-25 23:30:15.559 +03:00 [INF] Executing endpoint 'SmartParkingF.API.Controllers.ReservationsController.GetPropertyBookedDates (SmartParkingF.API)'
2026-05-25 23:30:15.561 +03:00 [INF] Request finished HTTP/2 GET https://localhost:7144/api/Reservations/PropertyBookedDates/1 - 200 null application/json; charset=utf-8 48.5888ms
2026-05-25 23:30:15.562 +03:00 [INF] Executed action SmartParkingF.API.Controllers.PropertiesController.GetProperty (SmartParkingF.API) in 10.4039ms
2026-05-25 23:30:15.564 +03:00 [INF] Route matched with {action = "GetPropertyBookedDates", controller = "Reservations"}. Executing controller action with signature System.Threading.Tasks.Task`1[Microsoft.AspNetCore.Mvc.ActionResult`1[System.Collections.Generic.IEnumerable`1[System.Object]]] GetPropertyBookedDates(Int32) on controller SmartParkingF.API.Controllers.ReservationsController (SmartParkingF.API).
2026-05-25 23:30:15.568 +03:00 [INF] Executed endpoint 'SmartParkingF.API.Controllers.PropertiesController.GetProperty (SmartParkingF.API)'
2026-05-25 23:30:15.570 +03:00 [INF] HTTP GET /api/Properties/1 responded 200 in 30.3812 ms
2026-05-25 23:30:15.571 +03:00 [INF] Executed DbCommand (1ms) [Parameters=[@propertyId='?' (DbType = Int32)], CommandType='"Text"', CommandTimeout='30']
SELECT [r].[Id], [r].[StartTime], [r].[EndTime]
FROM [Reservations] AS [r]
WHERE [r].[PropertyId] = @propertyId AND [r].[Status] = N'Confirmed'
2026-05-25 23:30:15.574 +03:00 [INF] Executing OkObjectResult, writing value of type 'System.Collections.Generic.List`1[[<>f__AnonymousType13`3[[System.Int32, System.Private.CoreLib, Version=10.0.0.0, Culture=neutral, PublicKeyToken=7cec85d7bea7798e],[System.DateTime, System.Private.CoreLib, Version=10.0.0.0, Culture=neutral, PublicKeyToken=7cec85d7bea7798e],[System.DateTime, System.Private.CoreLib, Version=10.0.0.0, Culture=neutral, PublicKeyToken=7cec85d7bea7798e]], SmartParkingF.API, Version=1.0.0.0, Culture=neutral, PublicKeyToken=null]]'.
2026-05-25 23:30:15.572 +03:00 [INF] Request finished HTTP/2 GET https://localhost:7144/api/Properties/1 - 200 null application/json; charset=utf-8 35.8214ms
2026-05-25 23:30:15.576 +03:00 [INF] Executed action SmartParkingF.API.Controllers.ReservationsController.GetPropertyBookedDates (SmartParkingF.API) in 7.1068ms
2026-05-25 23:30:15.580 +03:00 [INF] Executed endpoint 'SmartParkingF.API.Controllers.ReservationsController.GetPropertyBookedDates (SmartParkingF.API)'
2026-05-25 23:30:15.581 +03:00 [INF] HTTP GET /api/Reservations/PropertyBookedDates/1 responded 200 in 25.3257 ms
2026-05-25 23:30:15.583 +03:00 [INF] Request finished HTTP/2 GET https://localhost:7144/api/Reservations/PropertyBookedDates/1 - 200 null application/json; charset=utf-8 30.7912ms
2026-05-25 23:30:34.220 +03:00 [INF] Request starting HTTP/2 OPTIONS https://localhost:7144/api/ParkingSpots - null null
2026-05-25 23:30:34.225 +03:00 [INF] CORS policy execution successful.
2026-05-25 23:30:34.226 +03:00 [INF] HTTP OPTIONS /api/ParkingSpots responded 204 in 1.3716 ms
2026-05-25 23:30:34.229 +03:00 [INF] Request finished HTTP/2 OPTIONS https://localhost:7144/api/ParkingSpots - 204 null null 9.3435ms
2026-05-25 23:30:34.231 +03:00 [INF] Request starting HTTP/2 GET https://localhost:7144/api/ParkingSpots - null null
2026-05-25 23:30:34.267 +03:00 [INF] CORS policy execution successful.
2026-05-25 23:30:34.269 +03:00 [INF] Executing endpoint 'SmartParkingF.API.Controllers.ParkingSpotsController.GetAll (SmartParkingF.API)'
2026-05-25 23:30:34.270 +03:00 [INF] Route matched with {action = "GetAll", controller = "ParkingSpots"}. Executing controller action with signature System.Threading.Tasks.Task`1[Microsoft.AspNetCore.Mvc.ActionResult`1[System.Collections.Generic.IEnumerable`1[SmartParkingF.API.Models.ParkingSpot]]] GetAll() on controller SmartParkingF.API.Controllers.ParkingSpotsController (SmartParkingF.API).
2026-05-25 23:30:34.279 +03:00 [INF] Executed DbCommand (1ms) [Parameters=[], CommandType='"Text"', CommandTimeout='30']
SELECT [p].[Id], [p].[Location], [p].[PricePerHour], [p].[PricePerNight], [p].[PropertyId], [p].[SpotNumber], [p].[Status], [p].[Zone]
FROM [ParkingSpots] AS [p]
2026-05-25 23:30:34.284 +03:00 [INF] Executing ObjectResult, writing value of type 'System.Collections.Generic.List`1[[SmartParkingF.API.Models.ParkingSpot, SmartParkingF.API, Version=1.0.0.0, Culture=neutral, PublicKeyToken=null]]'.
2026-05-25 23:30:34.290 +03:00 [INF] Executed action SmartParkingF.API.Controllers.ParkingSpotsController.GetAll (SmartParkingF.API) in 18.2259ms
2026-05-25 23:30:34.292 +03:00 [INF] Executed endpoint 'SmartParkingF.API.Controllers.ParkingSpotsController.GetAll (SmartParkingF.API)'
2026-05-25 23:30:34.294 +03:00 [INF] HTTP GET /api/ParkingSpots responded 200 in 26.7345 ms
2026-05-25 23:30:34.298 +03:00 [INF] Request finished HTTP/2 GET https://localhost:7144/api/ParkingSpots - 200 null application/json; charset=utf-8 67.2172ms
2026-05-25 23:30:34.303 +03:00 [INF] Request starting HTTP/2 OPTIONS https://localhost:7144/api/Reservations - null null
2026-05-25 23:30:34.305 +03:00 [INF] CORS policy execution successful.
2026-05-25 23:30:34.306 +03:00 [INF] HTTP OPTIONS /api/Reservations responded 204 in 0.8797 ms
2026-05-25 23:30:34.308 +03:00 [INF] Request finished HTTP/2 OPTIONS https://localhost:7144/api/Reservations - 204 null null 5.2976ms
2026-05-25 23:30:34.309 +03:00 [INF] Request starting HTTP/2 POST https://localhost:7144/api/Reservations - application/json 109
2026-05-25 23:30:34.314 +03:00 [INF] CORS policy execution successful.
2026-05-25 23:30:34.315 +03:00 [INF] Executing endpoint 'SmartParkingF.API.Controllers.ReservationsController.PostReservation (SmartParkingF.API)'
2026-05-25 23:30:34.316 +03:00 [INF] Route matched with {action = "PostReservation", controller = "Reservations"}. Executing controller action with signature System.Threading.Tasks.Task`1[Microsoft.AspNetCore.Mvc.ActionResult] PostReservation(SmartParkingF.API.Models.ReservationDto) on controller SmartParkingF.API.Controllers.ReservationsController (SmartParkingF.API).
2026-05-25 23:30:34.327 +03:00 [INF] Executed DbCommand (0ms) [Parameters=[@p='?' (DbType = Int32)], CommandType='"Text"', CommandTimeout='30']
SELECT TOP(1) [p].[Id], [p].[Location], [p].[PricePerHour], [p].[PricePerNight], [p].[PropertyId], [p].[SpotNumber], [p].[Status], [p].[Zone]
FROM [ParkingSpots] AS [p]
WHERE [p].[Id] = @p
2026-05-25 23:30:34.331 +03:00 [INF] Executed DbCommand (1ms) [Parameters=[@p='?' (DbType = Int32)], CommandType='"Text"', CommandTimeout='30']
SELECT TOP(1) [p].[Id], [p].[Bathrooms], [p].[Bedrooms], [p].[CreatedAt], [p].[Description], [p].[HasSmartParking], [p].[ImageUrl], [p].[Location], [p].[Name], [p].[Price], [p].[PricePerHour], [p].[PricePerNight], [p].[Rating], [p].[Title], [p].[TotalSpots]
FROM [Properties] AS [p]
WHERE [p].[Id] = @p
2026-05-25 23:30:34.340 +03:00 [INF] Executed DbCommand (6ms) [Parameters=[@reservationDto_PropertyId='?' (DbType = Int32), @reservationDto_StartDate='?' (DbType = DateTime2), @reservationDto_EndDate='?' (DbType = DateTime2)], CommandType='"Text"', CommandTimeout='30']
SELECT CASE
    WHEN EXISTS (
        SELECT 1
        FROM [Reservations] AS [r]
        WHERE [r].[PropertyId] = @reservationDto_PropertyId AND [r].[Status] = N'Confirmed' AND @reservationDto_StartDate < [r].[EndTime] AND @reservationDto_EndDate > [r].[StartTime]) THEN CAST(1 AS bit)
    ELSE CAST(0 AS bit)
END
2026-05-25 23:30:34.348 +03:00 [INF] Executed DbCommand (5ms) [Parameters=[@reservationDto_ParkingSpotId='?' (DbType = Int32), @reservationDto_StartDate='?' (DbType = DateTime2), @reservationDto_EndDate='?' (DbType = DateTime2)], CommandType='"Text"', CommandTimeout='30']
SELECT CASE
    WHEN EXISTS (
        SELECT 1
        FROM [Reservations] AS [r]
        WHERE [r].[ParkingSpotId] = @reservationDto_ParkingSpotId AND [r].[Status] = N'Confirmed' AND @reservationDto_StartDate < [r].[EndTime] AND @reservationDto_EndDate > [r].[StartTime]) THEN CAST(1 AS bit)
    ELSE CAST(0 AS bit)
END
2026-05-25 23:30:34.351 +03:00 [WRN] Savepoints are disabled because Multiple Active Result Sets (MARS) is enabled. If 'SaveChanges' fails, then the transaction cannot be automatically rolled back to a known clean state. Instead, the transaction should be rolled back by the application before retrying 'SaveChanges'. See https://go.microsoft.com/fwlink/?linkid=2149338 for more information and examples. To identify the code which triggers this warning, call 'ConfigureWarnings(w => w.Throw(SqlServerEventId.SavepointsDisabledBecauseOfMARS))'.
2026-05-25 23:30:34.353 +03:00 [INF] Executed DbCommand (1ms) [Parameters=[@p1='?' (DbType = Int32), @p0='?' (Size = 4000), @p2='?' (Size = 4000), @p3='?' (Size = 4000), @p4='?' (DbType = DateTime2), @p5='?' (DbType = DateTime2), @p6='?' (DbType = Int32), @p7='?' (DbType = Int32), @p8='?' (Size = 4000), @p9='?' (DbType = DateTime2), @p10='?' (Size = 4000), @p11='?' (Precision = 18) (Scale = 2) (DbType = Decimal), @p12='?' (DbType = Int32)], CommandType='"Text"', CommandTimeout='30']
SET NOCOUNT ON;
UPDATE [ParkingSpots] SET [Status] = @p0
OUTPUT 1
WHERE [Id] = @p1;
INSERT INTO [Reservations] ([BookingType], [CarPlateNumber], [CreatedAt], [EndTime], [ParkingSpotId], [PropertyId], [QrCodeData], [StartTime], [Status], [TotalPrice], [UserId])
OUTPUT INSERTED.[Id]
VALUES (@p2, @p3, @p4, @p5, @p6, @p7, @p8, @p9, @p10, @p11, @p12);
2026-05-25 23:30:34.357 +03:00 [INF] Executing OkObjectResult, writing value of type '<>f__AnonymousType15`3[[System.Boolean, System.Private.CoreLib, Version=10.0.0.0, Culture=neutral, PublicKeyToken=7cec85d7bea7798e],[System.String, System.Private.CoreLib, Version=10.0.0.0, Culture=neutral, PublicKeyToken=7cec85d7bea7798e],[System.Int32, System.Private.CoreLib, Version=10.0.0.0, Culture=neutral, PublicKeyToken=7cec85d7bea7798e]]'.
2026-05-25 23:30:34.358 +03:00 [INF] Executed action SmartParkingF.API.Controllers.ReservationsController.PostReservation (SmartParkingF.API) in 40.4829ms
2026-05-25 23:30:34.360 +03:00 [INF] Executed endpoint 'SmartParkingF.API.Controllers.ReservationsController.PostReservation (SmartParkingF.API)'
2026-05-25 23:30:34.361 +03:00 [INF] HTTP POST /api/Reservations responded 200 in 47.3954 ms
2026-05-25 23:30:34.363 +03:00 [INF] Request finished HTTP/2 POST https://localhost:7144/api/Reservations - 200 null application/json; charset=utf-8 53.8616ms
2026-05-25 23:30:35.334 +03:00 [INF] Request starting HTTP/2 OPTIONS https://localhost:7144/api/Reservations/Cancel/2 - null null
2026-05-25 23:30:35.337 +03:00 [INF] CORS policy execution successful.
2026-05-25 23:30:35.338 +03:00 [INF] HTTP OPTIONS /api/Reservations/Cancel/2 responded 204 in 1.0454 ms
2026-05-25 23:30:35.340 +03:00 [INF] Request finished HTTP/2 OPTIONS https://localhost:7144/api/Reservations/Cancel/2 - 204 null null 6.4898ms
2026-05-25 23:30:35.342 +03:00 [INF] Request starting HTTP/2 DELETE https://localhost:7144/api/Reservations/Cancel/2 - null null
2026-05-25 23:30:35.345 +03:00 [INF] CORS policy execution successful.
2026-05-25 23:30:35.347 +03:00 [INF] Executing endpoint 'SmartParkingF.API.Controllers.ReservationsController.CancelReservation (SmartParkingF.API)'
2026-05-25 23:30:35.355 +03:00 [INF] Route matched with {action = "CancelReservation", controller = "Reservations"}. Executing controller action with signature System.Threading.Tasks.Task`1[Microsoft.AspNetCore.Mvc.IActionResult] CancelReservation(Int32) on controller SmartParkingF.API.Controllers.ReservationsController (SmartParkingF.API).
2026-05-25 23:30:35.407 +03:00 [INF] Executed DbCommand (6ms) [Parameters=[@reservationId='?' (DbType = Int32)], CommandType='"Text"', CommandTimeout='30']
SELECT TOP(1) [r].[Id], [r].[BookingType], [r].[CarPlateNumber], [r].[CreatedAt], [r].[EndTime], [r].[ParkingSpotId], [r].[PropertyId], [r].[QrCodeData], [r].[StartTime], [r].[Status], [r].[TotalPrice], [r].[UserId], [p].[Id], [p].[Location], [p].[PricePerHour], [p].[PricePerNight], [p].[PropertyId], [p].[SpotNumber], [p].[Status], [p].[Zone]
FROM [Reservations] AS [r]
LEFT JOIN [ParkingSpots] AS [p] ON [r].[ParkingSpotId] = [p].[Id]
WHERE [r].[Id] = @reservationId
2026-05-25 23:30:35.413 +03:00 [INF] Executing NotFoundObjectResult, writing value of type '<>f__AnonymousType6`1[[System.String, System.Private.CoreLib, Version=10.0.0.0, Culture=neutral, PublicKeyToken=7cec85d7bea7798e]]'.
2026-05-25 23:30:35.416 +03:00 [INF] Executed action SmartParkingF.API.Controllers.ReservationsController.CancelReservation (SmartParkingF.API) in 58.6566ms
2026-05-25 23:30:35.418 +03:00 [INF] Executed endpoint 'SmartParkingF.API.Controllers.ReservationsController.CancelReservation (SmartParkingF.API)'
2026-05-25 23:30:35.419 +03:00 [INF] HTTP DELETE /api/Reservations/Cancel/2 responded 404 in 73.4154 ms
2026-05-25 23:30:35.421 +03:00 [INF] Request finished HTTP/2 DELETE https://localhost:7144/api/Reservations/Cancel/2 - 404 null application/json; charset=utf-8 78.6643ms
2026-05-25 23:30:43.596 +03:00 [INF] Request starting HTTP/2 OPTIONS https://localhost:7144/api/Reservations/Cancel/2 - null null
2026-05-25 23:30:43.603 +03:00 [INF] CORS policy execution successful.
2026-05-25 23:30:43.605 +03:00 [INF] HTTP OPTIONS /api/Reservations/Cancel/2 responded 204 in 2.2458 ms
2026-05-25 23:30:43.610 +03:00 [INF] Request finished HTTP/2 OPTIONS https://localhost:7144/api/Reservations/Cancel/2 - 204 null null 13.8585ms
2026-05-25 23:30:43.614 +03:00 [INF] Request starting HTTP/2 DELETE https://localhost:7144/api/Reservations/Cancel/2 - null null
2026-05-25 23:30:43.624 +03:00 [INF] CORS policy execution successful.
2026-05-25 23:30:43.626 +03:00 [INF] Executing endpoint 'SmartParkingF.API.Controllers.ReservationsController.CancelReservation (SmartParkingF.API)'
2026-05-25 23:30:43.627 +03:00 [INF] Route matched with {action = "CancelReservation", controller = "Reservations"}. Executing controller action with signature System.Threading.Tasks.Task`1[Microsoft.AspNetCore.Mvc.IActionResult] CancelReservation(Int32) on controller SmartParkingF.API.Controllers.ReservationsController (SmartParkingF.API).
2026-05-25 23:30:43.633 +03:00 [INF] Executed DbCommand (1ms) [Parameters=[@reservationId='?' (DbType = Int32)], CommandType='"Text"', CommandTimeout='30']
SELECT TOP(1) [r].[Id], [r].[BookingType], [r].[CarPlateNumber], [r].[CreatedAt], [r].[EndTime], [r].[ParkingSpotId], [r].[PropertyId], [r].[QrCodeData], [r].[StartTime], [r].[Status], [r].[TotalPrice], [r].[UserId], [p].[Id], [p].[Location], [p].[PricePerHour], [p].[PricePerNight], [p].[PropertyId], [p].[SpotNumber], [p].[Status], [p].[Zone]
FROM [Reservations] AS [r]
LEFT JOIN [ParkingSpots] AS [p] ON [r].[ParkingSpotId] = [p].[Id]
WHERE [r].[Id] = @reservationId
2026-05-25 23:30:43.635 +03:00 [INF] Executing NotFoundObjectResult, writing value of type '<>f__AnonymousType6`1[[System.String, System.Private.CoreLib, Version=10.0.0.0, Culture=neutral, PublicKeyToken=7cec85d7bea7798e]]'.
2026-05-25 23:30:43.637 +03:00 [INF] Executed action SmartParkingF.API.Controllers.ReservationsController.CancelReservation (SmartParkingF.API) in 7.1147ms
2026-05-25 23:30:43.638 +03:00 [INF] Executed endpoint 'SmartParkingF.API.Controllers.ReservationsController.CancelReservation (SmartParkingF.API)'
2026-05-25 23:30:43.639 +03:00 [INF] HTTP DELETE /api/Reservations/Cancel/2 responded 404 in 15.2522 ms
2026-05-25 23:30:43.641 +03:00 [INF] Request finished HTTP/2 DELETE https://localhost:7144/api/Reservations/Cancel/2 - 404 null application/json; charset=utf-8 27.8266ms
2026-05-25 23:31:05.627 +03:00 [INF] Request starting HTTP/2 GET https://localhost:7144/api/Properties/1 - null null
2026-05-25 23:31:05.629 +03:00 [INF] Request starting HTTP/2 GET https://localhost:7144/api/Properties/1 - null null
2026-05-25 23:31:05.629 +03:00 [INF] Request starting HTTP/2 GET https://localhost:7144/api/Reservations/PropertyBookedDates/1 - null null
2026-05-25 23:31:05.693 +03:00 [INF] Request starting HTTP/2 GET https://localhost:7144/api/Reservations/PropertyBookedDates/1 - null null
2026-05-25 23:31:05.695 +03:00 [INF] CORS policy execution successful.
2026-05-25 23:31:05.699 +03:00 [INF] CORS policy execution successful.
2026-05-25 23:31:05.702 +03:00 [INF] CORS policy execution successful.
2026-05-25 23:31:05.704 +03:00 [INF] CORS policy execution successful.
2026-05-25 23:31:05.705 +03:00 [INF] Executing endpoint 'SmartParkingF.API.Controllers.PropertiesController.GetProperty (SmartParkingF.API)'
2026-05-25 23:31:05.706 +03:00 [INF] Executing endpoint 'SmartParkingF.API.Controllers.PropertiesController.GetProperty (SmartParkingF.API)'
2026-05-25 23:31:05.708 +03:00 [INF] Executing endpoint 'SmartParkingF.API.Controllers.ReservationsController.GetPropertyBookedDates (SmartParkingF.API)'
2026-05-25 23:31:05.709 +03:00 [INF] Executing endpoint 'SmartParkingF.API.Controllers.ReservationsController.GetPropertyBookedDates (SmartParkingF.API)'
2026-05-25 23:31:05.711 +03:00 [INF] Route matched with {action = "GetProperty", controller = "Properties"}. Executing controller action with signature System.Threading.Tasks.Task`1[Microsoft.AspNetCore.Mvc.ActionResult`1[SmartParkingF.API.Models.Property]] GetProperty(Int32) on controller SmartParkingF.API.Controllers.PropertiesController (SmartParkingF.API).
2026-05-25 23:31:05.713 +03:00 [INF] Route matched with {action = "GetProperty", controller = "Properties"}. Executing controller action with signature System.Threading.Tasks.Task`1[Microsoft.AspNetCore.Mvc.ActionResult`1[SmartParkingF.API.Models.Property]] GetProperty(Int32) on controller SmartParkingF.API.Controllers.PropertiesController (SmartParkingF.API).
2026-05-25 23:31:05.715 +03:00 [INF] Route matched with {action = "GetPropertyBookedDates", controller = "Reservations"}. Executing controller action with signature System.Threading.Tasks.Task`1[Microsoft.AspNetCore.Mvc.ActionResult`1[System.Collections.Generic.IEnumerable`1[System.Object]]] GetPropertyBookedDates(Int32) on controller SmartParkingF.API.Controllers.ReservationsController (SmartParkingF.API).
2026-05-25 23:31:05.717 +03:00 [INF] Route matched with {action = "GetPropertyBookedDates", controller = "Reservations"}. Executing controller action with signature System.Threading.Tasks.Task`1[Microsoft.AspNetCore.Mvc.ActionResult`1[System.Collections.Generic.IEnumerable`1[System.Object]]] GetPropertyBookedDates(Int32) on controller SmartParkingF.API.Controllers.ReservationsController (SmartParkingF.API).
2026-05-25 23:31:05.764 +03:00 [INF] Executed DbCommand (3ms) [Parameters=[@p='?' (DbType = Int32)], CommandType='"Text"', CommandTimeout='30']
SELECT TOP(1) [p].[Id], [p].[Bathrooms], [p].[Bedrooms], [p].[CreatedAt], [p].[Description], [p].[HasSmartParking], [p].[ImageUrl], [p].[Location], [p].[Name], [p].[Price], [p].[PricePerHour], [p].[PricePerNight], [p].[Rating], [p].[Title], [p].[TotalSpots]
FROM [Properties] AS [p]
WHERE [p].[Id] = @p
2026-05-25 23:31:05.762 +03:00 [INF] Executed DbCommand (41ms) [Parameters=[@p='?' (DbType = Int32)], CommandType='"Text"', CommandTimeout='30']
SELECT TOP(1) [p].[Id], [p].[Bathrooms], [p].[Bedrooms], [p].[CreatedAt], [p].[Description], [p].[HasSmartParking], [p].[ImageUrl], [p].[Location], [p].[Name], [p].[Price], [p].[PricePerHour], [p].[PricePerNight], [p].[Rating], [p].[Title], [p].[TotalSpots]
FROM [Properties] AS [p]
WHERE [p].[Id] = @p
2026-05-25 23:31:05.783 +03:00 [INF] Executing OkObjectResult, writing value of type 'SmartParkingF.API.Models.Property'.
2026-05-25 23:31:05.815 +03:00 [INF] Executing OkObjectResult, writing value of type 'SmartParkingF.API.Models.Property'.
2026-05-25 23:31:05.817 +03:00 [INF] Executed action SmartParkingF.API.Controllers.PropertiesController.GetProperty (SmartParkingF.API) in 90.4346ms
2026-05-25 23:31:05.819 +03:00 [INF] Executed action SmartParkingF.API.Controllers.PropertiesController.GetProperty (SmartParkingF.API) in 99.7102ms
2026-05-25 23:31:05.819 +03:00 [INF] Executed DbCommand (34ms) [Parameters=[@propertyId='?' (DbType = Int32)], CommandType='"Text"', CommandTimeout='30']
SELECT [r].[Id], [r].[StartTime], [r].[EndTime]
FROM [Reservations] AS [r]
WHERE [r].[PropertyId] = @propertyId AND [r].[Status] = N'Confirmed'
2026-05-25 23:31:05.819 +03:00 [INF] Executed DbCommand (5ms) [Parameters=[@propertyId='?' (DbType = Int32)], CommandType='"Text"', CommandTimeout='30']
SELECT [r].[Id], [r].[StartTime], [r].[EndTime]
FROM [Reservations] AS [r]
WHERE [r].[PropertyId] = @propertyId AND [r].[Status] = N'Confirmed'
2026-05-25 23:31:05.820 +03:00 [INF] Executed endpoint 'SmartParkingF.API.Controllers.PropertiesController.GetProperty (SmartParkingF.API)'
2026-05-25 23:31:05.821 +03:00 [INF] Executed endpoint 'SmartParkingF.API.Controllers.PropertiesController.GetProperty (SmartParkingF.API)'
2026-05-25 23:31:05.824 +03:00 [INF] Executing OkObjectResult, writing value of type 'System.Collections.Generic.List`1[[<>f__AnonymousType13`3[[System.Int32, System.Private.CoreLib, Version=10.0.0.0, Culture=neutral, PublicKeyToken=7cec85d7bea7798e],[System.DateTime, System.Private.CoreLib, Version=10.0.0.0, Culture=neutral, PublicKeyToken=7cec85d7bea7798e],[System.DateTime, System.Private.CoreLib, Version=10.0.0.0, Culture=neutral, PublicKeyToken=7cec85d7bea7798e]], SmartParkingF.API, Version=1.0.0.0, Culture=neutral, PublicKeyToken=null]]'.
2026-05-25 23:31:05.826 +03:00 [INF] Executing OkObjectResult, writing value of type 'System.Collections.Generic.List`1[[<>f__AnonymousType13`3[[System.Int32, System.Private.CoreLib, Version=10.0.0.0, Culture=neutral, PublicKeyToken=7cec85d7bea7798e],[System.DateTime, System.Private.CoreLib, Version=10.0.0.0, Culture=neutral, PublicKeyToken=7cec85d7bea7798e],[System.DateTime, System.Private.CoreLib, Version=10.0.0.0, Culture=neutral, PublicKeyToken=7cec85d7bea7798e]], SmartParkingF.API, Version=1.0.0.0, Culture=neutral, PublicKeyToken=null]]'.
2026-05-25 23:31:05.827 +03:00 [INF] HTTP GET /api/Properties/1 responded 200 in 128.4225 ms
2026-05-25 23:31:05.829 +03:00 [INF] HTTP GET /api/Properties/1 responded 200 in 134.5753 ms
2026-05-25 23:31:05.831 +03:00 [INF] Executed action SmartParkingF.API.Controllers.ReservationsController.GetPropertyBookedDates (SmartParkingF.API) in 64.5401ms
2026-05-25 23:31:05.835 +03:00 [INF] Executed action SmartParkingF.API.Controllers.ReservationsController.GetPropertyBookedDates (SmartParkingF.API) in 56.099ms
2026-05-25 23:31:05.837 +03:00 [INF] Request finished HTTP/2 GET https://localhost:7144/api/Properties/1 - 200 null application/json; charset=utf-8 208.7713ms
2026-05-25 23:31:05.839 +03:00 [INF] Request finished HTTP/2 GET https://localhost:7144/api/Properties/1 - 200 null application/json; charset=utf-8 212.0247ms
2026-05-25 23:31:05.841 +03:00 [INF] Executed endpoint 'SmartParkingF.API.Controllers.ReservationsController.GetPropertyBookedDates (SmartParkingF.API)'
2026-05-25 23:31:05.842 +03:00 [INF] Executed endpoint 'SmartParkingF.API.Controllers.ReservationsController.GetPropertyBookedDates (SmartParkingF.API)'
2026-05-25 23:31:05.852 +03:00 [INF] HTTP GET /api/Reservations/PropertyBookedDates/1 responded 200 in 150.9226 ms
2026-05-25 23:31:05.854 +03:00 [INF] HTTP GET /api/Reservations/PropertyBookedDates/1 responded 200 in 149.2693 ms
2026-05-25 23:31:05.856 +03:00 [INF] Request finished HTTP/2 GET https://localhost:7144/api/Reservations/PropertyBookedDates/1 - 200 null application/json; charset=utf-8 227.1029ms
2026-05-25 23:31:05.858 +03:00 [INF] Request finished HTTP/2 GET https://localhost:7144/api/Reservations/PropertyBookedDates/1 - 200 null application/json; charset=utf-8 165.2572ms
2026-05-25 23:31:25.906 +03:00 [INF] Request starting HTTP/2 OPTIONS https://localhost:7144/api/Payments/user-history/3 - null null
2026-05-25 23:31:25.906 +03:00 [INF] Request starting HTTP/2 OPTIONS https://localhost:7144/api/Payments/user-history/3 - null null
2026-05-25 23:31:25.909 +03:00 [INF] CORS policy execution successful.
2026-05-25 23:31:25.910 +03:00 [INF] CORS policy execution successful.
2026-05-25 23:31:25.911 +03:00 [INF] HTTP OPTIONS /api/Payments/user-history/3 responded 204 in 2.7749 ms
2026-05-25 23:31:25.913 +03:00 [INF] HTTP OPTIONS /api/Payments/user-history/3 responded 204 in 2.4304 ms
2026-05-25 23:31:25.914 +03:00 [INF] Request finished HTTP/2 OPTIONS https://localhost:7144/api/Payments/user-history/3 - 204 null null 8.6824ms
2026-05-25 23:31:25.916 +03:00 [INF] Request finished HTTP/2 OPTIONS https://localhost:7144/api/Payments/user-history/3 - 204 null null 10.0677ms
2026-05-25 23:31:25.917 +03:00 [INF] Request starting HTTP/2 GET https://localhost:7144/api/Payments/user-history/3 - null null
2026-05-25 23:31:25.954 +03:00 [INF] CORS policy execution successful.
2026-05-25 23:31:25.955 +03:00 [INF] Executing endpoint 'SmartParkingF.API.Controllers.PaymentsController.GetUserPaymentHistory (SmartParkingF.API)'
2026-05-25 23:31:25.956 +03:00 [INF] Route matched with {action = "GetUserPaymentHistory", controller = "Payments"}. Executing controller action with signature System.Threading.Tasks.Task`1[Microsoft.AspNetCore.Mvc.IActionResult] GetUserPaymentHistory(Int32) on controller SmartParkingF.API.Controllers.PaymentsController (SmartParkingF.API).
2026-05-25 23:31:25.964 +03:00 [INF] Executed DbCommand (5ms) [Parameters=[@userId='?' (DbType = Int32)], CommandType='"Text"', CommandTimeout='30']
SELECT CASE
    WHEN EXISTS (
        SELECT 1
        FROM [Users] AS [u]
        WHERE [u].[Id] = @userId) THEN CAST(1 AS bit)
    ELSE CAST(0 AS bit)
END
2026-05-25 23:31:25.975 +03:00 [INF] Executed DbCommand (7ms) [Parameters=[@userId='?' (DbType = Int32)], CommandType='"Text"', CommandTimeout='30']
SELECT [r].[Id], CONVERT(varchar(11), [r].[Id]), [r].[StartTime], [r].[Status], [r].[TotalPrice], [p].[Name]
FROM [Reservations] AS [r]
INNER JOIN [Properties] AS [p] ON [r].[PropertyId] = [p].[Id]
WHERE [r].[UserId] = @userId
ORDER BY [r].[StartTime] DESC
2026-05-25 23:31:25.978 +03:00 [INF] Executing OkObjectResult, writing value of type 'System.Collections.Generic.List`1[[<>f__AnonymousType3`7[[System.Int32, System.Private.CoreLib, Version=10.0.0.0, Culture=neutral, PublicKeyToken=7cec85d7bea7798e],[System.String, System.Private.CoreLib, Version=10.0.0.0, Culture=neutral, PublicKeyToken=7cec85d7bea7798e],[System.String, System.Private.CoreLib, Version=10.0.0.0, Culture=neutral, PublicKeyToken=7cec85d7bea7798e],[System.String, System.Private.CoreLib, Version=10.0.0.0, Culture=neutral, PublicKeyToken=7cec85d7bea7798e],[System.String, System.Private.CoreLib, Version=10.0.0.0, Culture=neutral, PublicKeyToken=7cec85d7bea7798e],[System.Decimal, System.Private.CoreLib, Version=10.0.0.0, Culture=neutral, PublicKeyToken=7cec85d7bea7798e],[System.String, System.Private.CoreLib, Version=10.0.0.0, Culture=neutral, PublicKeyToken=7cec85d7bea7798e]], SmartParkingF.API, Version=1.0.0.0, Culture=neutral, PublicKeyToken=null]]'.
2026-05-25 23:31:25.981 +03:00 [INF] Executed action SmartParkingF.API.Controllers.PaymentsController.GetUserPaymentHistory (SmartParkingF.API) in 23.3109ms
2026-05-25 23:31:25.983 +03:00 [INF] Request starting HTTP/2 GET https://localhost:7144/api/Payments/user-history/3 - null null
2026-05-25 23:31:25.983 +03:00 [INF] Executed endpoint 'SmartParkingF.API.Controllers.PaymentsController.GetUserPaymentHistory (SmartParkingF.API)'
2026-05-25 23:31:25.986 +03:00 [INF] CORS policy execution successful.
2026-05-25 23:31:25.987 +03:00 [INF] HTTP GET /api/Payments/user-history/3 responded 200 in 33.3005 ms
2026-05-25 23:31:25.988 +03:00 [INF] Executing endpoint 'SmartParkingF.API.Controllers.PaymentsController.GetUserPaymentHistory (SmartParkingF.API)'
2026-05-25 23:31:25.990 +03:00 [INF] Request finished HTTP/2 GET https://localhost:7144/api/Payments/user-history/3 - 200 null application/json; charset=utf-8 72.811ms
2026-05-25 23:31:25.991 +03:00 [INF] Route matched with {action = "GetUserPaymentHistory", controller = "Payments"}. Executing controller action with signature System.Threading.Tasks.Task`1[Microsoft.AspNetCore.Mvc.IActionResult] GetUserPaymentHistory(Int32) on controller SmartParkingF.API.Controllers.PaymentsController (SmartParkingF.API).
2026-05-25 23:31:25.999 +03:00 [INF] Executed DbCommand (1ms) [Parameters=[@userId='?' (DbType = Int32)], CommandType='"Text"', CommandTimeout='30']
SELECT CASE
    WHEN EXISTS (
        SELECT 1
        FROM [Users] AS [u]
        WHERE [u].[Id] = @userId) THEN CAST(1 AS bit)
    ELSE CAST(0 AS bit)
END
2026-05-25 23:31:26.002 +03:00 [INF] Executed DbCommand (1ms) [Parameters=[@userId='?' (DbType = Int32)], CommandType='"Text"', CommandTimeout='30']
SELECT [r].[Id], CONVERT(varchar(11), [r].[Id]), [r].[StartTime], [r].[Status], [r].[TotalPrice], [p].[Name]
FROM [Reservations] AS [r]
INNER JOIN [Properties] AS [p] ON [r].[PropertyId] = [p].[Id]
WHERE [r].[UserId] = @userId
ORDER BY [r].[StartTime] DESC
2026-05-25 23:31:26.004 +03:00 [INF] Executing OkObjectResult, writing value of type 'System.Collections.Generic.List`1[[<>f__AnonymousType3`7[[System.Int32, System.Private.CoreLib, Version=10.0.0.0, Culture=neutral, PublicKeyToken=7cec85d7bea7798e],[System.String, System.Private.CoreLib, Version=10.0.0.0, Culture=neutral, PublicKeyToken=7cec85d7bea7798e],[System.String, System.Private.CoreLib, Version=10.0.0.0, Culture=neutral, PublicKeyToken=7cec85d7bea7798e],[System.String, System.Private.CoreLib, Version=10.0.0.0, Culture=neutral, PublicKeyToken=7cec85d7bea7798e],[System.String, System.Private.CoreLib, Version=10.0.0.0, Culture=neutral, PublicKeyToken=7cec85d7bea7798e],[System.Decimal, System.Private.CoreLib, Version=10.0.0.0, Culture=neutral, PublicKeyToken=7cec85d7bea7798e],[System.String, System.Private.CoreLib, Version=10.0.0.0, Culture=neutral, PublicKeyToken=7cec85d7bea7798e]], SmartParkingF.API, Version=1.0.0.0, Culture=neutral, PublicKeyToken=null]]'.
2026-05-25 23:31:26.005 +03:00 [INF] Executed action SmartParkingF.API.Controllers.PaymentsController.GetUserPaymentHistory (SmartParkingF.API) in 8.4964ms
2026-05-25 23:31:26.007 +03:00 [INF] Executed endpoint 'SmartParkingF.API.Controllers.PaymentsController.GetUserPaymentHistory (SmartParkingF.API)'
2026-05-25 23:31:26.008 +03:00 [INF] HTTP GET /api/Payments/user-history/3 responded 200 in 22.2216 ms
2026-05-25 23:31:26.032 +03:00 [INF] Request finished HTTP/2 GET https://localhost:7144/api/Payments/user-history/3 - 200 null application/json; charset=utf-8 48.7337ms
2026-05-25 23:31:27.674 +03:00 [INF] Request starting HTTP/2 OPTIONS https://localhost:7144/api/Payments/Process - null null
2026-05-25 23:31:27.679 +03:00 [INF] CORS policy execution successful.
2026-05-25 23:31:27.680 +03:00 [INF] HTTP OPTIONS /api/Payments/Process responded 204 in 1.4056 ms
2026-05-25 23:31:27.683 +03:00 [INF] Request finished HTTP/2 OPTIONS https://localhost:7144/api/Payments/Process - 204 null null 9.3127ms
2026-05-25 23:31:27.686 +03:00 [INF] Request starting HTTP/2 POST https://localhost:7144/api/Payments/Process - application/json 102
2026-05-25 23:31:27.690 +03:00 [INF] CORS policy execution successful.
2026-05-25 23:31:27.691 +03:00 [INF] Executing endpoint 'SmartParkingF.API.Controllers.PaymentsController.ProcessPayment (SmartParkingF.API)'
2026-05-25 23:31:27.693 +03:00 [INF] Route matched with {action = "ProcessPayment", controller = "Payments"}. Executing controller action with signature System.Threading.Tasks.Task`1[Microsoft.AspNetCore.Mvc.IActionResult] ProcessPayment(SmartParkingF.API.Controllers.PaymentRequestDTO) on controller SmartParkingF.API.Controllers.PaymentsController (SmartParkingF.API).
2026-05-25 23:31:27.703 +03:00 [INF] Executed DbCommand (5ms) [Parameters=[@p0='?' (Size = 4000), @p1='?' (Size = 4000), @p2='?' (DbType = DateTime2), @p3='?' (DbType = DateTime2), @p4='?' (DbType = Int32), @p5='?' (DbType = Int32), @p6='?' (Size = 4000), @p7='?' (DbType = DateTime2), @p8='?' (Size = 4000), @p9='?' (Precision = 18) (Scale = 2) (DbType = Decimal), @p10='?' (DbType = Int32)], CommandType='"Text"', CommandTimeout='30']
SET IMPLICIT_TRANSACTIONS OFF;
SET NOCOUNT ON;
INSERT INTO [Reservations] ([BookingType], [CarPlateNumber], [CreatedAt], [EndTime], [ParkingSpotId], [PropertyId], [QrCodeData], [StartTime], [Status], [TotalPrice], [UserId])
OUTPUT INSERTED.[Id]
VALUES (@p0, @p1, @p2, @p3, @p4, @p5, @p6, @p7, @p8, @p9, @p10);
2026-05-25 23:31:27.705 +03:00 [INF] Executing OkObjectResult, writing value of type '<>f__AnonymousType4`2[[System.String, System.Private.CoreLib, Version=10.0.0.0, Culture=neutral, PublicKeyToken=7cec85d7bea7798e],[System.String, System.Private.CoreLib, Version=10.0.0.0, Culture=neutral, PublicKeyToken=7cec85d7bea7798e]]'.
2026-05-25 23:31:27.707 +03:00 [INF] Executed action SmartParkingF.API.Controllers.PaymentsController.ProcessPayment (SmartParkingF.API) in 12.1954ms
2026-05-25 23:31:27.708 +03:00 [INF] Executed endpoint 'SmartParkingF.API.Controllers.PaymentsController.ProcessPayment (SmartParkingF.API)'
2026-05-25 23:31:27.709 +03:00 [INF] HTTP POST /api/Payments/Process responded 200 in 18.9092 ms
2026-05-25 23:31:27.711 +03:00 [INF] Request finished HTTP/2 POST https://localhost:7144/api/Payments/Process - 200 null application/json; charset=utf-8 25.0181ms
2026-05-25 23:31:29.435 +03:00 [INF] Request starting HTTP/2 GET https://localhost:7144/api/Payments/user-history/3 - null null
2026-05-25 23:31:29.444 +03:00 [INF] CORS policy execution successful.
2026-05-25 23:31:29.448 +03:00 [INF] Executing endpoint 'SmartParkingF.API.Controllers.PaymentsController.GetUserPaymentHistory (SmartParkingF.API)'
2026-05-25 23:31:29.450 +03:00 [INF] Route matched with {action = "GetUserPaymentHistory", controller = "Payments"}. Executing controller action with signature System.Threading.Tasks.Task`1[Microsoft.AspNetCore.Mvc.IActionResult] GetUserPaymentHistory(Int32) on controller SmartParkingF.API.Controllers.PaymentsController (SmartParkingF.API).
2026-05-25 23:31:29.454 +03:00 [INF] Executed DbCommand (1ms) [Parameters=[@userId='?' (DbType = Int32)], CommandType='"Text"', CommandTimeout='30']
SELECT CASE
    WHEN EXISTS (
        SELECT 1
        FROM [Users] AS [u]
        WHERE [u].[Id] = @userId) THEN CAST(1 AS bit)
    ELSE CAST(0 AS bit)
END
2026-05-25 23:31:29.459 +03:00 [INF] Executed DbCommand (1ms) [Parameters=[@userId='?' (DbType = Int32)], CommandType='"Text"', CommandTimeout='30']
SELECT [r].[Id], CONVERT(varchar(11), [r].[Id]), [r].[StartTime], [r].[Status], [r].[TotalPrice], [p].[Name]
FROM [Reservations] AS [r]
INNER JOIN [Properties] AS [p] ON [r].[PropertyId] = [p].[Id]
WHERE [r].[UserId] = @userId
ORDER BY [r].[StartTime] DESC
2026-05-25 23:31:29.462 +03:00 [INF] Executing OkObjectResult, writing value of type 'System.Collections.Generic.List`1[[<>f__AnonymousType3`7[[System.Int32, System.Private.CoreLib, Version=10.0.0.0, Culture=neutral, PublicKeyToken=7cec85d7bea7798e],[System.String, System.Private.CoreLib, Version=10.0.0.0, Culture=neutral, PublicKeyToken=7cec85d7bea7798e],[System.String, System.Private.CoreLib, Version=10.0.0.0, Culture=neutral, PublicKeyToken=7cec85d7bea7798e],[System.String, System.Private.CoreLib, Version=10.0.0.0, Culture=neutral, PublicKeyToken=7cec85d7bea7798e],[System.String, System.Private.CoreLib, Version=10.0.0.0, Culture=neutral, PublicKeyToken=7cec85d7bea7798e],[System.Decimal, System.Private.CoreLib, Version=10.0.0.0, Culture=neutral, PublicKeyToken=7cec85d7bea7798e],[System.String, System.Private.CoreLib, Version=10.0.0.0, Culture=neutral, PublicKeyToken=7cec85d7bea7798e]], SmartParkingF.API, Version=1.0.0.0, Culture=neutral, PublicKeyToken=null]]'.
2026-05-25 23:31:29.465 +03:00 [INF] Executed action SmartParkingF.API.Controllers.PaymentsController.GetUserPaymentHistory (SmartParkingF.API) in 11.921ms
2026-05-25 23:31:29.466 +03:00 [INF] Executed endpoint 'SmartParkingF.API.Controllers.PaymentsController.GetUserPaymentHistory (SmartParkingF.API)'
2026-05-25 23:31:29.467 +03:00 [INF] HTTP GET /api/Payments/user-history/3 responded 200 in 23.3994 ms
2026-05-25 23:31:29.469 +03:00 [INF] Request finished HTTP/2 GET https://localhost:7144/api/Payments/user-history/3 - 200 null application/json; charset=utf-8 33.7926ms
2026-05-25 23:31:30.758 +03:00 [INF] Request starting HTTP/2 GET https://localhost:7144/api/Properties - null null
2026-05-25 23:31:30.761 +03:00 [INF] Request starting HTTP/2 GET https://localhost:7144/api/Properties - null null
2026-05-25 23:31:30.763 +03:00 [INF] CORS policy execution successful.
2026-05-25 23:31:30.765 +03:00 [INF] CORS policy execution successful.
2026-05-25 23:31:30.767 +03:00 [INF] Executing endpoint 'SmartParkingF.API.Controllers.PropertiesController.GetProperties (SmartParkingF.API)'
2026-05-25 23:31:30.767 +03:00 [INF] Executing endpoint 'SmartParkingF.API.Controllers.PropertiesController.GetProperties (SmartParkingF.API)'
2026-05-25 23:31:30.768 +03:00 [INF] Route matched with {action = "GetProperties", controller = "Properties"}. Executing controller action with signature System.Threading.Tasks.Task`1[Microsoft.AspNetCore.Mvc.IActionResult] GetProperties() on controller SmartParkingF.API.Controllers.PropertiesController (SmartParkingF.API).
2026-05-25 23:31:30.769 +03:00 [INF] Route matched with {action = "GetProperties", controller = "Properties"}. Executing controller action with signature System.Threading.Tasks.Task`1[Microsoft.AspNetCore.Mvc.IActionResult] GetProperties() on controller SmartParkingF.API.Controllers.PropertiesController (SmartParkingF.API).
2026-05-25 23:31:30.774 +03:00 [INF] Executed DbCommand (3ms) [Parameters=[], CommandType='"Text"', CommandTimeout='30']
SELECT [p].[Id], [p].[Bathrooms], [p].[Bedrooms], [p].[CreatedAt], [p].[Description], [p].[HasSmartParking], [p].[ImageUrl], [p].[Location], [p].[Name], [p].[Price], [p].[PricePerHour], [p].[PricePerNight], [p].[Rating], [p].[Title], [p].[TotalSpots]
FROM [Properties] AS [p]
2026-05-25 23:31:30.776 +03:00 [INF] Executed DbCommand (1ms) [Parameters=[], CommandType='"Text"', CommandTimeout='30']
SELECT [p].[Id], [p].[Bathrooms], [p].[Bedrooms], [p].[CreatedAt], [p].[Description], [p].[HasSmartParking], [p].[ImageUrl], [p].[Location], [p].[Name], [p].[Price], [p].[PricePerHour], [p].[PricePerNight], [p].[Rating], [p].[Title], [p].[TotalSpots]
FROM [Properties] AS [p]
2026-05-25 23:31:30.777 +03:00 [INF] Executing OkObjectResult, writing value of type 'System.Collections.Generic.List`1[[SmartParkingF.API.Models.Property, SmartParkingF.API, Version=1.0.0.0, Culture=neutral, PublicKeyToken=null]]'.
2026-05-25 23:31:30.779 +03:00 [INF] Executing OkObjectResult, writing value of type 'System.Collections.Generic.List`1[[SmartParkingF.API.Models.Property, SmartParkingF.API, Version=1.0.0.0, Culture=neutral, PublicKeyToken=null]]'.
2026-05-25 23:31:30.781 +03:00 [INF] Executed action SmartParkingF.API.Controllers.PropertiesController.GetProperties (SmartParkingF.API) in 10.4288ms
2026-05-25 23:31:30.782 +03:00 [INF] Executed action SmartParkingF.API.Controllers.PropertiesController.GetProperties (SmartParkingF.API) in 8.0975ms
2026-05-25 23:31:30.783 +03:00 [INF] Executed endpoint 'SmartParkingF.API.Controllers.PropertiesController.GetProperties (SmartParkingF.API)'
2026-05-25 23:31:30.784 +03:00 [INF] Executed endpoint 'SmartParkingF.API.Controllers.PropertiesController.GetProperties (SmartParkingF.API)'
2026-05-25 23:31:30.785 +03:00 [INF] HTTP GET /api/Properties responded 200 in 21.8871 ms
2026-05-25 23:31:30.786 +03:00 [INF] HTTP GET /api/Properties responded 200 in 20.3306 ms
2026-05-25 23:31:30.787 +03:00 [INF] Request finished HTTP/2 GET https://localhost:7144/api/Properties - 499 null application/json; charset=utf-8 29.4077ms
2026-05-25 23:31:30.789 +03:00 [INF] Request finished HTTP/2 GET https://localhost:7144/api/Properties - 200 null application/json; charset=utf-8 27.5131ms
2026-05-25 23:31:31.542 +03:00 [INF] Request starting HTTP/2 OPTIONS https://localhost:7144/api/ParkingSpots - null null
2026-05-25 23:31:31.543 +03:00 [INF] Request starting HTTP/2 OPTIONS https://localhost:7144/api/ParkingSpots - null null
2026-05-25 23:31:31.548 +03:00 [INF] CORS policy execution successful.
2026-05-25 23:31:31.551 +03:00 [INF] CORS policy execution successful.
2026-05-25 23:31:31.552 +03:00 [INF] HTTP OPTIONS /api/ParkingSpots responded 204 in 4.1265 ms
2026-05-25 23:31:31.553 +03:00 [INF] HTTP OPTIONS /api/ParkingSpots responded 204 in 1.9175 ms
2026-05-25 23:31:31.556 +03:00 [INF] Request finished HTTP/2 OPTIONS https://localhost:7144/api/ParkingSpots - 204 null null 13.8448ms
2026-05-25 23:31:31.558 +03:00 [INF] Request starting HTTP/2 GET https://localhost:7144/api/ParkingSpots - null null
2026-05-25 23:31:31.558 +03:00 [INF] Request finished HTTP/2 OPTIONS https://localhost:7144/api/ParkingSpots - 204 null null 15.3418ms
2026-05-25 23:31:31.566 +03:00 [INF] CORS policy execution successful.
2026-05-25 23:31:31.570 +03:00 [INF] Executing endpoint 'SmartParkingF.API.Controllers.ParkingSpotsController.GetAll (SmartParkingF.API)'
2026-05-25 23:31:31.571 +03:00 [INF] Route matched with {action = "GetAll", controller = "ParkingSpots"}. Executing controller action with signature System.Threading.Tasks.Task`1[Microsoft.AspNetCore.Mvc.ActionResult`1[System.Collections.Generic.IEnumerable`1[SmartParkingF.API.Models.ParkingSpot]]] GetAll() on controller SmartParkingF.API.Controllers.ParkingSpotsController (SmartParkingF.API).
2026-05-25 23:31:31.576 +03:00 [INF] Executed DbCommand (2ms) [Parameters=[], CommandType='"Text"', CommandTimeout='30']
SELECT [p].[Id], [p].[Location], [p].[PricePerHour], [p].[PricePerNight], [p].[PropertyId], [p].[SpotNumber], [p].[Status], [p].[Zone]
FROM [ParkingSpots] AS [p]
2026-05-25 23:31:31.580 +03:00 [INF] Executing ObjectResult, writing value of type 'System.Collections.Generic.List`1[[SmartParkingF.API.Models.ParkingSpot, SmartParkingF.API, Version=1.0.0.0, Culture=neutral, PublicKeyToken=null]]'.
2026-05-25 23:31:31.583 +03:00 [INF] Executed action SmartParkingF.API.Controllers.ParkingSpotsController.GetAll (SmartParkingF.API) in 9.9464ms
2026-05-25 23:31:31.584 +03:00 [INF] Executed endpoint 'SmartParkingF.API.Controllers.ParkingSpotsController.GetAll (SmartParkingF.API)'
2026-05-25 23:31:31.584 +03:00 [INF] Request starting HTTP/2 GET https://localhost:7144/api/ParkingSpots - null null
2026-05-25 23:31:31.586 +03:00 [INF] HTTP GET /api/ParkingSpots responded 200 in 19.6647 ms
2026-05-25 23:31:31.588 +03:00 [INF] CORS policy execution successful.
2026-05-25 23:31:31.590 +03:00 [INF] Request finished HTTP/2 GET https://localhost:7144/api/ParkingSpots - 200 null application/json; charset=utf-8 32.0777ms
2026-05-25 23:31:31.591 +03:00 [INF] Executing endpoint 'SmartParkingF.API.Controllers.ParkingSpotsController.GetAll (SmartParkingF.API)'
2026-05-25 23:31:31.595 +03:00 [INF] Route matched with {action = "GetAll", controller = "ParkingSpots"}. Executing controller action with signature System.Threading.Tasks.Task`1[Microsoft.AspNetCore.Mvc.ActionResult`1[System.Collections.Generic.IEnumerable`1[SmartParkingF.API.Models.ParkingSpot]]] GetAll() on controller SmartParkingF.API.Controllers.ParkingSpotsController (SmartParkingF.API).
2026-05-25 23:31:31.598 +03:00 [INF] Executed DbCommand (1ms) [Parameters=[], CommandType='"Text"', CommandTimeout='30']
SELECT [p].[Id], [p].[Location], [p].[PricePerHour], [p].[PricePerNight], [p].[PropertyId], [p].[SpotNumber], [p].[Status], [p].[Zone]
FROM [ParkingSpots] AS [p]
2026-05-25 23:31:31.601 +03:00 [INF] Executing ObjectResult, writing value of type 'System.Collections.Generic.List`1[[SmartParkingF.API.Models.ParkingSpot, SmartParkingF.API, Version=1.0.0.0, Culture=neutral, PublicKeyToken=null]]'.
2026-05-25 23:31:31.603 +03:00 [INF] Executed action SmartParkingF.API.Controllers.ParkingSpotsController.GetAll (SmartParkingF.API) in 5.7394ms
2026-05-25 23:31:31.604 +03:00 [INF] Executed endpoint 'SmartParkingF.API.Controllers.ParkingSpotsController.GetAll (SmartParkingF.API)'
2026-05-25 23:31:31.605 +03:00 [INF] HTTP GET /api/ParkingSpots responded 200 in 16.8776 ms
2026-05-25 23:31:31.606 +03:00 [INF] Request finished HTTP/2 GET https://localhost:7144/api/ParkingSpots - 200 null application/json; charset=utf-8 21.9957ms
2026-05-25 23:31:36.320 +03:00 [INF] Request starting HTTP/2 OPTIONS https://localhost:7144/api/Reservations - null null
2026-05-25 23:31:36.324 +03:00 [INF] CORS policy execution successful.
2026-05-25 23:31:36.325 +03:00 [INF] HTTP OPTIONS /api/Reservations responded 204 in 1.2522 ms
2026-05-25 23:31:36.326 +03:00 [INF] Request finished HTTP/2 OPTIONS https://localhost:7144/api/Reservations - 204 null null 5.901ms
2026-05-25 23:31:36.329 +03:00 [INF] Request starting HTTP/2 POST https://localhost:7144/api/Reservations - application/json 128
2026-05-25 23:31:36.333 +03:00 [INF] CORS policy execution successful.
2026-05-25 23:31:36.335 +03:00 [INF] Executing endpoint 'SmartParkingF.API.Controllers.ReservationsController.PostReservation (SmartParkingF.API)'
2026-05-25 23:31:36.336 +03:00 [INF] Route matched with {action = "PostReservation", controller = "Reservations"}. Executing controller action with signature System.Threading.Tasks.Task`1[Microsoft.AspNetCore.Mvc.ActionResult] PostReservation(SmartParkingF.API.Models.ReservationDto) on controller SmartParkingF.API.Controllers.ReservationsController (SmartParkingF.API).
2026-05-25 23:31:36.342 +03:00 [INF] Executed DbCommand (2ms) [Parameters=[@p='?' (DbType = Int32)], CommandType='"Text"', CommandTimeout='30']
SELECT TOP(1) [p].[Id], [p].[Location], [p].[PricePerHour], [p].[PricePerNight], [p].[PropertyId], [p].[SpotNumber], [p].[Status], [p].[Zone]
FROM [ParkingSpots] AS [p]
WHERE [p].[Id] = @p
2026-05-25 23:31:36.345 +03:00 [INF] Executed DbCommand (1ms) [Parameters=[@p='?' (DbType = Int32)], CommandType='"Text"', CommandTimeout='30']
SELECT TOP(1) [p].[Id], [p].[Bathrooms], [p].[Bedrooms], [p].[CreatedAt], [p].[Description], [p].[HasSmartParking], [p].[ImageUrl], [p].[Location], [p].[Name], [p].[Price], [p].[PricePerHour], [p].[PricePerNight], [p].[Rating], [p].[Title], [p].[TotalSpots]
FROM [Properties] AS [p]
WHERE [p].[Id] = @p
2026-05-25 23:31:36.354 +03:00 [INF] Executed DbCommand (5ms) [Parameters=[@reservationDto_PropertyId='?' (DbType = Int32), @reservationDto_StartDate='?' (DbType = DateTime2), @reservationDto_EndDate='?' (DbType = DateTime2)], CommandType='"Text"', CommandTimeout='30']
SELECT CASE
    WHEN EXISTS (
        SELECT 1
        FROM [Reservations] AS [r]
        WHERE [r].[PropertyId] = @reservationDto_PropertyId AND [r].[Status] = N'Confirmed' AND @reservationDto_StartDate < [r].[EndTime] AND @reservationDto_EndDate > [r].[StartTime]) THEN CAST(1 AS bit)
    ELSE CAST(0 AS bit)
END
2026-05-25 23:31:36.356 +03:00 [INF] Executing BadRequestObjectResult, writing value of type '<>f__AnonymousType14`2[[System.Boolean, System.Private.CoreLib, Version=10.0.0.0, Culture=neutral, PublicKeyToken=7cec85d7bea7798e],[System.String, System.Private.CoreLib, Version=10.0.0.0, Culture=neutral, PublicKeyToken=7cec85d7bea7798e]]'.
2026-05-25 23:31:36.360 +03:00 [INF] Executed action SmartParkingF.API.Controllers.ReservationsController.PostReservation (SmartParkingF.API) in 22.0296ms
2026-05-25 23:31:36.361 +03:00 [INF] Executed endpoint 'SmartParkingF.API.Controllers.ReservationsController.PostReservation (SmartParkingF.API)'
2026-05-25 23:31:36.364 +03:00 [INF] HTTP POST /api/Reservations responded 400 in 30.5974 ms
2026-05-25 23:31:36.366 +03:00 [INF] Request finished HTTP/2 POST https://localhost:7144/api/Reservations - 400 null application/json; charset=utf-8 37.2858ms
2026-05-25 23:31:55.429 +03:00 [INF] Request starting HTTP/2 OPTIONS https://localhost:7144/api/ParkingSpots - null null
2026-05-25 23:31:55.430 +03:00 [INF] Request starting HTTP/2 OPTIONS https://localhost:7144/api/ParkingSpots - null null
2026-05-25 23:31:55.437 +03:00 [INF] CORS policy execution successful.
2026-05-25 23:31:55.440 +03:00 [INF] CORS policy execution successful.
2026-05-25 23:31:55.441 +03:00 [INF] HTTP OPTIONS /api/ParkingSpots responded 204 in 3.9648 ms
2026-05-25 23:31:55.442 +03:00 [INF] HTTP OPTIONS /api/ParkingSpots responded 204 in 1.6570 ms
2026-05-25 23:31:55.444 +03:00 [INF] Request finished HTTP/2 OPTIONS https://localhost:7144/api/ParkingSpots - 204 null null 14.7561ms
2026-05-25 23:31:55.448 +03:00 [INF] Request finished HTTP/2 OPTIONS https://localhost:7144/api/ParkingSpots - 204 null null 18.1282ms
2026-05-25 23:31:55.446 +03:00 [INF] Request starting HTTP/2 GET https://localhost:7144/api/ParkingSpots - null null
2026-05-25 23:31:55.462 +03:00 [INF] CORS policy execution successful.
2026-05-25 23:31:55.464 +03:00 [INF] Executing endpoint 'SmartParkingF.API.Controllers.ParkingSpotsController.GetAll (SmartParkingF.API)'
2026-05-25 23:31:55.465 +03:00 [INF] Route matched with {action = "GetAll", controller = "ParkingSpots"}. Executing controller action with signature System.Threading.Tasks.Task`1[Microsoft.AspNetCore.Mvc.ActionResult`1[System.Collections.Generic.IEnumerable`1[SmartParkingF.API.Models.ParkingSpot]]] GetAll() on controller SmartParkingF.API.Controllers.ParkingSpotsController (SmartParkingF.API).
2026-05-25 23:31:55.469 +03:00 [INF] Executed DbCommand (1ms) [Parameters=[], CommandType='"Text"', CommandTimeout='30']
SELECT [p].[Id], [p].[Location], [p].[PricePerHour], [p].[PricePerNight], [p].[PropertyId], [p].[SpotNumber], [p].[Status], [p].[Zone]
FROM [ParkingSpots] AS [p]
2026-05-25 23:31:55.473 +03:00 [INF] Executing ObjectResult, writing value of type 'System.Collections.Generic.List`1[[SmartParkingF.API.Models.ParkingSpot, SmartParkingF.API, Version=1.0.0.0, Culture=neutral, PublicKeyToken=null]]'.
2026-05-25 23:31:55.476 +03:00 [INF] Executed action SmartParkingF.API.Controllers.ParkingSpotsController.GetAll (SmartParkingF.API) in 8.9899ms
2026-05-25 23:31:55.479 +03:00 [INF] Request starting HTTP/2 GET https://localhost:7144/api/ParkingSpots - null null
2026-05-25 23:31:55.485 +03:00 [INF] Executed endpoint 'SmartParkingF.API.Controllers.ParkingSpotsController.GetAll (SmartParkingF.API)'
2026-05-25 23:31:55.487 +03:00 [INF] CORS policy execution successful.
2026-05-25 23:31:55.489 +03:00 [INF] HTTP GET /api/ParkingSpots responded 200 in 26.7354 ms
2026-05-25 23:31:55.490 +03:00 [INF] Executing endpoint 'SmartParkingF.API.Controllers.ParkingSpotsController.GetAll (SmartParkingF.API)'
2026-05-25 23:31:55.493 +03:00 [INF] Request finished HTTP/2 GET https://localhost:7144/api/ParkingSpots - 200 null application/json; charset=utf-8 46.543ms
2026-05-25 23:31:55.494 +03:00 [INF] Route matched with {action = "GetAll", controller = "ParkingSpots"}. Executing controller action with signature System.Threading.Tasks.Task`1[Microsoft.AspNetCore.Mvc.ActionResult`1[System.Collections.Generic.IEnumerable`1[SmartParkingF.API.Models.ParkingSpot]]] GetAll() on controller SmartParkingF.API.Controllers.ParkingSpotsController (SmartParkingF.API).
2026-05-25 23:31:55.507 +03:00 [INF] Executed DbCommand (1ms) [Parameters=[], CommandType='"Text"', CommandTimeout='30']
SELECT [p].[Id], [p].[Location], [p].[PricePerHour], [p].[PricePerNight], [p].[PropertyId], [p].[SpotNumber], [p].[Status], [p].[Zone]
FROM [ParkingSpots] AS [p]
2026-05-25 23:31:55.516 +03:00 [INF] Executing ObjectResult, writing value of type 'System.Collections.Generic.List`1[[SmartParkingF.API.Models.ParkingSpot, SmartParkingF.API, Version=1.0.0.0, Culture=neutral, PublicKeyToken=null]]'.
2026-05-25 23:31:55.518 +03:00 [INF] Executed action SmartParkingF.API.Controllers.ParkingSpotsController.GetAll (SmartParkingF.API) in 12.5667ms
2026-05-25 23:31:55.520 +03:00 [INF] Executed endpoint 'SmartParkingF.API.Controllers.ParkingSpotsController.GetAll (SmartParkingF.API)'
2026-05-25 23:31:55.521 +03:00 [INF] HTTP GET /api/ParkingSpots responded 200 in 34.1144 ms
2026-05-25 23:31:55.524 +03:00 [INF] Request finished HTTP/2 GET https://localhost:7144/api/ParkingSpots - 200 null application/json; charset=utf-8 44.7156ms
2026-05-25 23:32:14.247 +03:00 [INF] Request starting HTTP/2 OPTIONS https://localhost:7144/api/Reservations - null null
2026-05-25 23:32:14.252 +03:00 [INF] CORS policy execution successful.
2026-05-25 23:32:14.253 +03:00 [INF] HTTP OPTIONS /api/Reservations responded 204 in 1.2420 ms
2026-05-25 23:32:14.256 +03:00 [INF] Request finished HTTP/2 OPTIONS https://localhost:7144/api/Reservations - 204 null null 8.9779ms
2026-05-25 23:32:14.257 +03:00 [INF] Request starting HTTP/2 POST https://localhost:7144/api/Reservations - application/json 128
2026-05-25 23:32:14.261 +03:00 [INF] CORS policy execution successful.
2026-05-25 23:32:14.263 +03:00 [INF] Executing endpoint 'SmartParkingF.API.Controllers.ReservationsController.PostReservation (SmartParkingF.API)'
2026-05-25 23:32:14.265 +03:00 [INF] Route matched with {action = "PostReservation", controller = "Reservations"}. Executing controller action with signature System.Threading.Tasks.Task`1[Microsoft.AspNetCore.Mvc.ActionResult] PostReservation(SmartParkingF.API.Models.ReservationDto) on controller SmartParkingF.API.Controllers.ReservationsController (SmartParkingF.API).
2026-05-25 23:32:14.270 +03:00 [INF] Executed DbCommand (2ms) [Parameters=[@p='?' (DbType = Int32)], CommandType='"Text"', CommandTimeout='30']
SELECT TOP(1) [p].[Id], [p].[Location], [p].[PricePerHour], [p].[PricePerNight], [p].[PropertyId], [p].[SpotNumber], [p].[Status], [p].[Zone]
FROM [ParkingSpots] AS [p]
WHERE [p].[Id] = @p
2026-05-25 23:32:14.275 +03:00 [INF] Executed DbCommand (2ms) [Parameters=[@p='?' (DbType = Int32)], CommandType='"Text"', CommandTimeout='30']
SELECT TOP(1) [p].[Id], [p].[Bathrooms], [p].[Bedrooms], [p].[CreatedAt], [p].[Description], [p].[HasSmartParking], [p].[ImageUrl], [p].[Location], [p].[Name], [p].[Price], [p].[PricePerHour], [p].[PricePerNight], [p].[Rating], [p].[Title], [p].[TotalSpots]
FROM [Properties] AS [p]
WHERE [p].[Id] = @p
2026-05-25 23:32:14.283 +03:00 [INF] Executed DbCommand (5ms) [Parameters=[@reservationDto_PropertyId='?' (DbType = Int32), @reservationDto_StartDate='?' (DbType = DateTime2), @reservationDto_EndDate='?' (DbType = DateTime2)], CommandType='"Text"', CommandTimeout='30']
SELECT CASE
    WHEN EXISTS (
        SELECT 1
        FROM [Reservations] AS [r]
        WHERE [r].[PropertyId] = @reservationDto_PropertyId AND [r].[Status] = N'Confirmed' AND @reservationDto_StartDate < [r].[EndTime] AND @reservationDto_EndDate > [r].[StartTime]) THEN CAST(1 AS bit)
    ELSE CAST(0 AS bit)
END
2026-05-25 23:32:14.286 +03:00 [INF] Executing BadRequestObjectResult, writing value of type '<>f__AnonymousType14`2[[System.Boolean, System.Private.CoreLib, Version=10.0.0.0, Culture=neutral, PublicKeyToken=7cec85d7bea7798e],[System.String, System.Private.CoreLib, Version=10.0.0.0, Culture=neutral, PublicKeyToken=7cec85d7bea7798e]]'.
2026-05-25 23:32:14.288 +03:00 [INF] Executed action SmartParkingF.API.Controllers.ReservationsController.PostReservation (SmartParkingF.API) in 21.7861ms
2026-05-25 23:32:14.290 +03:00 [INF] Executed endpoint 'SmartParkingF.API.Controllers.ReservationsController.PostReservation (SmartParkingF.API)'
2026-05-25 23:32:14.292 +03:00 [INF] HTTP POST /api/Reservations responded 400 in 30.5475 ms
2026-05-25 23:32:14.295 +03:00 [INF] Request finished HTTP/2 POST https://localhost:7144/api/Reservations - 400 null application/json; charset=utf-8 37.1101ms
2026-05-25 23:33:00.697 +03:00 [INF] Request starting HTTP/2 OPTIONS https://localhost:7144/api/Reservations - null null
2026-05-25 23:33:00.705 +03:00 [INF] CORS policy execution successful.
2026-05-25 23:33:00.707 +03:00 [INF] HTTP OPTIONS /api/Reservations responded 204 in 1.8902 ms
2026-05-25 23:33:00.709 +03:00 [INF] Request finished HTTP/2 OPTIONS https://localhost:7144/api/Reservations - 204 null null 12.6421ms
2026-05-25 23:33:00.712 +03:00 [INF] Request starting HTTP/2 POST https://localhost:7144/api/Reservations - application/json 130
2026-05-25 23:33:00.718 +03:00 [INF] CORS policy execution successful.
2026-05-25 23:33:00.719 +03:00 [INF] Executing endpoint 'SmartParkingF.API.Controllers.ReservationsController.PostReservation (SmartParkingF.API)'
2026-05-25 23:33:00.721 +03:00 [INF] Route matched with {action = "PostReservation", controller = "Reservations"}. Executing controller action with signature System.Threading.Tasks.Task`1[Microsoft.AspNetCore.Mvc.ActionResult] PostReservation(SmartParkingF.API.Models.ReservationDto) on controller SmartParkingF.API.Controllers.ReservationsController (SmartParkingF.API).
2026-05-25 23:33:00.724 +03:00 [INF] Executed DbCommand (0ms) [Parameters=[@p='?' (DbType = Int32)], CommandType='"Text"', CommandTimeout='30']
SELECT TOP(1) [p].[Id], [p].[Location], [p].[PricePerHour], [p].[PricePerNight], [p].[PropertyId], [p].[SpotNumber], [p].[Status], [p].[Zone]
FROM [ParkingSpots] AS [p]
WHERE [p].[Id] = @p
2026-05-25 23:33:00.728 +03:00 [INF] Executed DbCommand (0ms) [Parameters=[@p='?' (DbType = Int32)], CommandType='"Text"', CommandTimeout='30']
SELECT TOP(1) [p].[Id], [p].[Bathrooms], [p].[Bedrooms], [p].[CreatedAt], [p].[Description], [p].[HasSmartParking], [p].[ImageUrl], [p].[Location], [p].[Name], [p].[Price], [p].[PricePerHour], [p].[PricePerNight], [p].[Rating], [p].[Title], [p].[TotalSpots]
FROM [Properties] AS [p]
WHERE [p].[Id] = @p
2026-05-25 23:33:00.732 +03:00 [INF] Executed DbCommand (1ms) [Parameters=[@reservationDto_PropertyId='?' (DbType = Int32), @reservationDto_StartDate='?' (DbType = DateTime2), @reservationDto_EndDate='?' (DbType = DateTime2)], CommandType='"Text"', CommandTimeout='30']
SELECT CASE
    WHEN EXISTS (
        SELECT 1
        FROM [Reservations] AS [r]
        WHERE [r].[PropertyId] = @reservationDto_PropertyId AND [r].[Status] = N'Confirmed' AND @reservationDto_StartDate < [r].[EndTime] AND @reservationDto_EndDate > [r].[StartTime]) THEN CAST(1 AS bit)
    ELSE CAST(0 AS bit)
END
2026-05-25 23:33:00.734 +03:00 [INF] Executing BadRequestObjectResult, writing value of type '<>f__AnonymousType14`2[[System.Boolean, System.Private.CoreLib, Version=10.0.0.0, Culture=neutral, PublicKeyToken=7cec85d7bea7798e],[System.String, System.Private.CoreLib, Version=10.0.0.0, Culture=neutral, PublicKeyToken=7cec85d7bea7798e]]'.
2026-05-25 23:33:00.736 +03:00 [INF] Executed action SmartParkingF.API.Controllers.ReservationsController.PostReservation (SmartParkingF.API) in 13.4182ms
2026-05-25 23:33:00.737 +03:00 [INF] Executed endpoint 'SmartParkingF.API.Controllers.ReservationsController.PostReservation (SmartParkingF.API)'
2026-05-25 23:33:00.738 +03:00 [INF] HTTP POST /api/Reservations responded 400 in 20.3253 ms
2026-05-25 23:33:00.740 +03:00 [INF] Request finished HTTP/2 POST https://localhost:7144/api/Reservations - 400 null application/json; charset=utf-8 28.5433ms
2026-05-25 23:35:28.652 +03:00 [INF] Executed DbCommand (29ms) [Parameters=[], CommandType='"Text"', CommandTimeout='30']
SELECT 1
2026-05-25 23:35:28.713 +03:00 [INF] Acquiring an exclusive lock for migration application. See https://aka.ms/efcore-docs-migrations-lock for more information if this takes too long.
2026-05-25 23:35:28.737 +03:00 [INF] Executed DbCommand (20ms) [Parameters=[], CommandType='"Text"', CommandTimeout='30']
DECLARE @result int;
EXEC @result = sp_getapplock @Resource = '__EFMigrationsLock', @LockOwner = 'Session', @LockMode = 'Exclusive';
SELECT @result
2026-05-25 23:35:28.839 +03:00 [INF] Executed DbCommand (3ms) [Parameters=[], CommandType='"Text"', CommandTimeout='30']
IF OBJECT_ID(N'[__EFMigrationsHistory]') IS NULL
BEGIN
    CREATE TABLE [__EFMigrationsHistory] (
        [MigrationId] nvarchar(150) NOT NULL,
        [ProductVersion] nvarchar(32) NOT NULL,
        CONSTRAINT [PK___EFMigrationsHistory] PRIMARY KEY ([MigrationId])
    );
END;
2026-05-25 23:35:28.857 +03:00 [INF] Executed DbCommand (0ms) [Parameters=[], CommandType='"Text"', CommandTimeout='30']
SELECT 1
2026-05-25 23:35:28.860 +03:00 [INF] Executed DbCommand (1ms) [Parameters=[], CommandType='"Text"', CommandTimeout='30']
SELECT OBJECT_ID(N'[__EFMigrationsHistory]');
2026-05-25 23:35:28.874 +03:00 [INF] Executed DbCommand (9ms) [Parameters=[], CommandType='"Text"', CommandTimeout='30']
SELECT [MigrationId], [ProductVersion]
FROM [__EFMigrationsHistory]
ORDER BY [MigrationId];
2026-05-25 23:35:28.888 +03:00 [INF] No migrations were applied. The database is already up to date.
2026-05-25 23:35:28.891 +03:00 [INF] Executed DbCommand (1ms) [Parameters=[], CommandType='"Text"', CommandTimeout='30']
DECLARE @result int;
EXEC @result = sp_releaseapplock @Resource = '__EFMigrationsLock', @LockOwner = 'Session';
SELECT @result
2026-05-25 23:35:29.184 +03:00 [INF] Executed DbCommand (4ms) [Parameters=[], CommandType='"Text"', CommandTimeout='30']
SELECT CASE
    WHEN EXISTS (
        SELECT 1
        FROM [Users] AS [u]) THEN CAST(1 AS bit)
    ELSE CAST(0 AS bit)
END
2026-05-25 23:35:29.195 +03:00 [INF] Executed DbCommand (2ms) [Parameters=[], CommandType='"Text"', CommandTimeout='30']
SELECT CASE
    WHEN EXISTS (
        SELECT 1
        FROM [Properties] AS [p]) THEN CAST(1 AS bit)
    ELSE CAST(0 AS bit)
END
2026-05-25 23:35:29.209 +03:00 [WRN] The query uses the 'First'/'FirstOrDefault' operator without 'OrderBy' and filter operators. This may lead to unpredictable results.
2026-05-25 23:35:29.261 +03:00 [INF] Executed DbCommand (2ms) [Parameters=[], CommandType='"Text"', CommandTimeout='30']
SELECT TOP(1) [p].[Id], [p].[Bathrooms], [p].[Bedrooms], [p].[CreatedAt], [p].[Description], [p].[HasSmartParking], [p].[ImageUrl], [p].[Location], [p].[Name], [p].[Price], [p].[PricePerHour], [p].[PricePerNight], [p].[Rating], [p].[Title], [p].[TotalSpots]
FROM [Properties] AS [p]
2026-05-25 23:35:29.371 +03:00 [INF] Executed DbCommand (3ms) [Parameters=[], CommandType='"Text"', CommandTimeout='30']
SELECT COUNT(*)
FROM [ParkingSpots] AS [p]
2026-05-25 23:35:29.381 +03:00 [INF] Executed DbCommand (3ms) [Parameters=[], CommandType='"Text"', CommandTimeout='30']
SELECT CASE
    WHEN EXISTS (
        SELECT 1
        FROM [Reservations] AS [r]) THEN CAST(1 AS bit)
    ELSE CAST(0 AS bit)
END
2026-05-25 23:35:29.417 +03:00 [INF] User profile is available. Using 'C:\Users\DELL\AppData\Local\ASP.NET\DataProtection-Keys' as key repository and Windows DPAPI to encrypt keys at rest.
2026-05-25 23:35:29.715 +03:00 [INF] Now listening on: https://localhost:7144
2026-05-25 23:35:29.717 +03:00 [INF] Now listening on: http://localhost:5144
2026-05-25 23:35:29.990 +03:00 [INF] Application started. Press Ctrl+C to shut down.
2026-05-25 23:35:29.991 +03:00 [INF] Hosting environment: Development
2026-05-25 23:35:29.992 +03:00 [INF] Content root path: C:\Users\DELL\OneDrive\Desktop\New folder (3) (3)\New folder (3)\SmartParkingandProperty\SmartParkingF.API-main\SmartParkingF.API-main
2026-05-25 23:36:08.451 +03:00 [INF] Request starting HTTP/2 OPTIONS https://localhost:7144/api/ParkingSpots - null null
2026-05-25 23:36:08.451 +03:00 [INF] Request starting HTTP/2 OPTIONS https://localhost:7144/api/ParkingSpots - null null
2026-05-25 23:36:08.485 +03:00 [INF] CORS policy execution successful.
2026-05-25 23:36:08.486 +03:00 [INF] CORS policy execution successful.
2026-05-25 23:36:08.493 +03:00 [INF] HTTP OPTIONS /api/ParkingSpots responded 204 in 7.0786 ms
2026-05-25 23:36:08.493 +03:00 [INF] HTTP OPTIONS /api/ParkingSpots responded 204 in 7.0792 ms
2026-05-25 23:36:08.503 +03:00 [INF] Request finished HTTP/2 OPTIONS https://localhost:7144/api/ParkingSpots - 204 null null 60.3092ms
2026-05-25 23:36:08.503 +03:00 [INF] Request finished HTTP/2 OPTIONS https://localhost:7144/api/ParkingSpots - 204 null null 60.301ms
2026-05-25 23:36:08.510 +03:00 [INF] Request starting HTTP/2 GET https://localhost:7144/api/ParkingSpots - null null
2026-05-25 23:36:08.522 +03:00 [INF] CORS policy execution successful.
2026-05-25 23:36:08.722 +03:00 [INF] Executing endpoint 'SmartParkingF.API.Controllers.ParkingSpotsController.GetAll (SmartParkingF.API)'
2026-05-25 23:36:08.748 +03:00 [INF] Route matched with {action = "GetAll", controller = "ParkingSpots"}. Executing controller action with signature System.Threading.Tasks.Task`1[Microsoft.AspNetCore.Mvc.ActionResult`1[System.Collections.Generic.IEnumerable`1[SmartParkingF.API.Models.ParkingSpot]]] GetAll() on controller SmartParkingF.API.Controllers.ParkingSpotsController (SmartParkingF.API).
2026-05-25 23:36:08.859 +03:00 [INF] Executed DbCommand (21ms) [Parameters=[], CommandType='"Text"', CommandTimeout='30']
SELECT [p].[Id], [p].[Location], [p].[PricePerHour], [p].[PricePerNight], [p].[PropertyId], [p].[SpotNumber], [p].[Status], [p].[Zone]
FROM [ParkingSpots] AS [p]
2026-05-25 23:36:08.931 +03:00 [INF] Executing ObjectResult, writing value of type 'System.Collections.Generic.List`1[[SmartParkingF.API.Models.ParkingSpot, SmartParkingF.API, Version=1.0.0.0, Culture=neutral, PublicKeyToken=null]]'.
2026-05-25 23:36:08.985 +03:00 [INF] Request starting HTTP/2 GET https://localhost:7144/api/ParkingSpots - null null
2026-05-25 23:36:08.988 +03:00 [INF] CORS policy execution successful.
2026-05-25 23:36:08.991 +03:00 [INF] Executed action SmartParkingF.API.Controllers.ParkingSpotsController.GetAll (SmartParkingF.API) in 233.7043ms
2026-05-25 23:36:08.992 +03:00 [INF] Executing endpoint 'SmartParkingF.API.Controllers.ParkingSpotsController.GetAll (SmartParkingF.API)'
2026-05-25 23:36:08.994 +03:00 [INF] Executed endpoint 'SmartParkingF.API.Controllers.ParkingSpotsController.GetAll (SmartParkingF.API)'
2026-05-25 23:36:08.995 +03:00 [INF] Route matched with {action = "GetAll", controller = "ParkingSpots"}. Executing controller action with signature System.Threading.Tasks.Task`1[Microsoft.AspNetCore.Mvc.ActionResult`1[System.Collections.Generic.IEnumerable`1[SmartParkingF.API.Models.ParkingSpot]]] GetAll() on controller SmartParkingF.API.Controllers.ParkingSpotsController (SmartParkingF.API).
2026-05-25 23:36:08.998 +03:00 [INF] HTTP GET /api/ParkingSpots responded 200 in 476.5431 ms
2026-05-25 23:36:09.008 +03:00 [INF] Request finished HTTP/2 GET https://localhost:7144/api/ParkingSpots - 200 null application/json; charset=utf-8 498.9487ms
2026-05-25 23:36:09.101 +03:00 [INF] Executed DbCommand (4ms) [Parameters=[], CommandType='"Text"', CommandTimeout='30']
SELECT [p].[Id], [p].[Location], [p].[PricePerHour], [p].[PricePerNight], [p].[PropertyId], [p].[SpotNumber], [p].[Status], [p].[Zone]
FROM [ParkingSpots] AS [p]
2026-05-25 23:36:09.110 +03:00 [INF] Executing ObjectResult, writing value of type 'System.Collections.Generic.List`1[[SmartParkingF.API.Models.ParkingSpot, SmartParkingF.API, Version=1.0.0.0, Culture=neutral, PublicKeyToken=null]]'.
2026-05-25 23:36:09.114 +03:00 [INF] Executed action SmartParkingF.API.Controllers.ParkingSpotsController.GetAll (SmartParkingF.API) in 115.4436ms
2026-05-25 23:36:09.116 +03:00 [INF] Executed endpoint 'SmartParkingF.API.Controllers.ParkingSpotsController.GetAll (SmartParkingF.API)'
2026-05-25 23:36:09.118 +03:00 [INF] HTTP GET /api/ParkingSpots responded 200 in 129.7875 ms
2026-05-25 23:36:09.121 +03:00 [INF] Request finished HTTP/2 GET https://localhost:7144/api/ParkingSpots - 200 null application/json; charset=utf-8 136.3128ms
2026-05-25 23:36:12.510 +03:00 [INF] Request starting HTTP/2 OPTIONS https://localhost:7144/api/Reservations - null null
2026-05-25 23:36:12.513 +03:00 [INF] CORS policy execution successful.
2026-05-25 23:36:12.514 +03:00 [INF] HTTP OPTIONS /api/Reservations responded 204 in 1.2035 ms
2026-05-25 23:36:12.517 +03:00 [INF] Request finished HTTP/2 OPTIONS https://localhost:7144/api/Reservations - 204 null null 7.056ms
2026-05-25 23:36:12.519 +03:00 [INF] Request starting HTTP/2 POST https://localhost:7144/api/Reservations - application/json 130
2026-05-25 23:36:12.523 +03:00 [INF] CORS policy execution successful.
2026-05-25 23:36:12.527 +03:00 [INF] Executing endpoint 'SmartParkingF.API.Controllers.ReservationsController.PostReservation (SmartParkingF.API)'
2026-05-25 23:36:12.542 +03:00 [INF] Route matched with {action = "PostReservation", controller = "Reservations"}. Executing controller action with signature System.Threading.Tasks.Task`1[Microsoft.AspNetCore.Mvc.ActionResult] PostReservation(SmartParkingF.API.Models.ReservationDto) on controller SmartParkingF.API.Controllers.ReservationsController (SmartParkingF.API).
2026-05-25 23:36:12.730 +03:00 [INF] Executed DbCommand (35ms) [Parameters=[@p='?' (DbType = Int32)], CommandType='"Text"', CommandTimeout='30']
SELECT TOP(1) [p].[Id], [p].[Location], [p].[PricePerHour], [p].[PricePerNight], [p].[PropertyId], [p].[SpotNumber], [p].[Status], [p].[Zone]
FROM [ParkingSpots] AS [p]
WHERE [p].[Id] = @p
2026-05-25 23:36:12.744 +03:00 [INF] Executed DbCommand (2ms) [Parameters=[@p='?' (DbType = Int32)], CommandType='"Text"', CommandTimeout='30']
SELECT TOP(1) [p].[Id], [p].[Bathrooms], [p].[Bedrooms], [p].[CreatedAt], [p].[Description], [p].[HasSmartParking], [p].[ImageUrl], [p].[Location], [p].[Name], [p].[Price], [p].[PricePerHour], [p].[PricePerNight], [p].[Rating], [p].[Title], [p].[TotalSpots]
FROM [Properties] AS [p]
WHERE [p].[Id] = @p
2026-05-25 23:36:12.804 +03:00 [INF] Executed DbCommand (6ms) [Parameters=[@reservationDto_ParkingSpotId='?' (DbType = Int32), @reservationDto_StartDate='?' (DbType = DateTime2), @reservationDto_EndDate='?' (DbType = DateTime2)], CommandType='"Text"', CommandTimeout='30']
SELECT CASE
    WHEN EXISTS (
        SELECT 1
        FROM [Reservations] AS [r]
        WHERE [r].[ParkingSpotId] = @reservationDto_ParkingSpotId AND [r].[Status] = N'Confirmed' AND @reservationDto_StartDate < [r].[EndTime] AND @reservationDto_EndDate > [r].[StartTime]) THEN CAST(1 AS bit)
    ELSE CAST(0 AS bit)
END
2026-05-25 23:36:13.036 +03:00 [WRN] Savepoints are disabled because Multiple Active Result Sets (MARS) is enabled. If 'SaveChanges' fails, then the transaction cannot be automatically rolled back to a known clean state. Instead, the transaction should be rolled back by the application before retrying 'SaveChanges'. See https://go.microsoft.com/fwlink/?linkid=2149338 for more information and examples. To identify the code which triggers this warning, call 'ConfigureWarnings(w => w.Throw(SqlServerEventId.SavepointsDisabledBecauseOfMARS))'.
2026-05-25 23:36:13.050 +03:00 [INF] Executed DbCommand (9ms) [Parameters=[@p1='?' (DbType = Int32), @p0='?' (Size = 4000), @p2='?' (Size = 4000), @p3='?' (Size = 4000), @p4='?' (DbType = DateTime2), @p5='?' (DbType = DateTime2), @p6='?' (DbType = Int32), @p7='?' (DbType = Int32), @p8='?' (Size = 4000), @p9='?' (DbType = DateTime2), @p10='?' (Size = 4000), @p11='?' (Precision = 18) (Scale = 2) (DbType = Decimal), @p12='?' (DbType = Int32)], CommandType='"Text"', CommandTimeout='30']
SET NOCOUNT ON;
UPDATE [ParkingSpots] SET [Status] = @p0
OUTPUT 1
WHERE [Id] = @p1;
INSERT INTO [Reservations] ([BookingType], [CarPlateNumber], [CreatedAt], [EndTime], [ParkingSpotId], [PropertyId], [QrCodeData], [StartTime], [Status], [TotalPrice], [UserId])
OUTPUT INSERTED.[Id]
VALUES (@p2, @p3, @p4, @p5, @p6, @p7, @p8, @p9, @p10, @p11, @p12);
2026-05-25 23:36:13.089 +03:00 [INF] Executing OkObjectResult, writing value of type '<>f__AnonymousType15`3[[System.Boolean, System.Private.CoreLib, Version=10.0.0.0, Culture=neutral, PublicKeyToken=7cec85d7bea7798e],[System.String, System.Private.CoreLib, Version=10.0.0.0, Culture=neutral, PublicKeyToken=7cec85d7bea7798e],[System.Int32, System.Private.CoreLib, Version=10.0.0.0, Culture=neutral, PublicKeyToken=7cec85d7bea7798e]]'.
2026-05-25 23:36:13.094 +03:00 [INF] Executed action SmartParkingF.API.Controllers.ReservationsController.PostReservation (SmartParkingF.API) in 550.0906ms
2026-05-25 23:36:13.096 +03:00 [INF] Executed endpoint 'SmartParkingF.API.Controllers.ReservationsController.PostReservation (SmartParkingF.API)'
2026-05-25 23:36:13.098 +03:00 [INF] HTTP POST /api/Reservations responded 200 in 575.2865 ms
2026-05-25 23:36:13.101 +03:00 [INF] Request finished HTTP/2 POST https://localhost:7144/api/Reservations - 200 null application/json; charset=utf-8 581.7259ms
2026-05-25 23:36:14.705 +03:00 [INF] Request starting HTTP/2 OPTIONS https://localhost:7144/api/ParkingSpots - null null
2026-05-25 23:36:14.712 +03:00 [INF] CORS policy execution successful.
2026-05-25 23:36:14.714 +03:00 [INF] HTTP OPTIONS /api/ParkingSpots responded 204 in 2.5315 ms
2026-05-25 23:36:14.718 +03:00 [INF] Request finished HTTP/2 OPTIONS https://localhost:7144/api/ParkingSpots - 204 null null 13.3571ms
2026-05-25 23:36:14.720 +03:00 [INF] Request starting HTTP/2 GET https://localhost:7144/api/ParkingSpots - null null
2026-05-25 23:36:14.727 +03:00 [INF] CORS policy execution successful.
2026-05-25 23:36:14.728 +03:00 [INF] Executing endpoint 'SmartParkingF.API.Controllers.ParkingSpotsController.GetAll (SmartParkingF.API)'
2026-05-25 23:36:14.729 +03:00 [INF] Route matched with {action = "GetAll", controller = "ParkingSpots"}. Executing controller action with signature System.Threading.Tasks.Task`1[Microsoft.AspNetCore.Mvc.ActionResult`1[System.Collections.Generic.IEnumerable`1[SmartParkingF.API.Models.ParkingSpot]]] GetAll() on controller SmartParkingF.API.Controllers.ParkingSpotsController (SmartParkingF.API).
2026-05-25 23:36:14.734 +03:00 [INF] Executed DbCommand (1ms) [Parameters=[], CommandType='"Text"', CommandTimeout='30']
SELECT [p].[Id], [p].[Location], [p].[PricePerHour], [p].[PricePerNight], [p].[PropertyId], [p].[SpotNumber], [p].[Status], [p].[Zone]
FROM [ParkingSpots] AS [p]
2026-05-25 23:36:14.739 +03:00 [INF] Executing ObjectResult, writing value of type 'System.Collections.Generic.List`1[[SmartParkingF.API.Models.ParkingSpot, SmartParkingF.API, Version=1.0.0.0, Culture=neutral, PublicKeyToken=null]]'.
2026-05-25 23:36:14.741 +03:00 [INF] Executed action SmartParkingF.API.Controllers.ParkingSpotsController.GetAll (SmartParkingF.API) in 9.7843ms
2026-05-25 23:36:14.743 +03:00 [INF] Executed endpoint 'SmartParkingF.API.Controllers.ParkingSpotsController.GetAll (SmartParkingF.API)'
2026-05-25 23:36:14.744 +03:00 [INF] HTTP GET /api/ParkingSpots responded 200 in 17.5518 ms
2026-05-25 23:36:14.746 +03:00 [INF] Request finished HTTP/2 GET https://localhost:7144/api/ParkingSpots - 200 null application/json; charset=utf-8 26.0852ms
2026-05-25 23:36:24.808 +03:00 [INF] Request starting HTTP/2 GET https://localhost:7144/api/Properties - null null
2026-05-25 23:36:24.811 +03:00 [INF] Request starting HTTP/2 GET https://localhost:7144/api/Properties - null null
2026-05-25 23:36:24.812 +03:00 [INF] CORS policy execution successful.
2026-05-25 23:36:24.815 +03:00 [INF] CORS policy execution successful.
2026-05-25 23:36:24.816 +03:00 [INF] Executing endpoint 'SmartParkingF.API.Controllers.PropertiesController.GetProperties (SmartParkingF.API)'
2026-05-25 23:36:24.817 +03:00 [INF] Executing endpoint 'SmartParkingF.API.Controllers.PropertiesController.GetProperties (SmartParkingF.API)'
2026-05-25 23:36:24.830 +03:00 [INF] Route matched with {action = "GetProperties", controller = "Properties"}. Executing controller action with signature System.Threading.Tasks.Task`1[Microsoft.AspNetCore.Mvc.IActionResult] GetProperties() on controller SmartParkingF.API.Controllers.PropertiesController (SmartParkingF.API).
2026-05-25 23:36:24.830 +03:00 [INF] Route matched with {action = "GetProperties", controller = "Properties"}. Executing controller action with signature System.Threading.Tasks.Task`1[Microsoft.AspNetCore.Mvc.IActionResult] GetProperties() on controller SmartParkingF.API.Controllers.PropertiesController (SmartParkingF.API).
2026-05-25 23:36:24.876 +03:00 [INF] Executed DbCommand (4ms) [Parameters=[], CommandType='"Text"', CommandTimeout='30']
SELECT [p].[Id], [p].[Bathrooms], [p].[Bedrooms], [p].[CreatedAt], [p].[Description], [p].[HasSmartParking], [p].[ImageUrl], [p].[Location], [p].[Name], [p].[Price], [p].[PricePerHour], [p].[PricePerNight], [p].[Rating], [p].[Title], [p].[TotalSpots]
FROM [Properties] AS [p]
2026-05-25 23:36:24.881 +03:00 [INF] Executing OkObjectResult, writing value of type 'System.Collections.Generic.List`1[[SmartParkingF.API.Models.Property, SmartParkingF.API, Version=1.0.0.0, Culture=neutral, PublicKeyToken=null]]'.
2026-05-25 23:36:24.887 +03:00 [INF] Executed DbCommand (1ms) [Parameters=[], CommandType='"Text"', CommandTimeout='30']
SELECT [p].[Id], [p].[Bathrooms], [p].[Bedrooms], [p].[CreatedAt], [p].[Description], [p].[HasSmartParking], [p].[ImageUrl], [p].[Location], [p].[Name], [p].[Price], [p].[PricePerHour], [p].[PricePerNight], [p].[Rating], [p].[Title], [p].[TotalSpots]
FROM [Properties] AS [p]
2026-05-25 23:36:24.890 +03:00 [INF] Executing OkObjectResult, writing value of type 'System.Collections.Generic.List`1[[SmartParkingF.API.Models.Property, SmartParkingF.API, Version=1.0.0.0, Culture=neutral, PublicKeyToken=null]]'.
2026-05-25 23:36:24.890 +03:00 [INF] Executed action SmartParkingF.API.Controllers.PropertiesController.GetProperties (SmartParkingF.API) in 57.2792ms
2026-05-25 23:36:24.894 +03:00 [INF] Executed endpoint 'SmartParkingF.API.Controllers.PropertiesController.GetProperties (SmartParkingF.API)'
2026-05-25 23:36:24.895 +03:00 [INF] HTTP GET /api/Properties responded 200 in 80.4726 ms
2026-05-25 23:36:24.896 +03:00 [INF] Executed action SmartParkingF.API.Controllers.PropertiesController.GetProperties (SmartParkingF.API) in 59.9124ms
2026-05-25 23:36:24.898 +03:00 [INF] Request finished HTTP/2 GET https://localhost:7144/api/Properties - 200 null application/json; charset=utf-8 87.5375ms
2026-05-25 23:36:24.899 +03:00 [INF] Executed endpoint 'SmartParkingF.API.Controllers.PropertiesController.GetProperties (SmartParkingF.API)'
2026-05-25 23:36:24.903 +03:00 [INF] HTTP GET /api/Properties responded 200 in 91.8659 ms
2026-05-25 23:36:24.906 +03:00 [INF] Request finished HTTP/2 GET https://localhost:7144/api/Properties - 499 null application/json; charset=utf-8 97.8404ms
2026-05-25 23:36:28.079 +03:00 [INF] Request starting HTTP/2 GET https://localhost:7144/api/dashboard/stats - null null
2026-05-25 23:36:28.090 +03:00 [INF] CORS policy execution successful.
2026-05-25 23:36:28.092 +03:00 [INF] Executing endpoint 'SmartParkingF.API.Controllers.DashboardController.GetStats (SmartParkingF.API)'
2026-05-25 23:36:28.103 +03:00 [INF] Route matched with {action = "GetStats", controller = "Dashboard"}. Executing controller action with signature System.Threading.Tasks.Task`1[Microsoft.AspNetCore.Mvc.IActionResult] GetStats() on controller SmartParkingF.API.Controllers.DashboardController (SmartParkingF.API).
2026-05-25 23:36:28.130 +03:00 [INF] Executed DbCommand (3ms) [Parameters=[], CommandType='"Text"', CommandTimeout='30']
SELECT COALESCE(SUM([r].[TotalPrice]), 0.0)
FROM [Reservations] AS [r]
WHERE [r].[Status] = N'Confirmed'
2026-05-25 23:36:28.151 +03:00 [INF] Executed DbCommand (3ms) [Parameters=[], CommandType='"Text"', CommandTimeout='30']
SELECT COUNT(*)
FROM [Reservations] AS [r]
WHERE [r].[Status] = N'Confirmed'
2026-05-25 23:36:28.160 +03:00 [INF] Executed DbCommand (1ms) [Parameters=[], CommandType='"Text"', CommandTimeout='30']
SELECT COUNT(*)
FROM [ParkingSpots] AS [p]
2026-05-25 23:36:28.171 +03:00 [INF] Executed DbCommand (3ms) [Parameters=[], CommandType='"Text"', CommandTimeout='30']
SELECT COUNT(*)
FROM [ParkingSpots] AS [p]
WHERE [p].[Status] = N'Busy'
2026-05-25 23:36:28.180 +03:00 [INF] Executed DbCommand (2ms) [Parameters=[], CommandType='"Text"', CommandTimeout='30']
SELECT COUNT(*)
FROM [Users] AS [u]
2026-05-25 23:36:28.183 +03:00 [INF] Executing OkObjectResult, writing value of type '<>f__AnonymousType0`6[[System.Decimal, System.Private.CoreLib, Version=10.0.0.0, Culture=neutral, PublicKeyToken=7cec85d7bea7798e],[System.Int32, System.Private.CoreLib, Version=10.0.0.0, Culture=neutral, PublicKeyToken=7cec85d7bea7798e],[System.Int32, System.Private.CoreLib, Version=10.0.0.0, Culture=neutral, PublicKeyToken=7cec85d7bea7798e],[System.Int32, System.Private.CoreLib, Version=10.0.0.0, Culture=neutral, PublicKeyToken=7cec85d7bea7798e],[System.Int32, System.Private.CoreLib, Version=10.0.0.0, Culture=neutral, PublicKeyToken=7cec85d7bea7798e],[System.Int32, System.Private.CoreLib, Version=10.0.0.0, Culture=neutral, PublicKeyToken=7cec85d7bea7798e]]'.
2026-05-25 23:36:28.188 +03:00 [INF] Executed action SmartParkingF.API.Controllers.DashboardController.GetStats (SmartParkingF.API) in 82.6004ms
2026-05-25 23:36:28.190 +03:00 [INF] Executed endpoint 'SmartParkingF.API.Controllers.DashboardController.GetStats (SmartParkingF.API)'
2026-05-25 23:36:28.190 +03:00 [INF] Request starting HTTP/2 GET https://localhost:7144/api/dashboard/stats - null null
2026-05-25 23:36:28.191 +03:00 [INF] HTTP GET /api/dashboard/stats responded 200 in 100.8834 ms
2026-05-25 23:36:28.194 +03:00 [INF] CORS policy execution successful.
2026-05-25 23:36:28.200 +03:00 [INF] Request finished HTTP/2 GET https://localhost:7144/api/dashboard/stats - 200 null application/json; charset=utf-8 121.0603ms
2026-05-25 23:36:28.202 +03:00 [INF] Executing endpoint 'SmartParkingF.API.Controllers.DashboardController.GetStats (SmartParkingF.API)'
2026-05-25 23:36:28.205 +03:00 [INF] Route matched with {action = "GetStats", controller = "Dashboard"}. Executing controller action with signature System.Threading.Tasks.Task`1[Microsoft.AspNetCore.Mvc.IActionResult] GetStats() on controller SmartParkingF.API.Controllers.DashboardController (SmartParkingF.API).
2026-05-25 23:36:28.215 +03:00 [INF] Executed DbCommand (1ms) [Parameters=[], CommandType='"Text"', CommandTimeout='30']
SELECT COALESCE(SUM([r].[TotalPrice]), 0.0)
FROM [Reservations] AS [r]
WHERE [r].[Status] = N'Confirmed'
2026-05-25 23:36:28.219 +03:00 [INF] Executed DbCommand (1ms) [Parameters=[], CommandType='"Text"', CommandTimeout='30']
SELECT COUNT(*)
FROM [Reservations] AS [r]
WHERE [r].[Status] = N'Confirmed'
2026-05-25 23:36:28.222 +03:00 [INF] Executed DbCommand (1ms) [Parameters=[], CommandType='"Text"', CommandTimeout='30']
SELECT COUNT(*)
FROM [ParkingSpots] AS [p]
2026-05-25 23:36:28.226 +03:00 [INF] Executed DbCommand (1ms) [Parameters=[], CommandType='"Text"', CommandTimeout='30']
SELECT COUNT(*)
FROM [ParkingSpots] AS [p]
WHERE [p].[Status] = N'Busy'
2026-05-25 23:36:28.229 +03:00 [INF] Executed DbCommand (1ms) [Parameters=[], CommandType='"Text"', CommandTimeout='30']
SELECT COUNT(*)
FROM [Users] AS [u]
2026-05-25 23:36:28.234 +03:00 [INF] Executing OkObjectResult, writing value of type '<>f__AnonymousType0`6[[System.Decimal, System.Private.CoreLib, Version=10.0.0.0, Culture=neutral, PublicKeyToken=7cec85d7bea7798e],[System.Int32, System.Private.CoreLib, Version=10.0.0.0, Culture=neutral, PublicKeyToken=7cec85d7bea7798e],[System.Int32, System.Private.CoreLib, Version=10.0.0.0, Culture=neutral, PublicKeyToken=7cec85d7bea7798e],[System.Int32, System.Private.CoreLib, Version=10.0.0.0, Culture=neutral, PublicKeyToken=7cec85d7bea7798e],[System.Int32, System.Private.CoreLib, Version=10.0.0.0, Culture=neutral, PublicKeyToken=7cec85d7bea7798e],[System.Int32, System.Private.CoreLib, Version=10.0.0.0, Culture=neutral, PublicKeyToken=7cec85d7bea7798e]]'.
2026-05-25 23:36:28.236 +03:00 [INF] Executed action SmartParkingF.API.Controllers.DashboardController.GetStats (SmartParkingF.API) in 28.4657ms
2026-05-25 23:36:28.237 +03:00 [INF] Executed endpoint 'SmartParkingF.API.Controllers.DashboardController.GetStats (SmartParkingF.API)'
2026-05-25 23:36:28.239 +03:00 [INF] HTTP GET /api/dashboard/stats responded 200 in 44.3984 ms
2026-05-25 23:36:28.241 +03:00 [INF] Request finished HTTP/2 GET https://localhost:7144/api/dashboard/stats - 200 null application/json; charset=utf-8 51.0598ms
2026-05-25 23:36:29.342 +03:00 [INF] Request starting HTTP/2 OPTIONS https://localhost:7144/api/Payments/user-history/3 - null null
2026-05-25 23:36:29.342 +03:00 [INF] Request starting HTTP/2 OPTIONS https://localhost:7144/api/Payments/user-history/3 - null null
2026-05-25 23:36:29.348 +03:00 [INF] CORS policy execution successful.
2026-05-25 23:36:29.352 +03:00 [INF] CORS policy execution successful.
2026-05-25 23:36:29.353 +03:00 [INF] HTTP OPTIONS /api/Payments/user-history/3 responded 204 in 5.6295 ms
2026-05-25 23:36:29.354 +03:00 [INF] HTTP OPTIONS /api/Payments/user-history/3 responded 204 in 2.1055 ms
2026-05-25 23:36:29.357 +03:00 [INF] Request finished HTTP/2 OPTIONS https://localhost:7144/api/Payments/user-history/3 - 204 null null 14.636ms
2026-05-25 23:36:29.359 +03:00 [INF] Request starting HTTP/2 GET https://localhost:7144/api/Payments/user-history/3 - null null
2026-05-25 23:36:29.361 +03:00 [INF] Request finished HTTP/2 OPTIONS https://localhost:7144/api/Payments/user-history/3 - 204 null null 18.5563ms
2026-05-25 23:36:29.368 +03:00 [INF] CORS policy execution successful.
2026-05-25 23:36:29.373 +03:00 [INF] Executing endpoint 'SmartParkingF.API.Controllers.PaymentsController.GetUserPaymentHistory (SmartParkingF.API)'
2026-05-25 23:36:29.389 +03:00 [INF] Route matched with {action = "GetUserPaymentHistory", controller = "Payments"}. Executing controller action with signature System.Threading.Tasks.Task`1[Microsoft.AspNetCore.Mvc.IActionResult] GetUserPaymentHistory(Int32) on controller SmartParkingF.API.Controllers.PaymentsController (SmartParkingF.API).
2026-05-25 23:36:29.414 +03:00 [INF] Executed DbCommand (6ms) [Parameters=[@userId='?' (DbType = Int32)], CommandType='"Text"', CommandTimeout='30']
SELECT CASE
    WHEN EXISTS (
        SELECT 1
        FROM [Users] AS [u]
        WHERE [u].[Id] = @userId) THEN CAST(1 AS bit)
    ELSE CAST(0 AS bit)
END
2026-05-25 23:36:29.547 +03:00 [INF] Executed DbCommand (6ms) [Parameters=[@userId='?' (DbType = Int32)], CommandType='"Text"', CommandTimeout='30']
SELECT [r].[Id], CONVERT(varchar(11), [r].[Id]), [r].[StartTime], [r].[Status], [r].[TotalPrice], [p].[Name]
FROM [Reservations] AS [r]
INNER JOIN [Properties] AS [p] ON [r].[PropertyId] = [p].[Id]
WHERE [r].[UserId] = @userId
ORDER BY [r].[StartTime] DESC
2026-05-25 23:36:29.551 +03:00 [INF] Executing OkObjectResult, writing value of type 'System.Collections.Generic.List`1[[<>f__AnonymousType3`7[[System.Int32, System.Private.CoreLib, Version=10.0.0.0, Culture=neutral, PublicKeyToken=7cec85d7bea7798e],[System.String, System.Private.CoreLib, Version=10.0.0.0, Culture=neutral, PublicKeyToken=7cec85d7bea7798e],[System.String, System.Private.CoreLib, Version=10.0.0.0, Culture=neutral, PublicKeyToken=7cec85d7bea7798e],[System.String, System.Private.CoreLib, Version=10.0.0.0, Culture=neutral, PublicKeyToken=7cec85d7bea7798e],[System.String, System.Private.CoreLib, Version=10.0.0.0, Culture=neutral, PublicKeyToken=7cec85d7bea7798e],[System.Decimal, System.Private.CoreLib, Version=10.0.0.0, Culture=neutral, PublicKeyToken=7cec85d7bea7798e],[System.String, System.Private.CoreLib, Version=10.0.0.0, Culture=neutral, PublicKeyToken=7cec85d7bea7798e]], SmartParkingF.API, Version=1.0.0.0, Culture=neutral, PublicKeyToken=null]]'.
2026-05-25 23:36:29.555 +03:00 [INF] Executed action SmartParkingF.API.Controllers.PaymentsController.GetUserPaymentHistory (SmartParkingF.API) in 163.8279ms
2026-05-25 23:36:29.557 +03:00 [INF] Request starting HTTP/2 GET https://localhost:7144/api/Payments/user-history/3 - null null
2026-05-25 23:36:29.557 +03:00 [INF] Executed endpoint 'SmartParkingF.API.Controllers.PaymentsController.GetUserPaymentHistory (SmartParkingF.API)'
2026-05-25 23:36:29.560 +03:00 [INF] CORS policy execution successful.
2026-05-25 23:36:29.562 +03:00 [INF] HTTP GET /api/Payments/user-history/3 responded 200 in 193.8592 ms
2026-05-25 23:36:29.564 +03:00 [INF] Executing endpoint 'SmartParkingF.API.Controllers.PaymentsController.GetUserPaymentHistory (SmartParkingF.API)'
2026-05-25 23:36:29.565 +03:00 [INF] Request finished HTTP/2 GET https://localhost:7144/api/Payments/user-history/3 - 200 null application/json; charset=utf-8 206.1589ms
2026-05-25 23:36:29.566 +03:00 [INF] Route matched with {action = "GetUserPaymentHistory", controller = "Payments"}. Executing controller action with signature System.Threading.Tasks.Task`1[Microsoft.AspNetCore.Mvc.IActionResult] GetUserPaymentHistory(Int32) on controller SmartParkingF.API.Controllers.PaymentsController (SmartParkingF.API).
2026-05-25 23:36:29.573 +03:00 [INF] Executed DbCommand (1ms) [Parameters=[@userId='?' (DbType = Int32)], CommandType='"Text"', CommandTimeout='30']
SELECT CASE
    WHEN EXISTS (
        SELECT 1
        FROM [Users] AS [u]
        WHERE [u].[Id] = @userId) THEN CAST(1 AS bit)
    ELSE CAST(0 AS bit)
END
2026-05-25 23:36:29.578 +03:00 [INF] Executed DbCommand (1ms) [Parameters=[@userId='?' (DbType = Int32)], CommandType='"Text"', CommandTimeout='30']
SELECT [r].[Id], CONVERT(varchar(11), [r].[Id]), [r].[StartTime], [r].[Status], [r].[TotalPrice], [p].[Name]
FROM [Reservations] AS [r]
INNER JOIN [Properties] AS [p] ON [r].[PropertyId] = [p].[Id]
WHERE [r].[UserId] = @userId
ORDER BY [r].[StartTime] DESC
2026-05-25 23:36:29.580 +03:00 [INF] Executing OkObjectResult, writing value of type 'System.Collections.Generic.List`1[[<>f__AnonymousType3`7[[System.Int32, System.Private.CoreLib, Version=10.0.0.0, Culture=neutral, PublicKeyToken=7cec85d7bea7798e],[System.String, System.Private.CoreLib, Version=10.0.0.0, Culture=neutral, PublicKeyToken=7cec85d7bea7798e],[System.String, System.Private.CoreLib, Version=10.0.0.0, Culture=neutral, PublicKeyToken=7cec85d7bea7798e],[System.String, System.Private.CoreLib, Version=10.0.0.0, Culture=neutral, PublicKeyToken=7cec85d7bea7798e],[System.String, System.Private.CoreLib, Version=10.0.0.0, Culture=neutral, PublicKeyToken=7cec85d7bea7798e],[System.Decimal, System.Private.CoreLib, Version=10.0.0.0, Culture=neutral, PublicKeyToken=7cec85d7bea7798e],[System.String, System.Private.CoreLib, Version=10.0.0.0, Culture=neutral, PublicKeyToken=7cec85d7bea7798e]], SmartParkingF.API, Version=1.0.0.0, Culture=neutral, PublicKeyToken=null]]'.
2026-05-25 23:36:29.582 +03:00 [INF] Executed action SmartParkingF.API.Controllers.PaymentsController.GetUserPaymentHistory (SmartParkingF.API) in 10.8684ms
2026-05-25 23:36:29.583 +03:00 [INF] Executed endpoint 'SmartParkingF.API.Controllers.PaymentsController.GetUserPaymentHistory (SmartParkingF.API)'
2026-05-25 23:36:29.584 +03:00 [INF] HTTP GET /api/Payments/user-history/3 responded 200 in 23.6801 ms
2026-05-25 23:36:29.586 +03:00 [INF] Request finished HTTP/2 GET https://localhost:7144/api/Payments/user-history/3 - 200 null application/json; charset=utf-8 28.7867ms
2026-05-25 23:36:45.959 +03:00 [INF] Request starting HTTP/2 OPTIONS https://localhost:7144/api/Reservations/Cancel/4 - null null
2026-05-25 23:36:45.963 +03:00 [INF] CORS policy execution successful.
2026-05-25 23:36:45.964 +03:00 [INF] HTTP OPTIONS /api/Reservations/Cancel/4 responded 204 in 1.2072 ms
2026-05-25 23:36:45.966 +03:00 [INF] Request finished HTTP/2 OPTIONS https://localhost:7144/api/Reservations/Cancel/4 - 204 null null 7.7136ms
2026-05-25 23:36:45.968 +03:00 [INF] Request starting HTTP/2 DELETE https://localhost:7144/api/Reservations/Cancel/4 - null null
2026-05-25 23:36:45.973 +03:00 [INF] CORS policy execution successful.
2026-05-25 23:36:45.974 +03:00 [INF] Executing endpoint 'SmartParkingF.API.Controllers.ReservationsController.CancelReservation (SmartParkingF.API)'
2026-05-25 23:36:45.983 +03:00 [INF] Route matched with {action = "CancelReservation", controller = "Reservations"}. Executing controller action with signature System.Threading.Tasks.Task`1[Microsoft.AspNetCore.Mvc.IActionResult] CancelReservation(Int32) on controller SmartParkingF.API.Controllers.ReservationsController (SmartParkingF.API).
2026-05-25 23:36:46.031 +03:00 [INF] Executed DbCommand (7ms) [Parameters=[@reservationId='?' (DbType = Int32)], CommandType='"Text"', CommandTimeout='30']
SELECT TOP(1) [r].[Id], [r].[BookingType], [r].[CarPlateNumber], [r].[CreatedAt], [r].[EndTime], [r].[ParkingSpotId], [r].[PropertyId], [r].[QrCodeData], [r].[StartTime], [r].[Status], [r].[TotalPrice], [r].[UserId], [p].[Id], [p].[Location], [p].[PricePerHour], [p].[PricePerNight], [p].[PropertyId], [p].[SpotNumber], [p].[Status], [p].[Zone]
FROM [Reservations] AS [r]
LEFT JOIN [ParkingSpots] AS [p] ON [r].[ParkingSpotId] = [p].[Id]
WHERE [r].[Id] = @reservationId
2026-05-25 23:36:46.037 +03:00 [WRN] Savepoints are disabled because Multiple Active Result Sets (MARS) is enabled. If 'SaveChanges' fails, then the transaction cannot be automatically rolled back to a known clean state. Instead, the transaction should be rolled back by the application before retrying 'SaveChanges'. See https://go.microsoft.com/fwlink/?linkid=2149338 for more information and examples. To identify the code which triggers this warning, call 'ConfigureWarnings(w => w.Throw(SqlServerEventId.SavepointsDisabledBecauseOfMARS))'.
2026-05-25 23:36:46.043 +03:00 [INF] Executed DbCommand (4ms) [Parameters=[@p1='?' (DbType = Int32), @p0='?' (Size = 4000), @p3='?' (DbType = Int32), @p2='?' (Size = 4000)], CommandType='"Text"', CommandTimeout='30']
SET NOCOUNT ON;
UPDATE [ParkingSpots] SET [Status] = @p0
OUTPUT 1
WHERE [Id] = @p1;
UPDATE [Reservations] SET [Status] = @p2
OUTPUT 1
WHERE [Id] = @p3;
2026-05-25 23:36:46.047 +03:00 [INF] Executing OkObjectResult, writing value of type '<>f__AnonymousType14`2[[System.Boolean, System.Private.CoreLib, Version=10.0.0.0, Culture=neutral, PublicKeyToken=7cec85d7bea7798e],[System.String, System.Private.CoreLib, Version=10.0.0.0, Culture=neutral, PublicKeyToken=7cec85d7bea7798e]]'.
2026-05-25 23:36:46.051 +03:00 [INF] Executed action SmartParkingF.API.Controllers.ReservationsController.CancelReservation (SmartParkingF.API) in 65.4099ms
2026-05-25 23:36:46.052 +03:00 [INF] Executed endpoint 'SmartParkingF.API.Controllers.ReservationsController.CancelReservation (SmartParkingF.API)'
2026-05-25 23:36:46.053 +03:00 [INF] HTTP DELETE /api/Reservations/Cancel/4 responded 200 in 80.3299 ms
2026-05-25 23:36:46.055 +03:00 [INF] Request finished HTTP/2 DELETE https://localhost:7144/api/Reservations/Cancel/4 - 200 null application/json; charset=utf-8 87.123ms
2026-05-25 23:36:47.557 +03:00 [INF] Request starting HTTP/2 OPTIONS https://localhost:7144/api/Payments/user-history/3 - null null
2026-05-25 23:36:47.578 +03:00 [INF] CORS policy execution successful.
2026-05-25 23:36:47.582 +03:00 [INF] HTTP OPTIONS /api/Payments/user-history/3 responded 204 in 3.3999 ms
2026-05-25 23:36:47.585 +03:00 [INF] Request finished HTTP/2 OPTIONS https://localhost:7144/api/Payments/user-history/3 - 204 null null 28.5039ms
2026-05-25 23:36:47.588 +03:00 [INF] Request starting HTTP/2 GET https://localhost:7144/api/Payments/user-history/3 - null null
2026-05-25 23:36:47.593 +03:00 [INF] CORS policy execution successful.
2026-05-25 23:36:47.594 +03:00 [INF] Executing endpoint 'SmartParkingF.API.Controllers.PaymentsController.GetUserPaymentHistory (SmartParkingF.API)'
2026-05-25 23:36:47.596 +03:00 [INF] Route matched with {action = "GetUserPaymentHistory", controller = "Payments"}. Executing controller action with signature System.Threading.Tasks.Task`1[Microsoft.AspNetCore.Mvc.IActionResult] GetUserPaymentHistory(Int32) on controller SmartParkingF.API.Controllers.PaymentsController (SmartParkingF.API).
2026-05-25 23:36:47.603 +03:00 [INF] Executed DbCommand (4ms) [Parameters=[@userId='?' (DbType = Int32)], CommandType='"Text"', CommandTimeout='30']
SELECT CASE
    WHEN EXISTS (
        SELECT 1
        FROM [Users] AS [u]
        WHERE [u].[Id] = @userId) THEN CAST(1 AS bit)
    ELSE CAST(0 AS bit)
END
2026-05-25 23:36:47.611 +03:00 [INF] Executed DbCommand (5ms) [Parameters=[@userId='?' (DbType = Int32)], CommandType='"Text"', CommandTimeout='30']
SELECT [r].[Id], CONVERT(varchar(11), [r].[Id]), [r].[StartTime], [r].[Status], [r].[TotalPrice], [p].[Name]
FROM [Reservations] AS [r]
INNER JOIN [Properties] AS [p] ON [r].[PropertyId] = [p].[Id]
WHERE [r].[UserId] = @userId
ORDER BY [r].[StartTime] DESC
2026-05-25 23:36:47.615 +03:00 [INF] Executing OkObjectResult, writing value of type 'System.Collections.Generic.List`1[[<>f__AnonymousType3`7[[System.Int32, System.Private.CoreLib, Version=10.0.0.0, Culture=neutral, PublicKeyToken=7cec85d7bea7798e],[System.String, System.Private.CoreLib, Version=10.0.0.0, Culture=neutral, PublicKeyToken=7cec85d7bea7798e],[System.String, System.Private.CoreLib, Version=10.0.0.0, Culture=neutral, PublicKeyToken=7cec85d7bea7798e],[System.String, System.Private.CoreLib, Version=10.0.0.0, Culture=neutral, PublicKeyToken=7cec85d7bea7798e],[System.String, System.Private.CoreLib, Version=10.0.0.0, Culture=neutral, PublicKeyToken=7cec85d7bea7798e],[System.Decimal, System.Private.CoreLib, Version=10.0.0.0, Culture=neutral, PublicKeyToken=7cec85d7bea7798e],[System.String, System.Private.CoreLib, Version=10.0.0.0, Culture=neutral, PublicKeyToken=7cec85d7bea7798e]], SmartParkingF.API, Version=1.0.0.0, Culture=neutral, PublicKeyToken=null]]'.
2026-05-25 23:36:47.617 +03:00 [INF] Executed action SmartParkingF.API.Controllers.PaymentsController.GetUserPaymentHistory (SmartParkingF.API) in 19.2551ms
2026-05-25 23:36:47.619 +03:00 [INF] Executed endpoint 'SmartParkingF.API.Controllers.PaymentsController.GetUserPaymentHistory (SmartParkingF.API)'
2026-05-25 23:36:47.621 +03:00 [INF] HTTP GET /api/Payments/user-history/3 responded 200 in 27.8119 ms
2026-05-25 23:36:47.623 +03:00 [INF] Request finished HTTP/2 GET https://localhost:7144/api/Payments/user-history/3 - 200 null application/json; charset=utf-8 35.3786ms
2026-05-25 23:36:50.436 +03:00 [INF] Request starting HTTP/2 GET https://localhost:7144/api/Properties - null null
2026-05-25 23:36:50.439 +03:00 [INF] Request starting HTTP/2 GET https://localhost:7144/api/Properties - null null
2026-05-25 23:36:50.443 +03:00 [INF] CORS policy execution successful.
2026-05-25 23:36:50.446 +03:00 [INF] CORS policy execution successful.
2026-05-25 23:36:50.447 +03:00 [INF] Executing endpoint 'SmartParkingF.API.Controllers.PropertiesController.GetProperties (SmartParkingF.API)'
2026-05-25 23:36:50.447 +03:00 [INF] Executing endpoint 'SmartParkingF.API.Controllers.PropertiesController.GetProperties (SmartParkingF.API)'
2026-05-25 23:36:50.449 +03:00 [INF] Route matched with {action = "GetProperties", controller = "Properties"}. Executing controller action with signature System.Threading.Tasks.Task`1[Microsoft.AspNetCore.Mvc.IActionResult] GetProperties() on controller SmartParkingF.API.Controllers.PropertiesController (SmartParkingF.API).
2026-05-25 23:36:50.450 +03:00 [INF] Route matched with {action = "GetProperties", controller = "Properties"}. Executing controller action with signature System.Threading.Tasks.Task`1[Microsoft.AspNetCore.Mvc.IActionResult] GetProperties() on controller SmartParkingF.API.Controllers.PropertiesController (SmartParkingF.API).
2026-05-25 23:36:50.453 +03:00 [INF] Executed DbCommand (1ms) [Parameters=[], CommandType='"Text"', CommandTimeout='30']
SELECT [p].[Id], [p].[Bathrooms], [p].[Bedrooms], [p].[CreatedAt], [p].[Description], [p].[HasSmartParking], [p].[ImageUrl], [p].[Location], [p].[Name], [p].[Price], [p].[PricePerHour], [p].[PricePerNight], [p].[Rating], [p].[Title], [p].[TotalSpots]
FROM [Properties] AS [p]
2026-05-25 23:36:50.454 +03:00 [INF] Executed DbCommand (0ms) [Parameters=[], CommandType='"Text"', CommandTimeout='30']
SELECT [p].[Id], [p].[Bathrooms], [p].[Bedrooms], [p].[CreatedAt], [p].[Description], [p].[HasSmartParking], [p].[ImageUrl], [p].[Location], [p].[Name], [p].[Price], [p].[PricePerHour], [p].[PricePerNight], [p].[Rating], [p].[Title], [p].[TotalSpots]
FROM [Properties] AS [p]
2026-05-25 23:36:50.456 +03:00 [INF] Executing OkObjectResult, writing value of type 'System.Collections.Generic.List`1[[SmartParkingF.API.Models.Property, SmartParkingF.API, Version=1.0.0.0, Culture=neutral, PublicKeyToken=null]]'.
2026-05-25 23:36:50.457 +03:00 [INF] Executing OkObjectResult, writing value of type 'System.Collections.Generic.List`1[[SmartParkingF.API.Models.Property, SmartParkingF.API, Version=1.0.0.0, Culture=neutral, PublicKeyToken=null]]'.
2026-05-25 23:36:50.459 +03:00 [INF] Executed action SmartParkingF.API.Controllers.PropertiesController.GetProperties (SmartParkingF.API) in 8.0705ms
2026-05-25 23:36:50.460 +03:00 [INF] Executed action SmartParkingF.API.Controllers.PropertiesController.GetProperties (SmartParkingF.API) in 7.2806ms
2026-05-25 23:36:50.461 +03:00 [INF] Executed endpoint 'SmartParkingF.API.Controllers.PropertiesController.GetProperties (SmartParkingF.API)'
2026-05-25 23:36:50.462 +03:00 [INF] Executed endpoint 'SmartParkingF.API.Controllers.PropertiesController.GetProperties (SmartParkingF.API)'
2026-05-25 23:36:50.463 +03:00 [INF] HTTP GET /api/Properties responded 200 in 20.0471 ms
2026-05-25 23:36:50.464 +03:00 [INF] HTTP GET /api/Properties responded 200 in 18.9175 ms
2026-05-25 23:36:50.466 +03:00 [INF] Request finished HTTP/2 GET https://localhost:7144/api/Properties - 499 null application/json; charset=utf-8 30.118ms
2026-05-25 23:36:50.468 +03:00 [INF] Request finished HTTP/2 GET https://localhost:7144/api/Properties - 200 null application/json; charset=utf-8 29.011ms
2026-05-25 23:36:57.136 +03:00 [INF] Request starting HTTP/2 GET https://localhost:7144/api/dashboard/stats - null null
2026-05-25 23:36:57.140 +03:00 [INF] CORS policy execution successful.
2026-05-25 23:36:57.141 +03:00 [INF] Executing endpoint 'SmartParkingF.API.Controllers.DashboardController.GetStats (SmartParkingF.API)'
2026-05-25 23:36:57.143 +03:00 [INF] Route matched with {action = "GetStats", controller = "Dashboard"}. Executing controller action with signature System.Threading.Tasks.Task`1[Microsoft.AspNetCore.Mvc.IActionResult] GetStats() on controller SmartParkingF.API.Controllers.DashboardController (SmartParkingF.API).
2026-05-25 23:36:57.149 +03:00 [INF] Executed DbCommand (3ms) [Parameters=[], CommandType='"Text"', CommandTimeout='30']
SELECT COALESCE(SUM([r].[TotalPrice]), 0.0)
FROM [Reservations] AS [r]
WHERE [r].[Status] = N'Confirmed'
2026-05-25 23:36:57.153 +03:00 [INF] Executed DbCommand (2ms) [Parameters=[], CommandType='"Text"', CommandTimeout='30']
SELECT COUNT(*)
FROM [Reservations] AS [r]
WHERE [r].[Status] = N'Confirmed'
2026-05-25 23:36:57.158 +03:00 [INF] Executed DbCommand (2ms) [Parameters=[], CommandType='"Text"', CommandTimeout='30']
SELECT COUNT(*)
FROM [ParkingSpots] AS [p]
2026-05-25 23:36:57.164 +03:00 [INF] Executed DbCommand (4ms) [Parameters=[], CommandType='"Text"', CommandTimeout='30']
SELECT COUNT(*)
FROM [ParkingSpots] AS [p]
WHERE [p].[Status] = N'Busy'
2026-05-25 23:36:57.169 +03:00 [INF] Executed DbCommand (2ms) [Parameters=[], CommandType='"Text"', CommandTimeout='30']
SELECT COUNT(*)
FROM [Users] AS [u]
2026-05-25 23:36:57.172 +03:00 [INF] Executing OkObjectResult, writing value of type '<>f__AnonymousType0`6[[System.Decimal, System.Private.CoreLib, Version=10.0.0.0, Culture=neutral, PublicKeyToken=7cec85d7bea7798e],[System.Int32, System.Private.CoreLib, Version=10.0.0.0, Culture=neutral, PublicKeyToken=7cec85d7bea7798e],[System.Int32, System.Private.CoreLib, Version=10.0.0.0, Culture=neutral, PublicKeyToken=7cec85d7bea7798e],[System.Int32, System.Private.CoreLib, Version=10.0.0.0, Culture=neutral, PublicKeyToken=7cec85d7bea7798e],[System.Int32, System.Private.CoreLib, Version=10.0.0.0, Culture=neutral, PublicKeyToken=7cec85d7bea7798e],[System.Int32, System.Private.CoreLib, Version=10.0.0.0, Culture=neutral, PublicKeyToken=7cec85d7bea7798e]]'.
2026-05-25 23:36:57.173 +03:00 [INF] Executed action SmartParkingF.API.Controllers.DashboardController.GetStats (SmartParkingF.API) in 28.6326ms
2026-05-25 23:36:57.175 +03:00 [INF] Executed endpoint 'SmartParkingF.API.Controllers.DashboardController.GetStats (SmartParkingF.API)'
2026-05-25 23:36:57.175 +03:00 [INF] Request starting HTTP/2 GET https://localhost:7144/api/dashboard/stats - null null
2026-05-25 23:36:57.176 +03:00 [INF] HTTP GET /api/dashboard/stats responded 200 in 36.1751 ms
2026-05-25 23:36:57.178 +03:00 [INF] CORS policy execution successful.
2026-05-25 23:36:57.181 +03:00 [INF] Request finished HTTP/2 GET https://localhost:7144/api/dashboard/stats - 200 null application/json; charset=utf-8 44.2783ms
2026-05-25 23:36:57.181 +03:00 [INF] Executing endpoint 'SmartParkingF.API.Controllers.DashboardController.GetStats (SmartParkingF.API)'
2026-05-25 23:36:57.184 +03:00 [INF] Route matched with {action = "GetStats", controller = "Dashboard"}. Executing controller action with signature System.Threading.Tasks.Task`1[Microsoft.AspNetCore.Mvc.IActionResult] GetStats() on controller SmartParkingF.API.Controllers.DashboardController (SmartParkingF.API).
2026-05-25 23:36:57.187 +03:00 [INF] Executed DbCommand (0ms) [Parameters=[], CommandType='"Text"', CommandTimeout='30']
SELECT COALESCE(SUM([r].[TotalPrice]), 0.0)
FROM [Reservations] AS [r]
WHERE [r].[Status] = N'Confirmed'
2026-05-25 23:36:57.190 +03:00 [INF] Executed DbCommand (0ms) [Parameters=[], CommandType='"Text"', CommandTimeout='30']
SELECT COUNT(*)
FROM [Reservations] AS [r]
WHERE [r].[Status] = N'Confirmed'
2026-05-25 23:36:57.192 +03:00 [INF] Executed DbCommand (0ms) [Parameters=[], CommandType='"Text"', CommandTimeout='30']
SELECT COUNT(*)
FROM [ParkingSpots] AS [p]
2026-05-25 23:36:57.195 +03:00 [INF] Executed DbCommand (1ms) [Parameters=[], CommandType='"Text"', CommandTimeout='30']
SELECT COUNT(*)
FROM [ParkingSpots] AS [p]
WHERE [p].[Status] = N'Busy'
2026-05-25 23:36:57.198 +03:00 [INF] Executed DbCommand (1ms) [Parameters=[], CommandType='"Text"', CommandTimeout='30']
SELECT COUNT(*)
FROM [Users] AS [u]
2026-05-25 23:36:57.201 +03:00 [INF] Executing OkObjectResult, writing value of type '<>f__AnonymousType0`6[[System.Decimal, System.Private.CoreLib, Version=10.0.0.0, Culture=neutral, PublicKeyToken=7cec85d7bea7798e],[System.Int32, System.Private.CoreLib, Version=10.0.0.0, Culture=neutral, PublicKeyToken=7cec85d7bea7798e],[System.Int32, System.Private.CoreLib, Version=10.0.0.0, Culture=neutral, PublicKeyToken=7cec85d7bea7798e],[System.Int32, System.Private.CoreLib, Version=10.0.0.0, Culture=neutral, PublicKeyToken=7cec85d7bea7798e],[System.Int32, System.Private.CoreLib, Version=10.0.0.0, Culture=neutral, PublicKeyToken=7cec85d7bea7798e],[System.Int32, System.Private.CoreLib, Version=10.0.0.0, Culture=neutral, PublicKeyToken=7cec85d7bea7798e]]'.
2026-05-25 23:36:57.202 +03:00 [INF] Executed action SmartParkingF.API.Controllers.DashboardController.GetStats (SmartParkingF.API) in 16.1006ms
2026-05-25 23:36:57.203 +03:00 [INF] Executed endpoint 'SmartParkingF.API.Controllers.DashboardController.GetStats (SmartParkingF.API)'
2026-05-25 23:36:57.204 +03:00 [INF] HTTP GET /api/dashboard/stats responded 200 in 26.2284 ms
2026-05-25 23:36:57.206 +03:00 [INF] Request finished HTTP/2 GET https://localhost:7144/api/dashboard/stats - 200 null application/json; charset=utf-8 31.0826ms
2026-05-25 23:37:00.626 +03:00 [INF] Request starting HTTP/2 GET https://localhost:7144/api/dashboard/stats - null null
2026-05-25 23:37:00.629 +03:00 [INF] CORS policy execution successful.
2026-05-25 23:37:00.631 +03:00 [INF] Executing endpoint 'SmartParkingF.API.Controllers.DashboardController.GetStats (SmartParkingF.API)'
2026-05-25 23:37:00.632 +03:00 [INF] Route matched with {action = "GetStats", controller = "Dashboard"}. Executing controller action with signature System.Threading.Tasks.Task`1[Microsoft.AspNetCore.Mvc.IActionResult] GetStats() on controller SmartParkingF.API.Controllers.DashboardController (SmartParkingF.API).
2026-05-25 23:37:00.636 +03:00 [INF] Executed DbCommand (1ms) [Parameters=[], CommandType='"Text"', CommandTimeout='30']
SELECT COALESCE(SUM([r].[TotalPrice]), 0.0)
FROM [Reservations] AS [r]
WHERE [r].[Status] = N'Confirmed'
2026-05-25 23:37:00.639 +03:00 [INF] Executed DbCommand (1ms) [Parameters=[], CommandType='"Text"', CommandTimeout='30']
SELECT COUNT(*)
FROM [Reservations] AS [r]
WHERE [r].[Status] = N'Confirmed'
2026-05-25 23:37:00.641 +03:00 [INF] Executed DbCommand (1ms) [Parameters=[], CommandType='"Text"', CommandTimeout='30']
SELECT COUNT(*)
FROM [ParkingSpots] AS [p]
2026-05-25 23:37:00.644 +03:00 [INF] Executed DbCommand (1ms) [Parameters=[], CommandType='"Text"', CommandTimeout='30']
SELECT COUNT(*)
FROM [ParkingSpots] AS [p]
WHERE [p].[Status] = N'Busy'
2026-05-25 23:37:00.647 +03:00 [INF] Executed DbCommand (1ms) [Parameters=[], CommandType='"Text"', CommandTimeout='30']
SELECT COUNT(*)
FROM [Users] AS [u]
2026-05-25 23:37:00.649 +03:00 [INF] Executing OkObjectResult, writing value of type '<>f__AnonymousType0`6[[System.Decimal, System.Private.CoreLib, Version=10.0.0.0, Culture=neutral, PublicKeyToken=7cec85d7bea7798e],[System.Int32, System.Private.CoreLib, Version=10.0.0.0, Culture=neutral, PublicKeyToken=7cec85d7bea7798e],[System.Int32, System.Private.CoreLib, Version=10.0.0.0, Culture=neutral, PublicKeyToken=7cec85d7bea7798e],[System.Int32, System.Private.CoreLib, Version=10.0.0.0, Culture=neutral, PublicKeyToken=7cec85d7bea7798e],[System.Int32, System.Private.CoreLib, Version=10.0.0.0, Culture=neutral, PublicKeyToken=7cec85d7bea7798e],[System.Int32, System.Private.CoreLib, Version=10.0.0.0, Culture=neutral, PublicKeyToken=7cec85d7bea7798e]]'.
2026-05-25 23:37:00.651 +03:00 [INF] Executed action SmartParkingF.API.Controllers.DashboardController.GetStats (SmartParkingF.API) in 17.2159ms
2026-05-25 23:37:00.652 +03:00 [INF] Executed endpoint 'SmartParkingF.API.Controllers.DashboardController.GetStats (SmartParkingF.API)'
2026-05-25 23:37:00.652 +03:00 [INF] Request starting HTTP/2 GET https://localhost:7144/api/dashboard/stats - null null
2026-05-25 23:37:00.653 +03:00 [INF] HTTP GET /api/dashboard/stats responded 200 in 23.9123 ms
2026-05-25 23:37:00.655 +03:00 [INF] CORS policy execution successful.
2026-05-25 23:37:00.657 +03:00 [INF] Request finished HTTP/2 GET https://localhost:7144/api/dashboard/stats - 200 null application/json; charset=utf-8 30.5071ms
2026-05-25 23:37:00.657 +03:00 [INF] Executing endpoint 'SmartParkingF.API.Controllers.DashboardController.GetStats (SmartParkingF.API)'
2026-05-25 23:37:00.661 +03:00 [INF] Route matched with {action = "GetStats", controller = "Dashboard"}. Executing controller action with signature System.Threading.Tasks.Task`1[Microsoft.AspNetCore.Mvc.IActionResult] GetStats() on controller SmartParkingF.API.Controllers.DashboardController (SmartParkingF.API).
2026-05-25 23:37:00.664 +03:00 [INF] Executed DbCommand (1ms) [Parameters=[], CommandType='"Text"', CommandTimeout='30']
SELECT COALESCE(SUM([r].[TotalPrice]), 0.0)
FROM [Reservations] AS [r]
WHERE [r].[Status] = N'Confirmed'
2026-05-25 23:37:00.667 +03:00 [INF] Executed DbCommand (0ms) [Parameters=[], CommandType='"Text"', CommandTimeout='30']
SELECT COUNT(*)
FROM [Reservations] AS [r]
WHERE [r].[Status] = N'Confirmed'
2026-05-25 23:37:00.670 +03:00 [INF] Executed DbCommand (0ms) [Parameters=[], CommandType='"Text"', CommandTimeout='30']
SELECT COUNT(*)
FROM [ParkingSpots] AS [p]
2026-05-25 23:37:00.672 +03:00 [INF] Executed DbCommand (1ms) [Parameters=[], CommandType='"Text"', CommandTimeout='30']
SELECT COUNT(*)
FROM [ParkingSpots] AS [p]
WHERE [p].[Status] = N'Busy'
2026-05-25 23:37:00.675 +03:00 [INF] Executed DbCommand (0ms) [Parameters=[], CommandType='"Text"', CommandTimeout='30']
SELECT COUNT(*)
FROM [Users] AS [u]
2026-05-25 23:37:00.677 +03:00 [INF] Executing OkObjectResult, writing value of type '<>f__AnonymousType0`6[[System.Decimal, System.Private.CoreLib, Version=10.0.0.0, Culture=neutral, PublicKeyToken=7cec85d7bea7798e],[System.Int32, System.Private.CoreLib, Version=10.0.0.0, Culture=neutral, PublicKeyToken=7cec85d7bea7798e],[System.Int32, System.Private.CoreLib, Version=10.0.0.0, Culture=neutral, PublicKeyToken=7cec85d7bea7798e],[System.Int32, System.Private.CoreLib, Version=10.0.0.0, Culture=neutral, PublicKeyToken=7cec85d7bea7798e],[System.Int32, System.Private.CoreLib, Version=10.0.0.0, Culture=neutral, PublicKeyToken=7cec85d7bea7798e],[System.Int32, System.Private.CoreLib, Version=10.0.0.0, Culture=neutral, PublicKeyToken=7cec85d7bea7798e]]'.
2026-05-25 23:37:00.678 +03:00 [INF] Executed action SmartParkingF.API.Controllers.DashboardController.GetStats (SmartParkingF.API) in 15.4667ms
2026-05-25 23:37:00.680 +03:00 [INF] Executed endpoint 'SmartParkingF.API.Controllers.DashboardController.GetStats (SmartParkingF.API)'
2026-05-25 23:37:00.681 +03:00 [INF] HTTP GET /api/dashboard/stats responded 200 in 26.2808 ms
2026-05-25 23:37:00.683 +03:00 [INF] Request finished HTTP/2 GET https://localhost:7144/api/dashboard/stats - 200 null application/json; charset=utf-8 30.7659ms
2026-05-25 23:37:02.114 +03:00 [INF] Request starting HTTP/2 GET https://localhost:7144/api/dashboard/stats - null null
2026-05-25 23:37:02.117 +03:00 [INF] CORS policy execution successful.
2026-05-25 23:37:02.118 +03:00 [INF] Executing endpoint 'SmartParkingF.API.Controllers.DashboardController.GetStats (SmartParkingF.API)'
2026-05-25 23:37:02.120 +03:00 [INF] Route matched with {action = "GetStats", controller = "Dashboard"}. Executing controller action with signature System.Threading.Tasks.Task`1[Microsoft.AspNetCore.Mvc.IActionResult] GetStats() on controller SmartParkingF.API.Controllers.DashboardController (SmartParkingF.API).
2026-05-25 23:37:02.123 +03:00 [INF] Executed DbCommand (1ms) [Parameters=[], CommandType='"Text"', CommandTimeout='30']
SELECT COALESCE(SUM([r].[TotalPrice]), 0.0)
FROM [Reservations] AS [r]
WHERE [r].[Status] = N'Confirmed'
2026-05-25 23:37:02.127 +03:00 [INF] Executed DbCommand (1ms) [Parameters=[], CommandType='"Text"', CommandTimeout='30']
SELECT COUNT(*)
FROM [Reservations] AS [r]
WHERE [r].[Status] = N'Confirmed'
2026-05-25 23:37:02.130 +03:00 [INF] Executed DbCommand (1ms) [Parameters=[], CommandType='"Text"', CommandTimeout='30']
SELECT COUNT(*)
FROM [ParkingSpots] AS [p]
2026-05-25 23:37:02.133 +03:00 [INF] Executed DbCommand (1ms) [Parameters=[], CommandType='"Text"', CommandTimeout='30']
SELECT COUNT(*)
FROM [ParkingSpots] AS [p]
WHERE [p].[Status] = N'Busy'
2026-05-25 23:37:02.136 +03:00 [INF] Executed DbCommand (1ms) [Parameters=[], CommandType='"Text"', CommandTimeout='30']
SELECT COUNT(*)
FROM [Users] AS [u]
2026-05-25 23:37:02.138 +03:00 [INF] Executing OkObjectResult, writing value of type '<>f__AnonymousType0`6[[System.Decimal, System.Private.CoreLib, Version=10.0.0.0, Culture=neutral, PublicKeyToken=7cec85d7bea7798e],[System.Int32, System.Private.CoreLib, Version=10.0.0.0, Culture=neutral, PublicKeyToken=7cec85d7bea7798e],[System.Int32, System.Private.CoreLib, Version=10.0.0.0, Culture=neutral, PublicKeyToken=7cec85d7bea7798e],[System.Int32, System.Private.CoreLib, Version=10.0.0.0, Culture=neutral, PublicKeyToken=7cec85d7bea7798e],[System.Int32, System.Private.CoreLib, Version=10.0.0.0, Culture=neutral, PublicKeyToken=7cec85d7bea7798e],[System.Int32, System.Private.CoreLib, Version=10.0.0.0, Culture=neutral, PublicKeyToken=7cec85d7bea7798e]]'.
2026-05-25 23:37:02.140 +03:00 [INF] Executed action SmartParkingF.API.Controllers.DashboardController.GetStats (SmartParkingF.API) in 18.4712ms
2026-05-25 23:37:02.142 +03:00 [INF] Request starting HTTP/2 GET https://localhost:7144/api/dashboard/stats - null null
2026-05-25 23:37:02.143 +03:00 [INF] Executed endpoint 'SmartParkingF.API.Controllers.DashboardController.GetStats (SmartParkingF.API)'
2026-05-25 23:37:02.145 +03:00 [INF] CORS policy execution successful.
2026-05-25 23:37:02.146 +03:00 [INF] HTTP GET /api/dashboard/stats responded 200 in 28.5190 ms
2026-05-25 23:37:02.147 +03:00 [INF] Executing endpoint 'SmartParkingF.API.Controllers.DashboardController.GetStats (SmartParkingF.API)'
2026-05-25 23:37:02.149 +03:00 [INF] Request finished HTTP/2 GET https://localhost:7144/api/dashboard/stats - 200 null application/json; charset=utf-8 34.9752ms
2026-05-25 23:37:02.150 +03:00 [INF] Route matched with {action = "GetStats", controller = "Dashboard"}. Executing controller action with signature System.Threading.Tasks.Task`1[Microsoft.AspNetCore.Mvc.IActionResult] GetStats() on controller SmartParkingF.API.Controllers.DashboardController (SmartParkingF.API).
2026-05-25 23:37:02.156 +03:00 [INF] Executed DbCommand (1ms) [Parameters=[], CommandType='"Text"', CommandTimeout='30']
SELECT COALESCE(SUM([r].[TotalPrice]), 0.0)
FROM [Reservations] AS [r]
WHERE [r].[Status] = N'Confirmed'
2026-05-25 23:37:02.159 +03:00 [INF] Executed DbCommand (1ms) [Parameters=[], CommandType='"Text"', CommandTimeout='30']
SELECT COUNT(*)
FROM [Reservations] AS [r]
WHERE [r].[Status] = N'Confirmed'
2026-05-25 23:37:02.162 +03:00 [INF] Executed DbCommand (1ms) [Parameters=[], CommandType='"Text"', CommandTimeout='30']
SELECT COUNT(*)
FROM [ParkingSpots] AS [p]
2026-05-25 23:37:02.165 +03:00 [INF] Executed DbCommand (1ms) [Parameters=[], CommandType='"Text"', CommandTimeout='30']
SELECT COUNT(*)
FROM [ParkingSpots] AS [p]
WHERE [p].[Status] = N'Busy'
2026-05-25 23:37:02.168 +03:00 [INF] Executed DbCommand (1ms) [Parameters=[], CommandType='"Text"', CommandTimeout='30']
SELECT COUNT(*)
FROM [Users] AS [u]
2026-05-25 23:37:02.170 +03:00 [INF] Executing OkObjectResult, writing value of type '<>f__AnonymousType0`6[[System.Decimal, System.Private.CoreLib, Version=10.0.0.0, Culture=neutral, PublicKeyToken=7cec85d7bea7798e],[System.Int32, System.Private.CoreLib, Version=10.0.0.0, Culture=neutral, PublicKeyToken=7cec85d7bea7798e],[System.Int32, System.Private.CoreLib, Version=10.0.0.0, Culture=neutral, PublicKeyToken=7cec85d7bea7798e],[System.Int32, System.Private.CoreLib, Version=10.0.0.0, Culture=neutral, PublicKeyToken=7cec85d7bea7798e],[System.Int32, System.Private.CoreLib, Version=10.0.0.0, Culture=neutral, PublicKeyToken=7cec85d7bea7798e],[System.Int32, System.Private.CoreLib, Version=10.0.0.0, Culture=neutral, PublicKeyToken=7cec85d7bea7798e]]'.
2026-05-25 23:37:02.172 +03:00 [INF] Executed action SmartParkingF.API.Controllers.DashboardController.GetStats (SmartParkingF.API) in 17.6644ms
2026-05-25 23:37:02.174 +03:00 [INF] Executed endpoint 'SmartParkingF.API.Controllers.DashboardController.GetStats (SmartParkingF.API)'
2026-05-25 23:37:02.175 +03:00 [INF] HTTP GET /api/dashboard/stats responded 200 in 30.0151 ms
2026-05-25 23:37:02.177 +03:00 [INF] Request finished HTTP/2 GET https://localhost:7144/api/dashboard/stats - 200 null application/json; charset=utf-8 35.1296ms
2026-05-25 23:37:02.825 +03:00 [INF] Request starting HTTP/2 GET https://localhost:7144/api/dashboard/stats - null null
2026-05-25 23:37:02.829 +03:00 [INF] CORS policy execution successful.
2026-05-25 23:37:02.830 +03:00 [INF] Executing endpoint 'SmartParkingF.API.Controllers.DashboardController.GetStats (SmartParkingF.API)'
2026-05-25 23:37:02.832 +03:00 [INF] Route matched with {action = "GetStats", controller = "Dashboard"}. Executing controller action with signature System.Threading.Tasks.Task`1[Microsoft.AspNetCore.Mvc.IActionResult] GetStats() on controller SmartParkingF.API.Controllers.DashboardController (SmartParkingF.API).
2026-05-25 23:37:02.836 +03:00 [INF] Executed DbCommand (1ms) [Parameters=[], CommandType='"Text"', CommandTimeout='30']
SELECT COALESCE(SUM([r].[TotalPrice]), 0.0)
FROM [Reservations] AS [r]
WHERE [r].[Status] = N'Confirmed'
2026-05-25 23:37:02.839 +03:00 [INF] Executed DbCommand (1ms) [Parameters=[], CommandType='"Text"', CommandTimeout='30']
SELECT COUNT(*)
FROM [Reservations] AS [r]
WHERE [r].[Status] = N'Confirmed'
2026-05-25 23:37:02.842 +03:00 [INF] Executed DbCommand (1ms) [Parameters=[], CommandType='"Text"', CommandTimeout='30']
SELECT COUNT(*)
FROM [ParkingSpots] AS [p]
2026-05-25 23:37:02.846 +03:00 [INF] Executed DbCommand (1ms) [Parameters=[], CommandType='"Text"', CommandTimeout='30']
SELECT COUNT(*)
FROM [ParkingSpots] AS [p]
WHERE [p].[Status] = N'Busy'
2026-05-25 23:37:02.849 +03:00 [INF] Executed DbCommand (1ms) [Parameters=[], CommandType='"Text"', CommandTimeout='30']
SELECT COUNT(*)
FROM [Users] AS [u]
2026-05-25 23:37:02.851 +03:00 [INF] Executing OkObjectResult, writing value of type '<>f__AnonymousType0`6[[System.Decimal, System.Private.CoreLib, Version=10.0.0.0, Culture=neutral, PublicKeyToken=7cec85d7bea7798e],[System.Int32, System.Private.CoreLib, Version=10.0.0.0, Culture=neutral, PublicKeyToken=7cec85d7bea7798e],[System.Int32, System.Private.CoreLib, Version=10.0.0.0, Culture=neutral, PublicKeyToken=7cec85d7bea7798e],[System.Int32, System.Private.CoreLib, Version=10.0.0.0, Culture=neutral, PublicKeyToken=7cec85d7bea7798e],[System.Int32, System.Private.CoreLib, Version=10.0.0.0, Culture=neutral, PublicKeyToken=7cec85d7bea7798e],[System.Int32, System.Private.CoreLib, Version=10.0.0.0, Culture=neutral, PublicKeyToken=7cec85d7bea7798e]]'.
2026-05-25 23:37:02.853 +03:00 [INF] Executed action SmartParkingF.API.Controllers.DashboardController.GetStats (SmartParkingF.API) in 18.8593ms
2026-05-25 23:37:02.854 +03:00 [INF] Request starting HTTP/2 GET https://localhost:7144/api/dashboard/stats - null null
2026-05-25 23:37:02.854 +03:00 [INF] Executed endpoint 'SmartParkingF.API.Controllers.DashboardController.GetStats (SmartParkingF.API)'
2026-05-25 23:37:02.856 +03:00 [INF] CORS policy execution successful.
2026-05-25 23:37:02.857 +03:00 [INF] HTTP GET /api/dashboard/stats responded 200 in 28.0788 ms
2026-05-25 23:37:02.858 +03:00 [INF] Executing endpoint 'SmartParkingF.API.Controllers.DashboardController.GetStats (SmartParkingF.API)'
2026-05-25 23:37:02.859 +03:00 [INF] Request finished HTTP/2 GET https://localhost:7144/api/dashboard/stats - 200 null application/json; charset=utf-8 33.9116ms
2026-05-25 23:37:02.860 +03:00 [INF] Route matched with {action = "GetStats", controller = "Dashboard"}. Executing controller action with signature System.Threading.Tasks.Task`1[Microsoft.AspNetCore.Mvc.IActionResult] GetStats() on controller SmartParkingF.API.Controllers.DashboardController (SmartParkingF.API).
2026-05-25 23:37:02.866 +03:00 [INF] Executed DbCommand (1ms) [Parameters=[], CommandType='"Text"', CommandTimeout='30']
SELECT COALESCE(SUM([r].[TotalPrice]), 0.0)
FROM [Reservations] AS [r]
WHERE [r].[Status] = N'Confirmed'
2026-05-25 23:37:02.869 +03:00 [INF] Executed DbCommand (1ms) [Parameters=[], CommandType='"Text"', CommandTimeout='30']
SELECT COUNT(*)
FROM [Reservations] AS [r]
WHERE [r].[Status] = N'Confirmed'
2026-05-25 23:37:02.871 +03:00 [INF] Executed DbCommand (0ms) [Parameters=[], CommandType='"Text"', CommandTimeout='30']
SELECT COUNT(*)
FROM [ParkingSpots] AS [p]
2026-05-25 23:37:02.874 +03:00 [INF] Executed DbCommand (1ms) [Parameters=[], CommandType='"Text"', CommandTimeout='30']
SELECT COUNT(*)
FROM [ParkingSpots] AS [p]
WHERE [p].[Status] = N'Busy'
2026-05-25 23:37:02.877 +03:00 [INF] Executed DbCommand (0ms) [Parameters=[], CommandType='"Text"', CommandTimeout='30']
SELECT COUNT(*)
FROM [Users] AS [u]
2026-05-25 23:37:02.879 +03:00 [INF] Executing OkObjectResult, writing value of type '<>f__AnonymousType0`6[[System.Decimal, System.Private.CoreLib, Version=10.0.0.0, Culture=neutral, PublicKeyToken=7cec85d7bea7798e],[System.Int32, System.Private.CoreLib, Version=10.0.0.0, Culture=neutral, PublicKeyToken=7cec85d7bea7798e],[System.Int32, System.Private.CoreLib, Version=10.0.0.0, Culture=neutral, PublicKeyToken=7cec85d7bea7798e],[System.Int32, System.Private.CoreLib, Version=10.0.0.0, Culture=neutral, PublicKeyToken=7cec85d7bea7798e],[System.Int32, System.Private.CoreLib, Version=10.0.0.0, Culture=neutral, PublicKeyToken=7cec85d7bea7798e],[System.Int32, System.Private.CoreLib, Version=10.0.0.0, Culture=neutral, PublicKeyToken=7cec85d7bea7798e]]'.
2026-05-25 23:37:02.881 +03:00 [INF] Executed action SmartParkingF.API.Controllers.DashboardController.GetStats (SmartParkingF.API) in 16.7944ms
2026-05-25 23:37:02.883 +03:00 [INF] Executed endpoint 'SmartParkingF.API.Controllers.DashboardController.GetStats (SmartParkingF.API)'
2026-05-25 23:37:02.884 +03:00 [INF] HTTP GET /api/dashboard/stats responded 200 in 28.1542 ms
2026-05-25 23:37:02.886 +03:00 [INF] Request finished HTTP/2 GET https://localhost:7144/api/dashboard/stats - 200 null application/json; charset=utf-8 32.0259ms
2026-05-25 23:37:03.747 +03:00 [INF] Request starting HTTP/2 GET https://localhost:7144/api/ParkingSpots - null null
2026-05-25 23:37:03.751 +03:00 [INF] CORS policy execution successful.
2026-05-25 23:37:03.753 +03:00 [INF] Executing endpoint 'SmartParkingF.API.Controllers.ParkingSpotsController.GetAll (SmartParkingF.API)'
2026-05-25 23:37:03.754 +03:00 [INF] Route matched with {action = "GetAll", controller = "ParkingSpots"}. Executing controller action with signature System.Threading.Tasks.Task`1[Microsoft.AspNetCore.Mvc.ActionResult`1[System.Collections.Generic.IEnumerable`1[SmartParkingF.API.Models.ParkingSpot]]] GetAll() on controller SmartParkingF.API.Controllers.ParkingSpotsController (SmartParkingF.API).
2026-05-25 23:37:03.759 +03:00 [INF] Executed DbCommand (2ms) [Parameters=[], CommandType='"Text"', CommandTimeout='30']
SELECT [p].[Id], [p].[Location], [p].[PricePerHour], [p].[PricePerNight], [p].[PropertyId], [p].[SpotNumber], [p].[Status], [p].[Zone]
FROM [ParkingSpots] AS [p]
2026-05-25 23:37:03.763 +03:00 [INF] Executing ObjectResult, writing value of type 'System.Collections.Generic.List`1[[SmartParkingF.API.Models.ParkingSpot, SmartParkingF.API, Version=1.0.0.0, Culture=neutral, PublicKeyToken=null]]'.
2026-05-25 23:37:03.765 +03:00 [INF] Executed action SmartParkingF.API.Controllers.ParkingSpotsController.GetAll (SmartParkingF.API) in 8.8518ms
2026-05-25 23:37:03.767 +03:00 [INF] Executed endpoint 'SmartParkingF.API.Controllers.ParkingSpotsController.GetAll (SmartParkingF.API)'
2026-05-25 23:37:03.767 +03:00 [INF] Request starting HTTP/2 GET https://localhost:7144/api/ParkingSpots - null null
2026-05-25 23:37:03.768 +03:00 [INF] HTTP GET /api/ParkingSpots responded 200 in 16.5750 ms
2026-05-25 23:37:03.770 +03:00 [INF] CORS policy execution successful.
2026-05-25 23:37:03.772 +03:00 [INF] Request finished HTTP/2 GET https://localhost:7144/api/ParkingSpots - 200 null application/json; charset=utf-8 25.208ms
2026-05-25 23:37:03.773 +03:00 [INF] Executing endpoint 'SmartParkingF.API.Controllers.ParkingSpotsController.GetAll (SmartParkingF.API)'
2026-05-25 23:37:03.777 +03:00 [INF] Route matched with {action = "GetAll", controller = "ParkingSpots"}. Executing controller action with signature System.Threading.Tasks.Task`1[Microsoft.AspNetCore.Mvc.ActionResult`1[System.Collections.Generic.IEnumerable`1[SmartParkingF.API.Models.ParkingSpot]]] GetAll() on controller SmartParkingF.API.Controllers.ParkingSpotsController (SmartParkingF.API).
2026-05-25 23:37:03.780 +03:00 [INF] Executed DbCommand (1ms) [Parameters=[], CommandType='"Text"', CommandTimeout='30']
SELECT [p].[Id], [p].[Location], [p].[PricePerHour], [p].[PricePerNight], [p].[PropertyId], [p].[SpotNumber], [p].[Status], [p].[Zone]
FROM [ParkingSpots] AS [p]
2026-05-25 23:37:03.783 +03:00 [INF] Executing ObjectResult, writing value of type 'System.Collections.Generic.List`1[[SmartParkingF.API.Models.ParkingSpot, SmartParkingF.API, Version=1.0.0.0, Culture=neutral, PublicKeyToken=null]]'.
2026-05-25 23:37:03.785 +03:00 [INF] Executed action SmartParkingF.API.Controllers.ParkingSpotsController.GetAll (SmartParkingF.API) in 6.4688ms
2026-05-25 23:37:03.786 +03:00 [INF] Executed endpoint 'SmartParkingF.API.Controllers.ParkingSpotsController.GetAll (SmartParkingF.API)'
2026-05-25 23:37:03.787 +03:00 [INF] HTTP GET /api/ParkingSpots responded 200 in 16.7555 ms
2026-05-25 23:37:03.789 +03:00 [INF] Request finished HTTP/2 GET https://localhost:7144/api/ParkingSpots - 200 null application/json; charset=utf-8 22.2522ms
2026-05-25 23:37:05.752 +03:00 [INF] Request starting HTTP/2 GET https://localhost:7144/api/Properties - null null
2026-05-25 23:37:05.753 +03:00 [INF] Request starting HTTP/2 GET https://localhost:7144/api/Properties - null null
2026-05-25 23:37:05.757 +03:00 [INF] CORS policy execution successful.
2026-05-25 23:37:05.760 +03:00 [INF] CORS policy execution successful.
2026-05-25 23:37:05.761 +03:00 [INF] Executing endpoint 'SmartParkingF.API.Controllers.PropertiesController.GetProperties (SmartParkingF.API)'
2026-05-25 23:37:05.762 +03:00 [INF] Executing endpoint 'SmartParkingF.API.Controllers.PropertiesController.GetProperties (SmartParkingF.API)'
2026-05-25 23:37:05.764 +03:00 [INF] Route matched with {action = "GetProperties", controller = "Properties"}. Executing controller action with signature System.Threading.Tasks.Task`1[Microsoft.AspNetCore.Mvc.IActionResult] GetProperties() on controller SmartParkingF.API.Controllers.PropertiesController (SmartParkingF.API).
2026-05-25 23:37:05.766 +03:00 [INF] Route matched with {action = "GetProperties", controller = "Properties"}. Executing controller action with signature System.Threading.Tasks.Task`1[Microsoft.AspNetCore.Mvc.IActionResult] GetProperties() on controller SmartParkingF.API.Controllers.PropertiesController (SmartParkingF.API).
2026-05-25 23:37:05.769 +03:00 [INF] Executed DbCommand (1ms) [Parameters=[], CommandType='"Text"', CommandTimeout='30']
SELECT [p].[Id], [p].[Bathrooms], [p].[Bedrooms], [p].[CreatedAt], [p].[Description], [p].[HasSmartParking], [p].[ImageUrl], [p].[Location], [p].[Name], [p].[Price], [p].[PricePerHour], [p].[PricePerNight], [p].[Rating], [p].[Title], [p].[TotalSpots]
FROM [Properties] AS [p]
2026-05-25 23:37:05.772 +03:00 [INF] Executed DbCommand (1ms) [Parameters=[], CommandType='"Text"', CommandTimeout='30']
SELECT [p].[Id], [p].[Bathrooms], [p].[Bedrooms], [p].[CreatedAt], [p].[Description], [p].[HasSmartParking], [p].[ImageUrl], [p].[Location], [p].[Name], [p].[Price], [p].[PricePerHour], [p].[PricePerNight], [p].[Rating], [p].[Title], [p].[TotalSpots]
FROM [Properties] AS [p]
2026-05-25 23:37:05.773 +03:00 [INF] Executing OkObjectResult, writing value of type 'System.Collections.Generic.List`1[[SmartParkingF.API.Models.Property, SmartParkingF.API, Version=1.0.0.0, Culture=neutral, PublicKeyToken=null]]'.
2026-05-25 23:37:05.775 +03:00 [INF] Executing OkObjectResult, writing value of type 'System.Collections.Generic.List`1[[SmartParkingF.API.Models.Property, SmartParkingF.API, Version=1.0.0.0, Culture=neutral, PublicKeyToken=null]]'.
2026-05-25 23:37:05.777 +03:00 [INF] Executed action SmartParkingF.API.Controllers.PropertiesController.GetProperties (SmartParkingF.API) in 9.7746ms
2026-05-25 23:37:05.778 +03:00 [INF] Executed action SmartParkingF.API.Controllers.PropertiesController.GetProperties (SmartParkingF.API) in 8.7233ms
2026-05-25 23:37:05.782 +03:00 [INF] Executed endpoint 'SmartParkingF.API.Controllers.PropertiesController.GetProperties (SmartParkingF.API)'
2026-05-25 23:37:05.784 +03:00 [INF] Executed endpoint 'SmartParkingF.API.Controllers.PropertiesController.GetProperties (SmartParkingF.API)'
2026-05-25 23:37:05.785 +03:00 [INF] HTTP GET /api/Properties responded 200 in 27.9901 ms
2026-05-25 23:37:05.786 +03:00 [INF] HTTP GET /api/Properties responded 200 in 25.7412 ms
2026-05-25 23:37:05.788 +03:00 [INF] Request finished HTTP/2 GET https://localhost:7144/api/Properties - 499 null application/json; charset=utf-8 35.8381ms
2026-05-25 23:37:05.790 +03:00 [INF] Request finished HTTP/2 GET https://localhost:7144/api/Properties - 200 null application/json; charset=utf-8 36.2356ms
2026-05-25 23:37:06.761 +03:00 [INF] Request starting HTTP/2 GET https://localhost:7144/api/dashboard/stats - null null
2026-05-25 23:37:06.766 +03:00 [INF] CORS policy execution successful.
2026-05-25 23:37:06.768 +03:00 [INF] Executing endpoint 'SmartParkingF.API.Controllers.DashboardController.GetStats (SmartParkingF.API)'
2026-05-25 23:37:06.769 +03:00 [INF] Route matched with {action = "GetStats", controller = "Dashboard"}. Executing controller action with signature System.Threading.Tasks.Task`1[Microsoft.AspNetCore.Mvc.IActionResult] GetStats() on controller SmartParkingF.API.Controllers.DashboardController (SmartParkingF.API).
2026-05-25 23:37:06.773 +03:00 [INF] Executed DbCommand (1ms) [Parameters=[], CommandType='"Text"', CommandTimeout='30']
SELECT COALESCE(SUM([r].[TotalPrice]), 0.0)
FROM [Reservations] AS [r]
WHERE [r].[Status] = N'Confirmed'
2026-05-25 23:37:06.776 +03:00 [INF] Executed DbCommand (1ms) [Parameters=[], CommandType='"Text"', CommandTimeout='30']
SELECT COUNT(*)
FROM [Reservations] AS [r]
WHERE [r].[Status] = N'Confirmed'
2026-05-25 23:37:06.779 +03:00 [INF] Executed DbCommand (0ms) [Parameters=[], CommandType='"Text"', CommandTimeout='30']
SELECT COUNT(*)
FROM [ParkingSpots] AS [p]
2026-05-25 23:37:06.782 +03:00 [INF] Executed DbCommand (1ms) [Parameters=[], CommandType='"Text"', CommandTimeout='30']
SELECT COUNT(*)
FROM [ParkingSpots] AS [p]
WHERE [p].[Status] = N'Busy'
2026-05-25 23:37:06.785 +03:00 [INF] Executed DbCommand (0ms) [Parameters=[], CommandType='"Text"', CommandTimeout='30']
SELECT COUNT(*)
FROM [Users] AS [u]
2026-05-25 23:37:06.787 +03:00 [INF] Executing OkObjectResult, writing value of type '<>f__AnonymousType0`6[[System.Decimal, System.Private.CoreLib, Version=10.0.0.0, Culture=neutral, PublicKeyToken=7cec85d7bea7798e],[System.Int32, System.Private.CoreLib, Version=10.0.0.0, Culture=neutral, PublicKeyToken=7cec85d7bea7798e],[System.Int32, System.Private.CoreLib, Version=10.0.0.0, Culture=neutral, PublicKeyToken=7cec85d7bea7798e],[System.Int32, System.Private.CoreLib, Version=10.0.0.0, Culture=neutral, PublicKeyToken=7cec85d7bea7798e],[System.Int32, System.Private.CoreLib, Version=10.0.0.0, Culture=neutral, PublicKeyToken=7cec85d7bea7798e],[System.Int32, System.Private.CoreLib, Version=10.0.0.0, Culture=neutral, PublicKeyToken=7cec85d7bea7798e]]'.
2026-05-25 23:37:06.789 +03:00 [INF] Executed action SmartParkingF.API.Controllers.DashboardController.GetStats (SmartParkingF.API) in 17.7088ms
2026-05-25 23:37:06.790 +03:00 [INF] Request starting HTTP/2 GET https://localhost:7144/api/dashboard/stats - null null
2026-05-25 23:37:06.791 +03:00 [INF] Executed endpoint 'SmartParkingF.API.Controllers.DashboardController.GetStats (SmartParkingF.API)'
2026-05-25 23:37:06.794 +03:00 [INF] CORS policy execution successful.
2026-05-25 23:37:06.795 +03:00 [INF] HTTP GET /api/dashboard/stats responded 200 in 28.3652 ms
2026-05-25 23:37:06.796 +03:00 [INF] Executing endpoint 'SmartParkingF.API.Controllers.DashboardController.GetStats (SmartParkingF.API)'
2026-05-25 23:37:06.798 +03:00 [INF] Request finished HTTP/2 GET https://localhost:7144/api/dashboard/stats - 200 null application/json; charset=utf-8 37.5867ms
2026-05-25 23:37:06.800 +03:00 [INF] Route matched with {action = "GetStats", controller = "Dashboard"}. Executing controller action with signature System.Threading.Tasks.Task`1[Microsoft.AspNetCore.Mvc.IActionResult] GetStats() on controller SmartParkingF.API.Controllers.DashboardController (SmartParkingF.API).
2026-05-25 23:37:06.806 +03:00 [INF] Executed DbCommand (1ms) [Parameters=[], CommandType='"Text"', CommandTimeout='30']
SELECT COALESCE(SUM([r].[TotalPrice]), 0.0)
FROM [Reservations] AS [r]
WHERE [r].[Status] = N'Confirmed'
2026-05-25 23:37:06.808 +03:00 [INF] Executed DbCommand (0ms) [Parameters=[], CommandType='"Text"', CommandTimeout='30']
SELECT COUNT(*)
FROM [Reservations] AS [r]
WHERE [r].[Status] = N'Confirmed'
2026-05-25 23:37:06.811 +03:00 [INF] Executed DbCommand (0ms) [Parameters=[], CommandType='"Text"', CommandTimeout='30']
SELECT COUNT(*)
FROM [ParkingSpots] AS [p]
2026-05-25 23:37:06.814 +03:00 [INF] Executed DbCommand (1ms) [Parameters=[], CommandType='"Text"', CommandTimeout='30']
SELECT COUNT(*)
FROM [ParkingSpots] AS [p]
WHERE [p].[Status] = N'Busy'
2026-05-25 23:37:06.818 +03:00 [INF] Executed DbCommand (0ms) [Parameters=[], CommandType='"Text"', CommandTimeout='30']
SELECT COUNT(*)
FROM [Users] AS [u]
2026-05-25 23:37:06.820 +03:00 [INF] Executing OkObjectResult, writing value of type '<>f__AnonymousType0`6[[System.Decimal, System.Private.CoreLib, Version=10.0.0.0, Culture=neutral, PublicKeyToken=7cec85d7bea7798e],[System.Int32, System.Private.CoreLib, Version=10.0.0.0, Culture=neutral, PublicKeyToken=7cec85d7bea7798e],[System.Int32, System.Private.CoreLib, Version=10.0.0.0, Culture=neutral, PublicKeyToken=7cec85d7bea7798e],[System.Int32, System.Private.CoreLib, Version=10.0.0.0, Culture=neutral, PublicKeyToken=7cec85d7bea7798e],[System.Int32, System.Private.CoreLib, Version=10.0.0.0, Culture=neutral, PublicKeyToken=7cec85d7bea7798e],[System.Int32, System.Private.CoreLib, Version=10.0.0.0, Culture=neutral, PublicKeyToken=7cec85d7bea7798e]]'.
2026-05-25 23:37:06.822 +03:00 [INF] Executed action SmartParkingF.API.Controllers.DashboardController.GetStats (SmartParkingF.API) in 17.281ms
2026-05-25 23:37:06.823 +03:00 [INF] Executed endpoint 'SmartParkingF.API.Controllers.DashboardController.GetStats (SmartParkingF.API)'
2026-05-25 23:37:06.824 +03:00 [INF] HTTP GET /api/dashboard/stats responded 200 in 30.3864 ms
2026-05-25 23:37:06.826 +03:00 [INF] Request finished HTTP/2 GET https://localhost:7144/api/dashboard/stats - 200 null application/json; charset=utf-8 35.325ms
2026-05-25 23:37:08.162 +03:00 [INF] Request starting HTTP/2 GET https://localhost:7144/api/dashboard/stats - null null
2026-05-25 23:37:08.165 +03:00 [INF] CORS policy execution successful.
2026-05-25 23:37:08.166 +03:00 [INF] Executing endpoint 'SmartParkingF.API.Controllers.DashboardController.GetStats (SmartParkingF.API)'
2026-05-25 23:37:08.168 +03:00 [INF] Route matched with {action = "GetStats", controller = "Dashboard"}. Executing controller action with signature System.Threading.Tasks.Task`1[Microsoft.AspNetCore.Mvc.IActionResult] GetStats() on controller SmartParkingF.API.Controllers.DashboardController (SmartParkingF.API).
2026-05-25 23:37:08.171 +03:00 [INF] Executed DbCommand (1ms) [Parameters=[], CommandType='"Text"', CommandTimeout='30']
SELECT COALESCE(SUM([r].[TotalPrice]), 0.0)
FROM [Reservations] AS [r]
WHERE [r].[Status] = N'Confirmed'
2026-05-25 23:37:08.174 +03:00 [INF] Executed DbCommand (1ms) [Parameters=[], CommandType='"Text"', CommandTimeout='30']
SELECT COUNT(*)
FROM [Reservations] AS [r]
WHERE [r].[Status] = N'Confirmed'
2026-05-25 23:37:08.177 +03:00 [INF] Executed DbCommand (1ms) [Parameters=[], CommandType='"Text"', CommandTimeout='30']
SELECT COUNT(*)
FROM [ParkingSpots] AS [p]
2026-05-25 23:37:08.180 +03:00 [INF] Executed DbCommand (1ms) [Parameters=[], CommandType='"Text"', CommandTimeout='30']
SELECT COUNT(*)
FROM [ParkingSpots] AS [p]
WHERE [p].[Status] = N'Busy'
2026-05-25 23:37:08.183 +03:00 [INF] Executed DbCommand (1ms) [Parameters=[], CommandType='"Text"', CommandTimeout='30']
SELECT COUNT(*)
FROM [Users] AS [u]
2026-05-25 23:37:08.185 +03:00 [INF] Executing OkObjectResult, writing value of type '<>f__AnonymousType0`6[[System.Decimal, System.Private.CoreLib, Version=10.0.0.0, Culture=neutral, PublicKeyToken=7cec85d7bea7798e],[System.Int32, System.Private.CoreLib, Version=10.0.0.0, Culture=neutral, PublicKeyToken=7cec85d7bea7798e],[System.Int32, System.Private.CoreLib, Version=10.0.0.0, Culture=neutral, PublicKeyToken=7cec85d7bea7798e],[System.Int32, System.Private.CoreLib, Version=10.0.0.0, Culture=neutral, PublicKeyToken=7cec85d7bea7798e],[System.Int32, System.Private.CoreLib, Version=10.0.0.0, Culture=neutral, PublicKeyToken=7cec85d7bea7798e],[System.Int32, System.Private.CoreLib, Version=10.0.0.0, Culture=neutral, PublicKeyToken=7cec85d7bea7798e]]'.
2026-05-25 23:37:08.186 +03:00 [INF] Executed action SmartParkingF.API.Controllers.DashboardController.GetStats (SmartParkingF.API) in 16.8461ms
2026-05-25 23:37:08.188 +03:00 [INF] Executed endpoint 'SmartParkingF.API.Controllers.DashboardController.GetStats (SmartParkingF.API)'
2026-05-25 23:37:08.188 +03:00 [INF] Request starting HTTP/2 GET https://localhost:7144/api/dashboard/stats - null null
2026-05-25 23:37:08.189 +03:00 [INF] HTTP GET /api/dashboard/stats responded 200 in 23.3492 ms
2026-05-25 23:37:08.191 +03:00 [INF] CORS policy execution successful.
2026-05-25 23:37:08.192 +03:00 [INF] Request finished HTTP/2 GET https://localhost:7144/api/dashboard/stats - 200 null application/json; charset=utf-8 30.1793ms
2026-05-25 23:37:08.193 +03:00 [INF] Executing endpoint 'SmartParkingF.API.Controllers.DashboardController.GetStats (SmartParkingF.API)'
2026-05-25 23:37:08.197 +03:00 [INF] Route matched with {action = "GetStats", controller = "Dashboard"}. Executing controller action with signature System.Threading.Tasks.Task`1[Microsoft.AspNetCore.Mvc.IActionResult] GetStats() on controller SmartParkingF.API.Controllers.DashboardController (SmartParkingF.API).
2026-05-25 23:37:08.200 +03:00 [INF] Executed DbCommand (1ms) [Parameters=[], CommandType='"Text"', CommandTimeout='30']
SELECT COALESCE(SUM([r].[TotalPrice]), 0.0)
FROM [Reservations] AS [r]
WHERE [r].[Status] = N'Confirmed'
2026-05-25 23:37:08.203 +03:00 [INF] Executed DbCommand (1ms) [Parameters=[], CommandType='"Text"', CommandTimeout='30']
SELECT COUNT(*)
FROM [Reservations] AS [r]
WHERE [r].[Status] = N'Confirmed'
2026-05-25 23:37:08.206 +03:00 [INF] Executed DbCommand (1ms) [Parameters=[], CommandType='"Text"', CommandTimeout='30']
SELECT COUNT(*)
FROM [ParkingSpots] AS [p]
2026-05-25 23:37:08.209 +03:00 [INF] Executed DbCommand (1ms) [Parameters=[], CommandType='"Text"', CommandTimeout='30']
SELECT COUNT(*)
FROM [ParkingSpots] AS [p]
WHERE [p].[Status] = N'Busy'
2026-05-25 23:37:08.212 +03:00 [INF] Executed DbCommand (1ms) [Parameters=[], CommandType='"Text"', CommandTimeout='30']
SELECT COUNT(*)
FROM [Users] AS [u]
2026-05-25 23:37:08.215 +03:00 [INF] Executing OkObjectResult, writing value of type '<>f__AnonymousType0`6[[System.Decimal, System.Private.CoreLib, Version=10.0.0.0, Culture=neutral, PublicKeyToken=7cec85d7bea7798e],[System.Int32, System.Private.CoreLib, Version=10.0.0.0, Culture=neutral, PublicKeyToken=7cec85d7bea7798e],[System.Int32, System.Private.CoreLib, Version=10.0.0.0, Culture=neutral, PublicKeyToken=7cec85d7bea7798e],[System.Int32, System.Private.CoreLib, Version=10.0.0.0, Culture=neutral, PublicKeyToken=7cec85d7bea7798e],[System.Int32, System.Private.CoreLib, Version=10.0.0.0, Culture=neutral, PublicKeyToken=7cec85d7bea7798e],[System.Int32, System.Private.CoreLib, Version=10.0.0.0, Culture=neutral, PublicKeyToken=7cec85d7bea7798e]]'.
2026-05-25 23:37:08.217 +03:00 [INF] Executed action SmartParkingF.API.Controllers.DashboardController.GetStats (SmartParkingF.API) in 18.803ms
2026-05-25 23:37:08.219 +03:00 [INF] Executed endpoint 'SmartParkingF.API.Controllers.DashboardController.GetStats (SmartParkingF.API)'
2026-05-25 23:37:08.220 +03:00 [INF] HTTP GET /api/dashboard/stats responded 200 in 29.5125 ms
2026-05-25 23:37:08.222 +03:00 [INF] Request finished HTTP/2 GET https://localhost:7144/api/dashboard/stats - 200 null application/json; charset=utf-8 34.8533ms
2026-05-25 23:37:11.064 +03:00 [INF] Request starting HTTP/2 GET https://localhost:7144/api/dashboard/stats - null null
2026-05-25 23:37:11.072 +03:00 [INF] CORS policy execution successful.
2026-05-25 23:37:11.074 +03:00 [INF] Executing endpoint 'SmartParkingF.API.Controllers.DashboardController.GetStats (SmartParkingF.API)'
2026-05-25 23:37:11.076 +03:00 [INF] Route matched with {action = "GetStats", controller = "Dashboard"}. Executing controller action with signature System.Threading.Tasks.Task`1[Microsoft.AspNetCore.Mvc.IActionResult] GetStats() on controller SmartParkingF.API.Controllers.DashboardController (SmartParkingF.API).
2026-05-25 23:37:11.081 +03:00 [INF] Executed DbCommand (1ms) [Parameters=[], CommandType='"Text"', CommandTimeout='30']
SELECT COALESCE(SUM([r].[TotalPrice]), 0.0)
FROM [Reservations] AS [r]
WHERE [r].[Status] = N'Confirmed'
2026-05-25 23:37:11.085 +03:00 [INF] Executed DbCommand (1ms) [Parameters=[], CommandType='"Text"', CommandTimeout='30']
SELECT COUNT(*)
FROM [Reservations] AS [r]
WHERE [r].[Status] = N'Confirmed'
2026-05-25 23:37:11.089 +03:00 [INF] Executed DbCommand (0ms) [Parameters=[], CommandType='"Text"', CommandTimeout='30']
SELECT COUNT(*)
FROM [ParkingSpots] AS [p]
2026-05-25 23:37:11.092 +03:00 [INF] Executed DbCommand (1ms) [Parameters=[], CommandType='"Text"', CommandTimeout='30']
SELECT COUNT(*)
FROM [ParkingSpots] AS [p]
WHERE [p].[Status] = N'Busy'
2026-05-25 23:37:11.094 +03:00 [INF] Executed DbCommand (0ms) [Parameters=[], CommandType='"Text"', CommandTimeout='30']
SELECT COUNT(*)
FROM [Users] AS [u]
2026-05-25 23:37:11.097 +03:00 [INF] Executing OkObjectResult, writing value of type '<>f__AnonymousType0`6[[System.Decimal, System.Private.CoreLib, Version=10.0.0.0, Culture=neutral, PublicKeyToken=7cec85d7bea7798e],[System.Int32, System.Private.CoreLib, Version=10.0.0.0, Culture=neutral, PublicKeyToken=7cec85d7bea7798e],[System.Int32, System.Private.CoreLib, Version=10.0.0.0, Culture=neutral, PublicKeyToken=7cec85d7bea7798e],[System.Int32, System.Private.CoreLib, Version=10.0.0.0, Culture=neutral, PublicKeyToken=7cec85d7bea7798e],[System.Int32, System.Private.CoreLib, Version=10.0.0.0, Culture=neutral, PublicKeyToken=7cec85d7bea7798e],[System.Int32, System.Private.CoreLib, Version=10.0.0.0, Culture=neutral, PublicKeyToken=7cec85d7bea7798e]]'.
2026-05-25 23:37:11.099 +03:00 [INF] Executed action SmartParkingF.API.Controllers.DashboardController.GetStats (SmartParkingF.API) in 20.0046ms
2026-05-25 23:37:11.100 +03:00 [INF] Executed endpoint 'SmartParkingF.API.Controllers.DashboardController.GetStats (SmartParkingF.API)'
2026-05-25 23:37:11.100 +03:00 [INF] Request starting HTTP/2 GET https://localhost:7144/api/dashboard/stats - null null
2026-05-25 23:37:11.101 +03:00 [INF] HTTP GET /api/dashboard/stats responded 200 in 28.9835 ms
2026-05-25 23:37:11.103 +03:00 [INF] CORS policy execution successful.
2026-05-25 23:37:11.105 +03:00 [INF] Request finished HTTP/2 GET https://localhost:7144/api/dashboard/stats - 200 null application/json; charset=utf-8 40.4971ms
2026-05-25 23:37:11.106 +03:00 [INF] Executing endpoint 'SmartParkingF.API.Controllers.DashboardController.GetStats (SmartParkingF.API)'
2026-05-25 23:37:11.109 +03:00 [INF] Route matched with {action = "GetStats", controller = "Dashboard"}. Executing controller action with signature System.Threading.Tasks.Task`1[Microsoft.AspNetCore.Mvc.IActionResult] GetStats() on controller SmartParkingF.API.Controllers.DashboardController (SmartParkingF.API).
2026-05-25 23:37:11.112 +03:00 [INF] Executed DbCommand (0ms) [Parameters=[], CommandType='"Text"', CommandTimeout='30']
SELECT COALESCE(SUM([r].[TotalPrice]), 0.0)
FROM [Reservations] AS [r]
WHERE [r].[Status] = N'Confirmed'
2026-05-25 23:37:11.115 +03:00 [INF] Executed DbCommand (0ms) [Parameters=[], CommandType='"Text"', CommandTimeout='30']
SELECT COUNT(*)
FROM [Reservations] AS [r]
WHERE [r].[Status] = N'Confirmed'
2026-05-25 23:37:11.118 +03:00 [INF] Executed DbCommand (1ms) [Parameters=[], CommandType='"Text"', CommandTimeout='30']
SELECT COUNT(*)
FROM [ParkingSpots] AS [p]
2026-05-25 23:37:11.120 +03:00 [INF] Executed DbCommand (1ms) [Parameters=[], CommandType='"Text"', CommandTimeout='30']
SELECT COUNT(*)
FROM [ParkingSpots] AS [p]
WHERE [p].[Status] = N'Busy'
2026-05-25 23:37:11.123 +03:00 [INF] Executed DbCommand (1ms) [Parameters=[], CommandType='"Text"', CommandTimeout='30']
SELECT COUNT(*)
FROM [Users] AS [u]
2026-05-25 23:37:11.125 +03:00 [INF] Executing OkObjectResult, writing value of type '<>f__AnonymousType0`6[[System.Decimal, System.Private.CoreLib, Version=10.0.0.0, Culture=neutral, PublicKeyToken=7cec85d7bea7798e],[System.Int32, System.Private.CoreLib, Version=10.0.0.0, Culture=neutral, PublicKeyToken=7cec85d7bea7798e],[System.Int32, System.Private.CoreLib, Version=10.0.0.0, Culture=neutral, PublicKeyToken=7cec85d7bea7798e],[System.Int32, System.Private.CoreLib, Version=10.0.0.0, Culture=neutral, PublicKeyToken=7cec85d7bea7798e],[System.Int32, System.Private.CoreLib, Version=10.0.0.0, Culture=neutral, PublicKeyToken=7cec85d7bea7798e],[System.Int32, System.Private.CoreLib, Version=10.0.0.0, Culture=neutral, PublicKeyToken=7cec85d7bea7798e]]'.
2026-05-25 23:37:11.127 +03:00 [INF] Executed action SmartParkingF.API.Controllers.DashboardController.GetStats (SmartParkingF.API) in 16.049ms
2026-05-25 23:37:11.129 +03:00 [INF] Executed endpoint 'SmartParkingF.API.Controllers.DashboardController.GetStats (SmartParkingF.API)'
2026-05-25 23:37:11.130 +03:00 [INF] HTTP GET /api/dashboard/stats responded 200 in 26.6605 ms
2026-05-25 23:37:11.132 +03:00 [INF] Request finished HTTP/2 GET https://localhost:7144/api/dashboard/stats - 200 null application/json; charset=utf-8 32.2336ms
2026-05-25 23:37:11.813 +03:00 [INF] Request starting HTTP/2 GET https://localhost:7144/api/dashboard/stats - null null
2026-05-25 23:37:11.819 +03:00 [INF] CORS policy execution successful.
2026-05-25 23:37:11.821 +03:00 [INF] Executing endpoint 'SmartParkingF.API.Controllers.DashboardController.GetStats (SmartParkingF.API)'
2026-05-25 23:37:11.823 +03:00 [INF] Route matched with {action = "GetStats", controller = "Dashboard"}. Executing controller action with signature System.Threading.Tasks.Task`1[Microsoft.AspNetCore.Mvc.IActionResult] GetStats() on controller SmartParkingF.API.Controllers.DashboardController (SmartParkingF.API).
2026-05-25 23:37:11.827 +03:00 [INF] Executed DbCommand (1ms) [Parameters=[], CommandType='"Text"', CommandTimeout='30']
SELECT COALESCE(SUM([r].[TotalPrice]), 0.0)
FROM [Reservations] AS [r]
WHERE [r].[Status] = N'Confirmed'
2026-05-25 23:37:11.830 +03:00 [INF] Executed DbCommand (1ms) [Parameters=[], CommandType='"Text"', CommandTimeout='30']
SELECT COUNT(*)
FROM [Reservations] AS [r]
WHERE [r].[Status] = N'Confirmed'
2026-05-25 23:37:11.833 +03:00 [INF] Executed DbCommand (1ms) [Parameters=[], CommandType='"Text"', CommandTimeout='30']
SELECT COUNT(*)
FROM [ParkingSpots] AS [p]
2026-05-25 23:37:11.836 +03:00 [INF] Executed DbCommand (1ms) [Parameters=[], CommandType='"Text"', CommandTimeout='30']
SELECT COUNT(*)
FROM [ParkingSpots] AS [p]
WHERE [p].[Status] = N'Busy'
2026-05-25 23:37:11.839 +03:00 [INF] Executed DbCommand (0ms) [Parameters=[], CommandType='"Text"', CommandTimeout='30']
SELECT COUNT(*)
FROM [Users] AS [u]
2026-05-25 23:37:11.841 +03:00 [INF] Executing OkObjectResult, writing value of type '<>f__AnonymousType0`6[[System.Decimal, System.Private.CoreLib, Version=10.0.0.0, Culture=neutral, PublicKeyToken=7cec85d7bea7798e],[System.Int32, System.Private.CoreLib, Version=10.0.0.0, Culture=neutral, PublicKeyToken=7cec85d7bea7798e],[System.Int32, System.Private.CoreLib, Version=10.0.0.0, Culture=neutral, PublicKeyToken=7cec85d7bea7798e],[System.Int32, System.Private.CoreLib, Version=10.0.0.0, Culture=neutral, PublicKeyToken=7cec85d7bea7798e],[System.Int32, System.Private.CoreLib, Version=10.0.0.0, Culture=neutral, PublicKeyToken=7cec85d7bea7798e],[System.Int32, System.Private.CoreLib, Version=10.0.0.0, Culture=neutral, PublicKeyToken=7cec85d7bea7798e]]'.
2026-05-25 23:37:11.842 +03:00 [INF] Executed action SmartParkingF.API.Controllers.DashboardController.GetStats (SmartParkingF.API) in 16.7026ms
2026-05-25 23:37:11.843 +03:00 [INF] Request starting HTTP/2 GET https://localhost:7144/api/dashboard/stats - null null
2026-05-25 23:37:11.843 +03:00 [INF] Executed endpoint 'SmartParkingF.API.Controllers.DashboardController.GetStats (SmartParkingF.API)'
2026-05-25 23:37:11.846 +03:00 [INF] CORS policy execution successful.
2026-05-25 23:37:11.846 +03:00 [INF] HTTP GET /api/dashboard/stats responded 200 in 27.1217 ms
2026-05-25 23:37:11.847 +03:00 [INF] Executing endpoint 'SmartParkingF.API.Controllers.DashboardController.GetStats (SmartParkingF.API)'
2026-05-25 23:37:11.849 +03:00 [INF] Request finished HTTP/2 GET https://localhost:7144/api/dashboard/stats - 200 null application/json; charset=utf-8 36.0635ms
2026-05-25 23:37:11.850 +03:00 [INF] Route matched with {action = "GetStats", controller = "Dashboard"}. Executing controller action with signature System.Threading.Tasks.Task`1[Microsoft.AspNetCore.Mvc.IActionResult] GetStats() on controller SmartParkingF.API.Controllers.DashboardController (SmartParkingF.API).
2026-05-25 23:37:11.855 +03:00 [INF] Executed DbCommand (0ms) [Parameters=[], CommandType='"Text"', CommandTimeout='30']
SELECT COALESCE(SUM([r].[TotalPrice]), 0.0)
FROM [Reservations] AS [r]
WHERE [r].[Status] = N'Confirmed'
2026-05-25 23:37:11.857 +03:00 [INF] Executed DbCommand (0ms) [Parameters=[], CommandType='"Text"', CommandTimeout='30']
SELECT COUNT(*)
FROM [Reservations] AS [r]
WHERE [r].[Status] = N'Confirmed'
2026-05-25 23:37:11.860 +03:00 [INF] Executed DbCommand (0ms) [Parameters=[], CommandType='"Text"', CommandTimeout='30']
SELECT COUNT(*)
FROM [ParkingSpots] AS [p]
2026-05-25 23:37:11.864 +03:00 [INF] Executed DbCommand (2ms) [Parameters=[], CommandType='"Text"', CommandTimeout='30']
SELECT COUNT(*)
FROM [ParkingSpots] AS [p]
WHERE [p].[Status] = N'Busy'
2026-05-25 23:37:11.867 +03:00 [INF] Executed DbCommand (0ms) [Parameters=[], CommandType='"Text"', CommandTimeout='30']
SELECT COUNT(*)
FROM [Users] AS [u]
2026-05-25 23:37:11.870 +03:00 [INF] Executing OkObjectResult, writing value of type '<>f__AnonymousType0`6[[System.Decimal, System.Private.CoreLib, Version=10.0.0.0, Culture=neutral, PublicKeyToken=7cec85d7bea7798e],[System.Int32, System.Private.CoreLib, Version=10.0.0.0, Culture=neutral, PublicKeyToken=7cec85d7bea7798e],[System.Int32, System.Private.CoreLib, Version=10.0.0.0, Culture=neutral, PublicKeyToken=7cec85d7bea7798e],[System.Int32, System.Private.CoreLib, Version=10.0.0.0, Culture=neutral, PublicKeyToken=7cec85d7bea7798e],[System.Int32, System.Private.CoreLib, Version=10.0.0.0, Culture=neutral, PublicKeyToken=7cec85d7bea7798e],[System.Int32, System.Private.CoreLib, Version=10.0.0.0, Culture=neutral, PublicKeyToken=7cec85d7bea7798e]]'.
2026-05-25 23:37:11.871 +03:00 [INF] Executed action SmartParkingF.API.Controllers.DashboardController.GetStats (SmartParkingF.API) in 17.1694ms
2026-05-25 23:37:11.873 +03:00 [INF] Executed endpoint 'SmartParkingF.API.Controllers.DashboardController.GetStats (SmartParkingF.API)'
2026-05-25 23:37:11.874 +03:00 [INF] HTTP GET /api/dashboard/stats responded 200 in 27.9893 ms
2026-05-25 23:37:11.875 +03:00 [INF] Request finished HTTP/2 GET https://localhost:7144/api/dashboard/stats - 200 null application/json; charset=utf-8 32.0563ms
2026-05-25 23:37:12.276 +03:00 [INF] Request starting HTTP/2 GET https://localhost:7144/api/dashboard/stats - null null
2026-05-25 23:37:12.279 +03:00 [INF] CORS policy execution successful.
2026-05-25 23:37:12.281 +03:00 [INF] Executing endpoint 'SmartParkingF.API.Controllers.DashboardController.GetStats (SmartParkingF.API)'
2026-05-25 23:37:12.282 +03:00 [INF] Route matched with {action = "GetStats", controller = "Dashboard"}. Executing controller action with signature System.Threading.Tasks.Task`1[Microsoft.AspNetCore.Mvc.IActionResult] GetStats() on controller SmartParkingF.API.Controllers.DashboardController (SmartParkingF.API).
2026-05-25 23:37:12.286 +03:00 [INF] Executed DbCommand (1ms) [Parameters=[], CommandType='"Text"', CommandTimeout='30']
SELECT COALESCE(SUM([r].[TotalPrice]), 0.0)
FROM [Reservations] AS [r]
WHERE [r].[Status] = N'Confirmed'
2026-05-25 23:37:12.289 +03:00 [INF] Executed DbCommand (1ms) [Parameters=[], CommandType='"Text"', CommandTimeout='30']
SELECT COUNT(*)
FROM [Reservations] AS [r]
WHERE [r].[Status] = N'Confirmed'
2026-05-25 23:37:12.291 +03:00 [INF] Executed DbCommand (1ms) [Parameters=[], CommandType='"Text"', CommandTimeout='30']
SELECT COUNT(*)
FROM [ParkingSpots] AS [p]
2026-05-25 23:37:12.294 +03:00 [INF] Executed DbCommand (1ms) [Parameters=[], CommandType='"Text"', CommandTimeout='30']
SELECT COUNT(*)
FROM [ParkingSpots] AS [p]
WHERE [p].[Status] = N'Busy'
2026-05-25 23:37:12.297 +03:00 [INF] Executed DbCommand (1ms) [Parameters=[], CommandType='"Text"', CommandTimeout='30']
SELECT COUNT(*)
FROM [Users] AS [u]
2026-05-25 23:37:12.299 +03:00 [INF] Executing OkObjectResult, writing value of type '<>f__AnonymousType0`6[[System.Decimal, System.Private.CoreLib, Version=10.0.0.0, Culture=neutral, PublicKeyToken=7cec85d7bea7798e],[System.Int32, System.Private.CoreLib, Version=10.0.0.0, Culture=neutral, PublicKeyToken=7cec85d7bea7798e],[System.Int32, System.Private.CoreLib, Version=10.0.0.0, Culture=neutral, PublicKeyToken=7cec85d7bea7798e],[System.Int32, System.Private.CoreLib, Version=10.0.0.0, Culture=neutral, PublicKeyToken=7cec85d7bea7798e],[System.Int32, System.Private.CoreLib, Version=10.0.0.0, Culture=neutral, PublicKeyToken=7cec85d7bea7798e],[System.Int32, System.Private.CoreLib, Version=10.0.0.0, Culture=neutral, PublicKeyToken=7cec85d7bea7798e]]'.
2026-05-25 23:37:12.301 +03:00 [INF] Executed action SmartParkingF.API.Controllers.DashboardController.GetStats (SmartParkingF.API) in 15.6722ms
2026-05-25 23:37:12.302 +03:00 [INF] Request starting HTTP/2 GET https://localhost:7144/api/dashboard/stats - null null
2026-05-25 23:37:12.302 +03:00 [INF] Executed endpoint 'SmartParkingF.API.Controllers.DashboardController.GetStats (SmartParkingF.API)'
2026-05-25 23:37:12.304 +03:00 [INF] CORS policy execution successful.
2026-05-25 23:37:12.304 +03:00 [INF] HTTP GET /api/dashboard/stats responded 200 in 25.0670 ms
2026-05-25 23:37:12.305 +03:00 [INF] Executing endpoint 'SmartParkingF.API.Controllers.DashboardController.GetStats (SmartParkingF.API)'
2026-05-25 23:37:12.307 +03:00 [INF] Request finished HTTP/2 GET https://localhost:7144/api/dashboard/stats - 200 null application/json; charset=utf-8 31.1956ms
2026-05-25 23:37:12.308 +03:00 [INF] Route matched with {action = "GetStats", controller = "Dashboard"}. Executing controller action with signature System.Threading.Tasks.Task`1[Microsoft.AspNetCore.Mvc.IActionResult] GetStats() on controller SmartParkingF.API.Controllers.DashboardController (SmartParkingF.API).
2026-05-25 23:37:12.319 +03:00 [INF] Executed DbCommand (6ms) [Parameters=[], CommandType='"Text"', CommandTimeout='30']
SELECT COALESCE(SUM([r].[TotalPrice]), 0.0)
FROM [Reservations] AS [r]
WHERE [r].[Status] = N'Confirmed'
2026-05-25 23:37:12.323 +03:00 [INF] Executed DbCommand (1ms) [Parameters=[], CommandType='"Text"', CommandTimeout='30']
SELECT COUNT(*)
FROM [Reservations] AS [r]
WHERE [r].[Status] = N'Confirmed'
2026-05-25 23:37:12.325 +03:00 [INF] Executed DbCommand (1ms) [Parameters=[], CommandType='"Text"', CommandTimeout='30']
SELECT COUNT(*)
FROM [ParkingSpots] AS [p]
2026-05-25 23:37:12.328 +03:00 [INF] Executed DbCommand (1ms) [Parameters=[], CommandType='"Text"', CommandTimeout='30']
SELECT COUNT(*)
FROM [ParkingSpots] AS [p]
WHERE [p].[Status] = N'Busy'
2026-05-25 23:37:12.331 +03:00 [INF] Executed DbCommand (1ms) [Parameters=[], CommandType='"Text"', CommandTimeout='30']
SELECT COUNT(*)
FROM [Users] AS [u]
2026-05-25 23:37:12.334 +03:00 [INF] Executing OkObjectResult, writing value of type '<>f__AnonymousType0`6[[System.Decimal, System.Private.CoreLib, Version=10.0.0.0, Culture=neutral, PublicKeyToken=7cec85d7bea7798e],[System.Int32, System.Private.CoreLib, Version=10.0.0.0, Culture=neutral, PublicKeyToken=7cec85d7bea7798e],[System.Int32, System.Private.CoreLib, Version=10.0.0.0, Culture=neutral, PublicKeyToken=7cec85d7bea7798e],[System.Int32, System.Private.CoreLib, Version=10.0.0.0, Culture=neutral, PublicKeyToken=7cec85d7bea7798e],[System.Int32, System.Private.CoreLib, Version=10.0.0.0, Culture=neutral, PublicKeyToken=7cec85d7bea7798e],[System.Int32, System.Private.CoreLib, Version=10.0.0.0, Culture=neutral, PublicKeyToken=7cec85d7bea7798e]]'.
2026-05-25 23:37:12.335 +03:00 [INF] Executed action SmartParkingF.API.Controllers.DashboardController.GetStats (SmartParkingF.API) in 22.8858ms
2026-05-25 23:37:12.336 +03:00 [INF] Executed endpoint 'SmartParkingF.API.Controllers.DashboardController.GetStats (SmartParkingF.API)'
2026-05-25 23:37:12.337 +03:00 [INF] HTTP GET /api/dashboard/stats responded 200 in 33.6230 ms
2026-05-25 23:37:12.339 +03:00 [INF] Request finished HTTP/2 GET https://localhost:7144/api/dashboard/stats - 200 null application/json; charset=utf-8 37.2446ms
2026-05-25 23:37:12.441 +03:00 [INF] Request starting HTTP/2 GET https://localhost:7144/api/dashboard/stats - null null
2026-05-25 23:37:12.445 +03:00 [INF] CORS policy execution successful.
2026-05-25 23:37:12.446 +03:00 [INF] Executing endpoint 'SmartParkingF.API.Controllers.DashboardController.GetStats (SmartParkingF.API)'
2026-05-25 23:37:12.448 +03:00 [INF] Route matched with {action = "GetStats", controller = "Dashboard"}. Executing controller action with signature System.Threading.Tasks.Task`1[Microsoft.AspNetCore.Mvc.IActionResult] GetStats() on controller SmartParkingF.API.Controllers.DashboardController (SmartParkingF.API).
2026-05-25 23:37:12.453 +03:00 [INF] Executed DbCommand (1ms) [Parameters=[], CommandType='"Text"', CommandTimeout='30']
SELECT COALESCE(SUM([r].[TotalPrice]), 0.0)
FROM [Reservations] AS [r]
WHERE [r].[Status] = N'Confirmed'
2026-05-25 23:37:12.456 +03:00 [INF] Executed DbCommand (0ms) [Parameters=[], CommandType='"Text"', CommandTimeout='30']
SELECT COUNT(*)
FROM [Reservations] AS [r]
WHERE [r].[Status] = N'Confirmed'
2026-05-25 23:37:12.459 +03:00 [INF] Executed DbCommand (1ms) [Parameters=[], CommandType='"Text"', CommandTimeout='30']
SELECT COUNT(*)
FROM [ParkingSpots] AS [p]
2026-05-25 23:37:12.462 +03:00 [INF] Executed DbCommand (1ms) [Parameters=[], CommandType='"Text"', CommandTimeout='30']
SELECT COUNT(*)
FROM [ParkingSpots] AS [p]
WHERE [p].[Status] = N'Busy'
2026-05-25 23:37:12.466 +03:00 [INF] Executed DbCommand (0ms) [Parameters=[], CommandType='"Text"', CommandTimeout='30']
SELECT COUNT(*)
FROM [Users] AS [u]
2026-05-25 23:37:12.468 +03:00 [INF] Executing OkObjectResult, writing value of type '<>f__AnonymousType0`6[[System.Decimal, System.Private.CoreLib, Version=10.0.0.0, Culture=neutral, PublicKeyToken=7cec85d7bea7798e],[System.Int32, System.Private.CoreLib, Version=10.0.0.0, Culture=neutral, PublicKeyToken=7cec85d7bea7798e],[System.Int32, System.Private.CoreLib, Version=10.0.0.0, Culture=neutral, PublicKeyToken=7cec85d7bea7798e],[System.Int32, System.Private.CoreLib, Version=10.0.0.0, Culture=neutral, PublicKeyToken=7cec85d7bea7798e],[System.Int32, System.Private.CoreLib, Version=10.0.0.0, Culture=neutral, PublicKeyToken=7cec85d7bea7798e],[System.Int32, System.Private.CoreLib, Version=10.0.0.0, Culture=neutral, PublicKeyToken=7cec85d7bea7798e]]'.
2026-05-25 23:37:12.469 +03:00 [INF] Executed action SmartParkingF.API.Controllers.DashboardController.GetStats (SmartParkingF.API) in 18.36ms
2026-05-25 23:37:12.470 +03:00 [INF] Request starting HTTP/2 GET https://localhost:7144/api/dashboard/stats - null null
2026-05-25 23:37:12.470 +03:00 [INF] Executed endpoint 'SmartParkingF.API.Controllers.DashboardController.GetStats (SmartParkingF.API)'
2026-05-25 23:37:12.473 +03:00 [INF] CORS policy execution successful.
2026-05-25 23:37:12.474 +03:00 [INF] HTTP GET /api/dashboard/stats responded 200 in 28.6861 ms
2026-05-25 23:37:12.475 +03:00 [INF] Executing endpoint 'SmartParkingF.API.Controllers.DashboardController.GetStats (SmartParkingF.API)'
2026-05-25 23:37:12.476 +03:00 [INF] Request finished HTTP/2 GET https://localhost:7144/api/dashboard/stats - 200 null application/json; charset=utf-8 34.9347ms
2026-05-25 23:37:12.477 +03:00 [INF] Route matched with {action = "GetStats", controller = "Dashboard"}. Executing controller action with signature System.Threading.Tasks.Task`1[Microsoft.AspNetCore.Mvc.IActionResult] GetStats() on controller SmartParkingF.API.Controllers.DashboardController (SmartParkingF.API).
2026-05-25 23:37:12.483 +03:00 [INF] Executed DbCommand (1ms) [Parameters=[], CommandType='"Text"', CommandTimeout='30']
SELECT COALESCE(SUM([r].[TotalPrice]), 0.0)
FROM [Reservations] AS [r]
WHERE [r].[Status] = N'Confirmed'
2026-05-25 23:37:12.486 +03:00 [INF] Executed DbCommand (0ms) [Parameters=[], CommandType='"Text"', CommandTimeout='30']
SELECT COUNT(*)
FROM [Reservations] AS [r]
WHERE [r].[Status] = N'Confirmed'
2026-05-25 23:37:12.488 +03:00 [INF] Executed DbCommand (1ms) [Parameters=[], CommandType='"Text"', CommandTimeout='30']
SELECT COUNT(*)
FROM [ParkingSpots] AS [p]
2026-05-25 23:37:12.491 +03:00 [INF] Executed DbCommand (1ms) [Parameters=[], CommandType='"Text"', CommandTimeout='30']
SELECT COUNT(*)
FROM [ParkingSpots] AS [p]
WHERE [p].[Status] = N'Busy'
2026-05-25 23:37:12.494 +03:00 [INF] Executed DbCommand (0ms) [Parameters=[], CommandType='"Text"', CommandTimeout='30']
SELECT COUNT(*)
FROM [Users] AS [u]
2026-05-25 23:37:12.496 +03:00 [INF] Executing OkObjectResult, writing value of type '<>f__AnonymousType0`6[[System.Decimal, System.Private.CoreLib, Version=10.0.0.0, Culture=neutral, PublicKeyToken=7cec85d7bea7798e],[System.Int32, System.Private.CoreLib, Version=10.0.0.0, Culture=neutral, PublicKeyToken=7cec85d7bea7798e],[System.Int32, System.Private.CoreLib, Version=10.0.0.0, Culture=neutral, PublicKeyToken=7cec85d7bea7798e],[System.Int32, System.Private.CoreLib, Version=10.0.0.0, Culture=neutral, PublicKeyToken=7cec85d7bea7798e],[System.Int32, System.Private.CoreLib, Version=10.0.0.0, Culture=neutral, PublicKeyToken=7cec85d7bea7798e],[System.Int32, System.Private.CoreLib, Version=10.0.0.0, Culture=neutral, PublicKeyToken=7cec85d7bea7798e]]'.
2026-05-25 23:37:12.498 +03:00 [INF] Executed action SmartParkingF.API.Controllers.DashboardController.GetStats (SmartParkingF.API) in 16.4563ms
2026-05-25 23:37:12.499 +03:00 [INF] Executed endpoint 'SmartParkingF.API.Controllers.DashboardController.GetStats (SmartParkingF.API)'
2026-05-25 23:37:12.500 +03:00 [INF] HTTP GET /api/dashboard/stats responded 200 in 27.6026 ms
2026-05-25 23:37:12.502 +03:00 [INF] Request finished HTTP/2 GET https://localhost:7144/api/dashboard/stats - 200 null application/json; charset=utf-8 31.575ms
2026-05-25 23:37:12.627 +03:00 [INF] Request starting HTTP/2 GET https://localhost:7144/api/dashboard/stats - null null
2026-05-25 23:37:12.631 +03:00 [INF] CORS policy execution successful.
2026-05-25 23:37:12.633 +03:00 [INF] Executing endpoint 'SmartParkingF.API.Controllers.DashboardController.GetStats (SmartParkingF.API)'
2026-05-25 23:37:12.634 +03:00 [INF] Route matched with {action = "GetStats", controller = "Dashboard"}. Executing controller action with signature System.Threading.Tasks.Task`1[Microsoft.AspNetCore.Mvc.IActionResult] GetStats() on controller SmartParkingF.API.Controllers.DashboardController (SmartParkingF.API).
2026-05-25 23:37:12.638 +03:00 [INF] Executed DbCommand (1ms) [Parameters=[], CommandType='"Text"', CommandTimeout='30']
SELECT COALESCE(SUM([r].[TotalPrice]), 0.0)
FROM [Reservations] AS [r]
WHERE [r].[Status] = N'Confirmed'
2026-05-25 23:37:12.642 +03:00 [INF] Executed DbCommand (1ms) [Parameters=[], CommandType='"Text"', CommandTimeout='30']
SELECT COUNT(*)
FROM [Reservations] AS [r]
WHERE [r].[Status] = N'Confirmed'
2026-05-25 23:37:12.645 +03:00 [INF] Executed DbCommand (1ms) [Parameters=[], CommandType='"Text"', CommandTimeout='30']
SELECT COUNT(*)
FROM [ParkingSpots] AS [p]
2026-05-25 23:37:12.649 +03:00 [INF] Executed DbCommand (1ms) [Parameters=[], CommandType='"Text"', CommandTimeout='30']
SELECT COUNT(*)
FROM [ParkingSpots] AS [p]
WHERE [p].[Status] = N'Busy'
2026-05-25 23:37:12.652 +03:00 [INF] Executed DbCommand (0ms) [Parameters=[], CommandType='"Text"', CommandTimeout='30']
SELECT COUNT(*)
FROM [Users] AS [u]
2026-05-25 23:37:12.654 +03:00 [INF] Executing OkObjectResult, writing value of type '<>f__AnonymousType0`6[[System.Decimal, System.Private.CoreLib, Version=10.0.0.0, Culture=neutral, PublicKeyToken=7cec85d7bea7798e],[System.Int32, System.Private.CoreLib, Version=10.0.0.0, Culture=neutral, PublicKeyToken=7cec85d7bea7798e],[System.Int32, System.Private.CoreLib, Version=10.0.0.0, Culture=neutral, PublicKeyToken=7cec85d7bea7798e],[System.Int32, System.Private.CoreLib, Version=10.0.0.0, Culture=neutral, PublicKeyToken=7cec85d7bea7798e],[System.Int32, System.Private.CoreLib, Version=10.0.0.0, Culture=neutral, PublicKeyToken=7cec85d7bea7798e],[System.Int32, System.Private.CoreLib, Version=10.0.0.0, Culture=neutral, PublicKeyToken=7cec85d7bea7798e]]'.
2026-05-25 23:37:12.656 +03:00 [INF] Executed action SmartParkingF.API.Controllers.DashboardController.GetStats (SmartParkingF.API) in 19.3986ms
2026-05-25 23:37:12.657 +03:00 [INF] Request starting HTTP/2 GET https://localhost:7144/api/dashboard/stats - null null
2026-05-25 23:37:12.659 +03:00 [INF] Executed endpoint 'SmartParkingF.API.Controllers.DashboardController.GetStats (SmartParkingF.API)'
2026-05-25 23:37:12.662 +03:00 [INF] CORS policy execution successful.
2026-05-25 23:37:12.663 +03:00 [INF] HTTP GET /api/dashboard/stats responded 200 in 32.0610 ms
2026-05-25 23:37:12.664 +03:00 [INF] Executing endpoint 'SmartParkingF.API.Controllers.DashboardController.GetStats (SmartParkingF.API)'
2026-05-25 23:37:12.666 +03:00 [INF] Request finished HTTP/2 GET https://localhost:7144/api/dashboard/stats - 200 null application/json; charset=utf-8 39.215ms
2026-05-25 23:37:12.667 +03:00 [INF] Route matched with {action = "GetStats", controller = "Dashboard"}. Executing controller action with signature System.Threading.Tasks.Task`1[Microsoft.AspNetCore.Mvc.IActionResult] GetStats() on controller SmartParkingF.API.Controllers.DashboardController (SmartParkingF.API).
2026-05-25 23:37:12.688 +03:00 [INF] Executed DbCommand (1ms) [Parameters=[], CommandType='"Text"', CommandTimeout='30']
SELECT COALESCE(SUM([r].[TotalPrice]), 0.0)
FROM [Reservations] AS [r]
WHERE [r].[Status] = N'Confirmed'
2026-05-25 23:37:12.691 +03:00 [INF] Executed DbCommand (0ms) [Parameters=[], CommandType='"Text"', CommandTimeout='30']
SELECT COUNT(*)
FROM [Reservations] AS [r]
WHERE [r].[Status] = N'Confirmed'
2026-05-25 23:37:12.694 +03:00 [INF] Executed DbCommand (0ms) [Parameters=[], CommandType='"Text"', CommandTimeout='30']
SELECT COUNT(*)
FROM [ParkingSpots] AS [p]
2026-05-25 23:37:12.697 +03:00 [INF] Executed DbCommand (1ms) [Parameters=[], CommandType='"Text"', CommandTimeout='30']
SELECT COUNT(*)
FROM [ParkingSpots] AS [p]
WHERE [p].[Status] = N'Busy'
2026-05-25 23:37:12.700 +03:00 [INF] Executed DbCommand (0ms) [Parameters=[], CommandType='"Text"', CommandTimeout='30']
SELECT COUNT(*)
FROM [Users] AS [u]
2026-05-25 23:37:12.703 +03:00 [INF] Executing OkObjectResult, writing value of type '<>f__AnonymousType0`6[[System.Decimal, System.Private.CoreLib, Version=10.0.0.0, Culture=neutral, PublicKeyToken=7cec85d7bea7798e],[System.Int32, System.Private.CoreLib, Version=10.0.0.0, Culture=neutral, PublicKeyToken=7cec85d7bea7798e],[System.Int32, System.Private.CoreLib, Version=10.0.0.0, Culture=neutral, PublicKeyToken=7cec85d7bea7798e],[System.Int32, System.Private.CoreLib, Version=10.0.0.0, Culture=neutral, PublicKeyToken=7cec85d7bea7798e],[System.Int32, System.Private.CoreLib, Version=10.0.0.0, Culture=neutral, PublicKeyToken=7cec85d7bea7798e],[System.Int32, System.Private.CoreLib, Version=10.0.0.0, Culture=neutral, PublicKeyToken=7cec85d7bea7798e]]'.
2026-05-25 23:37:12.704 +03:00 [INF] Executed action SmartParkingF.API.Controllers.DashboardController.GetStats (SmartParkingF.API) in 32.708ms
2026-05-25 23:37:12.705 +03:00 [INF] Executed endpoint 'SmartParkingF.API.Controllers.DashboardController.GetStats (SmartParkingF.API)'
2026-05-25 23:37:12.706 +03:00 [INF] HTTP GET /api/dashboard/stats responded 200 in 44.4026 ms
2026-05-25 23:37:12.708 +03:00 [INF] Request finished HTTP/2 GET https://localhost:7144/api/dashboard/stats - 200 null application/json; charset=utf-8 50.8228ms
2026-05-25 23:37:12.753 +03:00 [INF] Request starting HTTP/2 GET https://localhost:7144/api/dashboard/stats - null null
2026-05-25 23:37:12.755 +03:00 [INF] CORS policy execution successful.
2026-05-25 23:37:12.756 +03:00 [INF] Executing endpoint 'SmartParkingF.API.Controllers.DashboardController.GetStats (SmartParkingF.API)'
2026-05-25 23:37:12.757 +03:00 [INF] Route matched with {action = "GetStats", controller = "Dashboard"}. Executing controller action with signature System.Threading.Tasks.Task`1[Microsoft.AspNetCore.Mvc.IActionResult] GetStats() on controller SmartParkingF.API.Controllers.DashboardController (SmartParkingF.API).
2026-05-25 23:37:12.760 +03:00 [INF] Executed DbCommand (0ms) [Parameters=[], CommandType='"Text"', CommandTimeout='30']
SELECT COALESCE(SUM([r].[TotalPrice]), 0.0)
FROM [Reservations] AS [r]
WHERE [r].[Status] = N'Confirmed'
2026-05-25 23:37:12.762 +03:00 [INF] Executed DbCommand (0ms) [Parameters=[], CommandType='"Text"', CommandTimeout='30']
SELECT COUNT(*)
FROM [Reservations] AS [r]
WHERE [r].[Status] = N'Confirmed'
2026-05-25 23:37:12.766 +03:00 [INF] Executed DbCommand (1ms) [Parameters=[], CommandType='"Text"', CommandTimeout='30']
SELECT COUNT(*)
FROM [ParkingSpots] AS [p]
2026-05-25 23:37:12.768 +03:00 [INF] Executed DbCommand (1ms) [Parameters=[], CommandType='"Text"', CommandTimeout='30']
SELECT COUNT(*)
FROM [ParkingSpots] AS [p]
WHERE [p].[Status] = N'Busy'
2026-05-25 23:37:12.771 +03:00 [INF] Executed DbCommand (0ms) [Parameters=[], CommandType='"Text"', CommandTimeout='30']
SELECT COUNT(*)
FROM [Users] AS [u]
2026-05-25 23:37:12.773 +03:00 [INF] Executing OkObjectResult, writing value of type '<>f__AnonymousType0`6[[System.Decimal, System.Private.CoreLib, Version=10.0.0.0, Culture=neutral, PublicKeyToken=7cec85d7bea7798e],[System.Int32, System.Private.CoreLib, Version=10.0.0.0, Culture=neutral, PublicKeyToken=7cec85d7bea7798e],[System.Int32, System.Private.CoreLib, Version=10.0.0.0, Culture=neutral, PublicKeyToken=7cec85d7bea7798e],[System.Int32, System.Private.CoreLib, Version=10.0.0.0, Culture=neutral, PublicKeyToken=7cec85d7bea7798e],[System.Int32, System.Private.CoreLib, Version=10.0.0.0, Culture=neutral, PublicKeyToken=7cec85d7bea7798e],[System.Int32, System.Private.CoreLib, Version=10.0.0.0, Culture=neutral, PublicKeyToken=7cec85d7bea7798e]]'.
2026-05-25 23:37:12.774 +03:00 [INF] Executed action SmartParkingF.API.Controllers.DashboardController.GetStats (SmartParkingF.API) in 15.4402ms
2026-05-25 23:37:12.775 +03:00 [INF] Request starting HTTP/2 GET https://localhost:7144/api/dashboard/stats - null null
2026-05-25 23:37:12.775 +03:00 [INF] Executed endpoint 'SmartParkingF.API.Controllers.DashboardController.GetStats (SmartParkingF.API)'
2026-05-25 23:37:12.778 +03:00 [INF] CORS policy execution successful.
2026-05-25 23:37:12.778 +03:00 [INF] HTTP GET /api/dashboard/stats responded 200 in 23.2511 ms
2026-05-25 23:37:12.779 +03:00 [INF] Executing endpoint 'SmartParkingF.API.Controllers.DashboardController.GetStats (SmartParkingF.API)'
2026-05-25 23:37:12.781 +03:00 [INF] Request finished HTTP/2 GET https://localhost:7144/api/dashboard/stats - 200 null application/json; charset=utf-8 28.4637ms
2026-05-25 23:37:12.782 +03:00 [INF] Route matched with {action = "GetStats", controller = "Dashboard"}. Executing controller action with signature System.Threading.Tasks.Task`1[Microsoft.AspNetCore.Mvc.IActionResult] GetStats() on controller SmartParkingF.API.Controllers.DashboardController (SmartParkingF.API).
2026-05-25 23:37:12.788 +03:00 [INF] Executed DbCommand (1ms) [Parameters=[], CommandType='"Text"', CommandTimeout='30']
SELECT COALESCE(SUM([r].[TotalPrice]), 0.0)
FROM [Reservations] AS [r]
WHERE [r].[Status] = N'Confirmed'
2026-05-25 23:37:12.791 +03:00 [INF] Executed DbCommand (1ms) [Parameters=[], CommandType='"Text"', CommandTimeout='30']
SELECT COUNT(*)
FROM [Reservations] AS [r]
WHERE [r].[Status] = N'Confirmed'
2026-05-25 23:37:12.793 +03:00 [INF] Executed DbCommand (0ms) [Parameters=[], CommandType='"Text"', CommandTimeout='30']
SELECT COUNT(*)
FROM [ParkingSpots] AS [p]
2026-05-25 23:37:12.796 +03:00 [INF] Executed DbCommand (0ms) [Parameters=[], CommandType='"Text"', CommandTimeout='30']
SELECT COUNT(*)
FROM [ParkingSpots] AS [p]
WHERE [p].[Status] = N'Busy'
2026-05-25 23:37:12.799 +03:00 [INF] Executed DbCommand (1ms) [Parameters=[], CommandType='"Text"', CommandTimeout='30']
SELECT COUNT(*)
FROM [Users] AS [u]
2026-05-25 23:37:12.801 +03:00 [INF] Executing OkObjectResult, writing value of type '<>f__AnonymousType0`6[[System.Decimal, System.Private.CoreLib, Version=10.0.0.0, Culture=neutral, PublicKeyToken=7cec85d7bea7798e],[System.Int32, System.Private.CoreLib, Version=10.0.0.0, Culture=neutral, PublicKeyToken=7cec85d7bea7798e],[System.Int32, System.Private.CoreLib, Version=10.0.0.0, Culture=neutral, PublicKeyToken=7cec85d7bea7798e],[System.Int32, System.Private.CoreLib, Version=10.0.0.0, Culture=neutral, PublicKeyToken=7cec85d7bea7798e],[System.Int32, System.Private.CoreLib, Version=10.0.0.0, Culture=neutral, PublicKeyToken=7cec85d7bea7798e],[System.Int32, System.Private.CoreLib, Version=10.0.0.0, Culture=neutral, PublicKeyToken=7cec85d7bea7798e]]'.
2026-05-25 23:37:12.803 +03:00 [INF] Executed action SmartParkingF.API.Controllers.DashboardController.GetStats (SmartParkingF.API) in 15.9887ms
2026-05-25 23:37:12.804 +03:00 [INF] Executed endpoint 'SmartParkingF.API.Controllers.DashboardController.GetStats (SmartParkingF.API)'
2026-05-25 23:37:12.805 +03:00 [INF] HTTP GET /api/dashboard/stats responded 200 in 27.5229 ms
2026-05-25 23:37:12.807 +03:00 [INF] Request finished HTTP/2 GET https://localhost:7144/api/dashboard/stats - 200 null application/json; charset=utf-8 31.5479ms
2026-05-25 23:37:12.905 +03:00 [INF] Request starting HTTP/2 GET https://localhost:7144/api/dashboard/stats - null null
2026-05-25 23:37:12.909 +03:00 [INF] CORS policy execution successful.
2026-05-25 23:37:12.910 +03:00 [INF] Executing endpoint 'SmartParkingF.API.Controllers.DashboardController.GetStats (SmartParkingF.API)'
2026-05-25 23:37:12.911 +03:00 [INF] Route matched with {action = "GetStats", controller = "Dashboard"}. Executing controller action with signature System.Threading.Tasks.Task`1[Microsoft.AspNetCore.Mvc.IActionResult] GetStats() on controller SmartParkingF.API.Controllers.DashboardController (SmartParkingF.API).
2026-05-25 23:37:12.915 +03:00 [INF] Executed DbCommand (1ms) [Parameters=[], CommandType='"Text"', CommandTimeout='30']
SELECT COALESCE(SUM([r].[TotalPrice]), 0.0)
FROM [Reservations] AS [r]
WHERE [r].[Status] = N'Confirmed'
2026-05-25 23:37:12.919 +03:00 [INF] Executed DbCommand (1ms) [Parameters=[], CommandType='"Text"', CommandTimeout='30']
SELECT COUNT(*)
FROM [Reservations] AS [r]
WHERE [r].[Status] = N'Confirmed'
2026-05-25 23:37:12.922 +03:00 [INF] Executed DbCommand (0ms) [Parameters=[], CommandType='"Text"', CommandTimeout='30']
SELECT COUNT(*)
FROM [ParkingSpots] AS [p]
2026-05-25 23:37:12.925 +03:00 [INF] Executed DbCommand (1ms) [Parameters=[], CommandType='"Text"', CommandTimeout='30']
SELECT COUNT(*)
FROM [ParkingSpots] AS [p]
WHERE [p].[Status] = N'Busy'
2026-05-25 23:37:12.928 +03:00 [INF] Executed DbCommand (0ms) [Parameters=[], CommandType='"Text"', CommandTimeout='30']
SELECT COUNT(*)
FROM [Users] AS [u]
2026-05-25 23:37:12.931 +03:00 [INF] Executing OkObjectResult, writing value of type '<>f__AnonymousType0`6[[System.Decimal, System.Private.CoreLib, Version=10.0.0.0, Culture=neutral, PublicKeyToken=7cec85d7bea7798e],[System.Int32, System.Private.CoreLib, Version=10.0.0.0, Culture=neutral, PublicKeyToken=7cec85d7bea7798e],[System.Int32, System.Private.CoreLib, Version=10.0.0.0, Culture=neutral, PublicKeyToken=7cec85d7bea7798e],[System.Int32, System.Private.CoreLib, Version=10.0.0.0, Culture=neutral, PublicKeyToken=7cec85d7bea7798e],[System.Int32, System.Private.CoreLib, Version=10.0.0.0, Culture=neutral, PublicKeyToken=7cec85d7bea7798e],[System.Int32, System.Private.CoreLib, Version=10.0.0.0, Culture=neutral, PublicKeyToken=7cec85d7bea7798e]]'.
2026-05-25 23:37:12.933 +03:00 [INF] Executed action SmartParkingF.API.Controllers.DashboardController.GetStats (SmartParkingF.API) in 19.1766ms
2026-05-25 23:37:12.934 +03:00 [INF] Request starting HTTP/2 GET https://localhost:7144/api/dashboard/stats - null null
2026-05-25 23:37:12.934 +03:00 [INF] Executed endpoint 'SmartParkingF.API.Controllers.DashboardController.GetStats (SmartParkingF.API)'
2026-05-25 23:37:12.936 +03:00 [INF] CORS policy execution successful.
2026-05-25 23:37:12.937 +03:00 [INF] HTTP GET /api/dashboard/stats responded 200 in 28.3577 ms
2026-05-25 23:37:12.938 +03:00 [INF] Executing endpoint 'SmartParkingF.API.Controllers.DashboardController.GetStats (SmartParkingF.API)'
2026-05-25 23:37:12.939 +03:00 [INF] Request finished HTTP/2 GET https://localhost:7144/api/dashboard/stats - 200 null application/json; charset=utf-8 34.1274ms
2026-05-25 23:37:12.940 +03:00 [INF] Route matched with {action = "GetStats", controller = "Dashboard"}. Executing controller action with signature System.Threading.Tasks.Task`1[Microsoft.AspNetCore.Mvc.IActionResult] GetStats() on controller SmartParkingF.API.Controllers.DashboardController (SmartParkingF.API).
2026-05-25 23:37:12.946 +03:00 [INF] Executed DbCommand (1ms) [Parameters=[], CommandType='"Text"', CommandTimeout='30']
SELECT COALESCE(SUM([r].[TotalPrice]), 0.0)
FROM [Reservations] AS [r]
WHERE [r].[Status] = N'Confirmed'
2026-05-25 23:37:12.949 +03:00 [INF] Executed DbCommand (1ms) [Parameters=[], CommandType='"Text"', CommandTimeout='30']
SELECT COUNT(*)
FROM [Reservations] AS [r]
WHERE [r].[Status] = N'Confirmed'
2026-05-25 23:37:12.951 +03:00 [INF] Executed DbCommand (0ms) [Parameters=[], CommandType='"Text"', CommandTimeout='30']
SELECT COUNT(*)
FROM [ParkingSpots] AS [p]
2026-05-25 23:37:12.955 +03:00 [INF] Executed DbCommand (1ms) [Parameters=[], CommandType='"Text"', CommandTimeout='30']
SELECT COUNT(*)
FROM [ParkingSpots] AS [p]
WHERE [p].[Status] = N'Busy'
2026-05-25 23:37:12.957 +03:00 [INF] Executed DbCommand (0ms) [Parameters=[], CommandType='"Text"', CommandTimeout='30']
SELECT COUNT(*)
FROM [Users] AS [u]
2026-05-25 23:37:12.959 +03:00 [INF] Executing OkObjectResult, writing value of type '<>f__AnonymousType0`6[[System.Decimal, System.Private.CoreLib, Version=10.0.0.0, Culture=neutral, PublicKeyToken=7cec85d7bea7798e],[System.Int32, System.Private.CoreLib, Version=10.0.0.0, Culture=neutral, PublicKeyToken=7cec85d7bea7798e],[System.Int32, System.Private.CoreLib, Version=10.0.0.0, Culture=neutral, PublicKeyToken=7cec85d7bea7798e],[System.Int32, System.Private.CoreLib, Version=10.0.0.0, Culture=neutral, PublicKeyToken=7cec85d7bea7798e],[System.Int32, System.Private.CoreLib, Version=10.0.0.0, Culture=neutral, PublicKeyToken=7cec85d7bea7798e],[System.Int32, System.Private.CoreLib, Version=10.0.0.0, Culture=neutral, PublicKeyToken=7cec85d7bea7798e]]'.
2026-05-25 23:37:12.961 +03:00 [INF] Executed action SmartParkingF.API.Controllers.DashboardController.GetStats (SmartParkingF.API) in 15.7793ms
2026-05-25 23:37:12.962 +03:00 [INF] Executed endpoint 'SmartParkingF.API.Controllers.DashboardController.GetStats (SmartParkingF.API)'
2026-05-25 23:37:12.963 +03:00 [INF] HTTP GET /api/dashboard/stats responded 200 in 27.0298 ms
2026-05-25 23:37:12.965 +03:00 [INF] Request finished HTTP/2 GET https://localhost:7144/api/dashboard/stats - 200 null application/json; charset=utf-8 31.4727ms
2026-05-25 23:37:13.139 +03:00 [INF] Request starting HTTP/2 GET https://localhost:7144/api/dashboard/stats - null null
2026-05-25 23:37:13.143 +03:00 [INF] CORS policy execution successful.
2026-05-25 23:37:13.144 +03:00 [INF] Executing endpoint 'SmartParkingF.API.Controllers.DashboardController.GetStats (SmartParkingF.API)'
2026-05-25 23:37:13.145 +03:00 [INF] Route matched with {action = "GetStats", controller = "Dashboard"}. Executing controller action with signature System.Threading.Tasks.Task`1[Microsoft.AspNetCore.Mvc.IActionResult] GetStats() on controller SmartParkingF.API.Controllers.DashboardController (SmartParkingF.API).
2026-05-25 23:37:13.150 +03:00 [INF] Executed DbCommand (1ms) [Parameters=[], CommandType='"Text"', CommandTimeout='30']
SELECT COALESCE(SUM([r].[TotalPrice]), 0.0)
FROM [Reservations] AS [r]
WHERE [r].[Status] = N'Confirmed'
2026-05-25 23:37:13.154 +03:00 [INF] Executed DbCommand (1ms) [Parameters=[], CommandType='"Text"', CommandTimeout='30']
SELECT COUNT(*)
FROM [Reservations] AS [r]
WHERE [r].[Status] = N'Confirmed'
2026-05-25 23:37:13.157 +03:00 [INF] Executed DbCommand (1ms) [Parameters=[], CommandType='"Text"', CommandTimeout='30']
SELECT COUNT(*)
FROM [ParkingSpots] AS [p]
2026-05-25 23:37:13.161 +03:00 [INF] Executed DbCommand (1ms) [Parameters=[], CommandType='"Text"', CommandTimeout='30']
SELECT COUNT(*)
FROM [ParkingSpots] AS [p]
WHERE [p].[Status] = N'Busy'
2026-05-25 23:37:13.164 +03:00 [INF] Executed DbCommand (1ms) [Parameters=[], CommandType='"Text"', CommandTimeout='30']
SELECT COUNT(*)
FROM [Users] AS [u]
2026-05-25 23:37:13.166 +03:00 [INF] Executing OkObjectResult, writing value of type '<>f__AnonymousType0`6[[System.Decimal, System.Private.CoreLib, Version=10.0.0.0, Culture=neutral, PublicKeyToken=7cec85d7bea7798e],[System.Int32, System.Private.CoreLib, Version=10.0.0.0, Culture=neutral, PublicKeyToken=7cec85d7bea7798e],[System.Int32, System.Private.CoreLib, Version=10.0.0.0, Culture=neutral, PublicKeyToken=7cec85d7bea7798e],[System.Int32, System.Private.CoreLib, Version=10.0.0.0, Culture=neutral, PublicKeyToken=7cec85d7bea7798e],[System.Int32, System.Private.CoreLib, Version=10.0.0.0, Culture=neutral, PublicKeyToken=7cec85d7bea7798e],[System.Int32, System.Private.CoreLib, Version=10.0.0.0, Culture=neutral, PublicKeyToken=7cec85d7bea7798e]]'.
2026-05-25 23:37:13.168 +03:00 [INF] Executed action SmartParkingF.API.Controllers.DashboardController.GetStats (SmartParkingF.API) in 19.163ms
2026-05-25 23:37:13.169 +03:00 [INF] Request starting HTTP/2 GET https://localhost:7144/api/dashboard/stats - null null
2026-05-25 23:37:13.169 +03:00 [INF] Executed endpoint 'SmartParkingF.API.Controllers.DashboardController.GetStats (SmartParkingF.API)'
2026-05-25 23:37:13.171 +03:00 [INF] CORS policy execution successful.
2026-05-25 23:37:13.172 +03:00 [INF] HTTP GET /api/dashboard/stats responded 200 in 29.5063 ms
2026-05-25 23:37:13.173 +03:00 [INF] Executing endpoint 'SmartParkingF.API.Controllers.DashboardController.GetStats (SmartParkingF.API)'
2026-05-25 23:37:13.175 +03:00 [INF] Request finished HTTP/2 GET https://localhost:7144/api/dashboard/stats - 200 null application/json; charset=utf-8 35.7818ms
2026-05-25 23:37:13.176 +03:00 [INF] Route matched with {action = "GetStats", controller = "Dashboard"}. Executing controller action with signature System.Threading.Tasks.Task`1[Microsoft.AspNetCore.Mvc.IActionResult] GetStats() on controller SmartParkingF.API.Controllers.DashboardController (SmartParkingF.API).
2026-05-25 23:37:13.182 +03:00 [INF] Executed DbCommand (1ms) [Parameters=[], CommandType='"Text"', CommandTimeout='30']
SELECT COALESCE(SUM([r].[TotalPrice]), 0.0)
FROM [Reservations] AS [r]
WHERE [r].[Status] = N'Confirmed'
2026-05-25 23:37:13.185 +03:00 [INF] Executed DbCommand (1ms) [Parameters=[], CommandType='"Text"', CommandTimeout='30']
SELECT COUNT(*)
FROM [Reservations] AS [r]
WHERE [r].[Status] = N'Confirmed'
2026-05-25 23:37:13.188 +03:00 [INF] Executed DbCommand (0ms) [Parameters=[], CommandType='"Text"', CommandTimeout='30']
SELECT COUNT(*)
FROM [ParkingSpots] AS [p]
2026-05-25 23:37:13.191 +03:00 [INF] Executed DbCommand (1ms) [Parameters=[], CommandType='"Text"', CommandTimeout='30']
SELECT COUNT(*)
FROM [ParkingSpots] AS [p]
WHERE [p].[Status] = N'Busy'
2026-05-25 23:37:13.194 +03:00 [INF] Executed DbCommand (1ms) [Parameters=[], CommandType='"Text"', CommandTimeout='30']
SELECT COUNT(*)
FROM [Users] AS [u]
2026-05-25 23:37:13.196 +03:00 [INF] Executing OkObjectResult, writing value of type '<>f__AnonymousType0`6[[System.Decimal, System.Private.CoreLib, Version=10.0.0.0, Culture=neutral, PublicKeyToken=7cec85d7bea7798e],[System.Int32, System.Private.CoreLib, Version=10.0.0.0, Culture=neutral, PublicKeyToken=7cec85d7bea7798e],[System.Int32, System.Private.CoreLib, Version=10.0.0.0, Culture=neutral, PublicKeyToken=7cec85d7bea7798e],[System.Int32, System.Private.CoreLib, Version=10.0.0.0, Culture=neutral, PublicKeyToken=7cec85d7bea7798e],[System.Int32, System.Private.CoreLib, Version=10.0.0.0, Culture=neutral, PublicKeyToken=7cec85d7bea7798e],[System.Int32, System.Private.CoreLib, Version=10.0.0.0, Culture=neutral, PublicKeyToken=7cec85d7bea7798e]]'.
2026-05-25 23:37:13.198 +03:00 [INF] Executed action SmartParkingF.API.Controllers.DashboardController.GetStats (SmartParkingF.API) in 18.0329ms
2026-05-25 23:37:13.200 +03:00 [INF] Executed endpoint 'SmartParkingF.API.Controllers.DashboardController.GetStats (SmartParkingF.API)'
2026-05-25 23:37:13.201 +03:00 [INF] HTTP GET /api/dashboard/stats responded 200 in 29.6469 ms
2026-05-25 23:37:13.203 +03:00 [INF] Request finished HTTP/2 GET https://localhost:7144/api/dashboard/stats - 200 null application/json; charset=utf-8 33.9109ms
2026-05-25 23:37:14.009 +03:00 [INF] Request starting HTTP/2 GET https://localhost:7144/api/dashboard/stats - null null
2026-05-25 23:37:14.016 +03:00 [INF] CORS policy execution successful.
2026-05-25 23:37:14.018 +03:00 [INF] Executing endpoint 'SmartParkingF.API.Controllers.DashboardController.GetStats (SmartParkingF.API)'
2026-05-25 23:37:14.020 +03:00 [INF] Route matched with {action = "GetStats", controller = "Dashboard"}. Executing controller action with signature System.Threading.Tasks.Task`1[Microsoft.AspNetCore.Mvc.IActionResult] GetStats() on controller SmartParkingF.API.Controllers.DashboardController (SmartParkingF.API).
2026-05-25 23:37:14.025 +03:00 [INF] Executed DbCommand (1ms) [Parameters=[], CommandType='"Text"', CommandTimeout='30']
SELECT COALESCE(SUM([r].[TotalPrice]), 0.0)
FROM [Reservations] AS [r]
WHERE [r].[Status] = N'Confirmed'
2026-05-25 23:37:14.029 +03:00 [INF] Executed DbCommand (1ms) [Parameters=[], CommandType='"Text"', CommandTimeout='30']
SELECT COUNT(*)
FROM [Reservations] AS [r]
WHERE [r].[Status] = N'Confirmed'
2026-05-25 23:37:14.033 +03:00 [INF] Executed DbCommand (1ms) [Parameters=[], CommandType='"Text"', CommandTimeout='30']
SELECT COUNT(*)
FROM [ParkingSpots] AS [p]
2026-05-25 23:37:14.036 +03:00 [INF] Executed DbCommand (1ms) [Parameters=[], CommandType='"Text"', CommandTimeout='30']
SELECT COUNT(*)
FROM [ParkingSpots] AS [p]
WHERE [p].[Status] = N'Busy'
2026-05-25 23:37:14.039 +03:00 [INF] Executed DbCommand (1ms) [Parameters=[], CommandType='"Text"', CommandTimeout='30']
SELECT COUNT(*)
FROM [Users] AS [u]
2026-05-25 23:37:14.042 +03:00 [INF] Executing OkObjectResult, writing value of type '<>f__AnonymousType0`6[[System.Decimal, System.Private.CoreLib, Version=10.0.0.0, Culture=neutral, PublicKeyToken=7cec85d7bea7798e],[System.Int32, System.Private.CoreLib, Version=10.0.0.0, Culture=neutral, PublicKeyToken=7cec85d7bea7798e],[System.Int32, System.Private.CoreLib, Version=10.0.0.0, Culture=neutral, PublicKeyToken=7cec85d7bea7798e],[System.Int32, System.Private.CoreLib, Version=10.0.0.0, Culture=neutral, PublicKeyToken=7cec85d7bea7798e],[System.Int32, System.Private.CoreLib, Version=10.0.0.0, Culture=neutral, PublicKeyToken=7cec85d7bea7798e],[System.Int32, System.Private.CoreLib, Version=10.0.0.0, Culture=neutral, PublicKeyToken=7cec85d7bea7798e]]'.
2026-05-25 23:37:14.043 +03:00 [INF] Executed action SmartParkingF.API.Controllers.DashboardController.GetStats (SmartParkingF.API) in 20.615ms
2026-05-25 23:37:14.045 +03:00 [INF] Request starting HTTP/2 GET https://localhost:7144/api/dashboard/stats - null null
2026-05-25 23:37:14.045 +03:00 [INF] Executed endpoint 'SmartParkingF.API.Controllers.DashboardController.GetStats (SmartParkingF.API)'
2026-05-25 23:37:14.048 +03:00 [INF] CORS policy execution successful.
2026-05-25 23:37:14.049 +03:00 [INF] HTTP GET /api/dashboard/stats responded 200 in 32.5134 ms
2026-05-25 23:37:14.050 +03:00 [INF] Executing endpoint 'SmartParkingF.API.Controllers.DashboardController.GetStats (SmartParkingF.API)'
2026-05-25 23:37:14.051 +03:00 [INF] Request finished HTTP/2 GET https://localhost:7144/api/dashboard/stats - 200 null application/json; charset=utf-8 42.5959ms
2026-05-25 23:37:14.052 +03:00 [INF] Route matched with {action = "GetStats", controller = "Dashboard"}. Executing controller action with signature System.Threading.Tasks.Task`1[Microsoft.AspNetCore.Mvc.IActionResult] GetStats() on controller SmartParkingF.API.Controllers.DashboardController (SmartParkingF.API).
2026-05-25 23:37:14.058 +03:00 [INF] Executed DbCommand (0ms) [Parameters=[], CommandType='"Text"', CommandTimeout='30']
SELECT COALESCE(SUM([r].[TotalPrice]), 0.0)
FROM [Reservations] AS [r]
WHERE [r].[Status] = N'Confirmed'
2026-05-25 23:37:14.061 +03:00 [INF] Executed DbCommand (0ms) [Parameters=[], CommandType='"Text"', CommandTimeout='30']
SELECT COUNT(*)
FROM [Reservations] AS [r]
WHERE [r].[Status] = N'Confirmed'
2026-05-25 23:37:14.064 +03:00 [INF] Executed DbCommand (1ms) [Parameters=[], CommandType='"Text"', CommandTimeout='30']
SELECT COUNT(*)
FROM [ParkingSpots] AS [p]
2026-05-25 23:37:14.068 +03:00 [INF] Executed DbCommand (1ms) [Parameters=[], CommandType='"Text"', CommandTimeout='30']
SELECT COUNT(*)
FROM [ParkingSpots] AS [p]
WHERE [p].[Status] = N'Busy'
2026-05-25 23:37:14.071 +03:00 [INF] Executed DbCommand (0ms) [Parameters=[], CommandType='"Text"', CommandTimeout='30']
SELECT COUNT(*)
FROM [Users] AS [u]
2026-05-25 23:37:14.074 +03:00 [INF] Executing OkObjectResult, writing value of type '<>f__AnonymousType0`6[[System.Decimal, System.Private.CoreLib, Version=10.0.0.0, Culture=neutral, PublicKeyToken=7cec85d7bea7798e],[System.Int32, System.Private.CoreLib, Version=10.0.0.0, Culture=neutral, PublicKeyToken=7cec85d7bea7798e],[System.Int32, System.Private.CoreLib, Version=10.0.0.0, Culture=neutral, PublicKeyToken=7cec85d7bea7798e],[System.Int32, System.Private.CoreLib, Version=10.0.0.0, Culture=neutral, PublicKeyToken=7cec85d7bea7798e],[System.Int32, System.Private.CoreLib, Version=10.0.0.0, Culture=neutral, PublicKeyToken=7cec85d7bea7798e],[System.Int32, System.Private.CoreLib, Version=10.0.0.0, Culture=neutral, PublicKeyToken=7cec85d7bea7798e]]'.
2026-05-25 23:37:14.075 +03:00 [INF] Executed action SmartParkingF.API.Controllers.DashboardController.GetStats (SmartParkingF.API) in 18.4642ms
2026-05-25 23:37:14.077 +03:00 [INF] Executed endpoint 'SmartParkingF.API.Controllers.DashboardController.GetStats (SmartParkingF.API)'
2026-05-25 23:37:14.078 +03:00 [INF] HTTP GET /api/dashboard/stats responded 200 in 30.7711 ms
2026-05-25 23:37:14.081 +03:00 [INF] Request finished HTTP/2 GET https://localhost:7144/api/dashboard/stats - 200 null application/json; charset=utf-8 36.197ms
2026-05-25 23:37:25.525 +03:00 [INF] Request starting HTTP/2 GET https://localhost:7144/api/dashboard/stats - null null
2026-05-25 23:37:25.528 +03:00 [INF] CORS policy execution successful.
2026-05-25 23:37:25.530 +03:00 [INF] Executing endpoint 'SmartParkingF.API.Controllers.DashboardController.GetStats (SmartParkingF.API)'
2026-05-25 23:37:25.533 +03:00 [INF] Route matched with {action = "GetStats", controller = "Dashboard"}. Executing controller action with signature System.Threading.Tasks.Task`1[Microsoft.AspNetCore.Mvc.IActionResult] GetStats() on controller SmartParkingF.API.Controllers.DashboardController (SmartParkingF.API).
2026-05-25 23:37:25.536 +03:00 [INF] Executed DbCommand (1ms) [Parameters=[], CommandType='"Text"', CommandTimeout='30']
SELECT COALESCE(SUM([r].[TotalPrice]), 0.0)
FROM [Reservations] AS [r]
WHERE [r].[Status] = N'Confirmed'
2026-05-25 23:37:25.539 +03:00 [INF] Executed DbCommand (1ms) [Parameters=[], CommandType='"Text"', CommandTimeout='30']
SELECT COUNT(*)
FROM [Reservations] AS [r]
WHERE [r].[Status] = N'Confirmed'
2026-05-25 23:37:25.542 +03:00 [INF] Executed DbCommand (1ms) [Parameters=[], CommandType='"Text"', CommandTimeout='30']
SELECT COUNT(*)
FROM [ParkingSpots] AS [p]
2026-05-25 23:37:25.545 +03:00 [INF] Executed DbCommand (1ms) [Parameters=[], CommandType='"Text"', CommandTimeout='30']
SELECT COUNT(*)
FROM [ParkingSpots] AS [p]
WHERE [p].[Status] = N'Busy'
2026-05-25 23:37:25.550 +03:00 [INF] Executed DbCommand (0ms) [Parameters=[], CommandType='"Text"', CommandTimeout='30']
SELECT COUNT(*)
FROM [Users] AS [u]
2026-05-25 23:37:25.552 +03:00 [INF] Executing OkObjectResult, writing value of type '<>f__AnonymousType0`6[[System.Decimal, System.Private.CoreLib, Version=10.0.0.0, Culture=neutral, PublicKeyToken=7cec85d7bea7798e],[System.Int32, System.Private.CoreLib, Version=10.0.0.0, Culture=neutral, PublicKeyToken=7cec85d7bea7798e],[System.Int32, System.Private.CoreLib, Version=10.0.0.0, Culture=neutral, PublicKeyToken=7cec85d7bea7798e],[System.Int32, System.Private.CoreLib, Version=10.0.0.0, Culture=neutral, PublicKeyToken=7cec85d7bea7798e],[System.Int32, System.Private.CoreLib, Version=10.0.0.0, Culture=neutral, PublicKeyToken=7cec85d7bea7798e],[System.Int32, System.Private.CoreLib, Version=10.0.0.0, Culture=neutral, PublicKeyToken=7cec85d7bea7798e]]'.
2026-05-25 23:37:25.554 +03:00 [INF] Executed action SmartParkingF.API.Controllers.DashboardController.GetStats (SmartParkingF.API) in 18.9014ms
2026-05-25 23:37:25.556 +03:00 [INF] Request starting HTTP/2 GET https://localhost:7144/api/dashboard/stats - null null
2026-05-25 23:37:25.556 +03:00 [INF] Executed endpoint 'SmartParkingF.API.Controllers.DashboardController.GetStats (SmartParkingF.API)'
2026-05-25 23:37:25.559 +03:00 [INF] CORS policy execution successful.
2026-05-25 23:37:25.560 +03:00 [INF] HTTP GET /api/dashboard/stats responded 200 in 31.3339 ms
2026-05-25 23:37:25.561 +03:00 [INF] Executing endpoint 'SmartParkingF.API.Controllers.DashboardController.GetStats (SmartParkingF.API)'
2026-05-25 23:37:25.563 +03:00 [INF] Request finished HTTP/2 GET https://localhost:7144/api/dashboard/stats - 200 null application/json; charset=utf-8 37.2349ms
2026-05-25 23:37:25.564 +03:00 [INF] Route matched with {action = "GetStats", controller = "Dashboard"}. Executing controller action with signature System.Threading.Tasks.Task`1[Microsoft.AspNetCore.Mvc.IActionResult] GetStats() on controller SmartParkingF.API.Controllers.DashboardController (SmartParkingF.API).
2026-05-25 23:37:25.570 +03:00 [INF] Executed DbCommand (0ms) [Parameters=[], CommandType='"Text"', CommandTimeout='30']
SELECT COALESCE(SUM([r].[TotalPrice]), 0.0)
FROM [Reservations] AS [r]
WHERE [r].[Status] = N'Confirmed'
2026-05-25 23:37:25.572 +03:00 [INF] Executed DbCommand (0ms) [Parameters=[], CommandType='"Text"', CommandTimeout='30']
SELECT COUNT(*)
FROM [Reservations] AS [r]
WHERE [r].[Status] = N'Confirmed'
2026-05-25 23:37:25.575 +03:00 [INF] Executed DbCommand (0ms) [Parameters=[], CommandType='"Text"', CommandTimeout='30']
SELECT COUNT(*)
FROM [ParkingSpots] AS [p]
2026-05-25 23:37:25.577 +03:00 [INF] Executed DbCommand (1ms) [Parameters=[], CommandType='"Text"', CommandTimeout='30']
SELECT COUNT(*)
FROM [ParkingSpots] AS [p]
WHERE [p].[Status] = N'Busy'
2026-05-25 23:37:25.581 +03:00 [INF] Executed DbCommand (1ms) [Parameters=[], CommandType='"Text"', CommandTimeout='30']
SELECT COUNT(*)
FROM [Users] AS [u]
2026-05-25 23:37:25.583 +03:00 [INF] Executing OkObjectResult, writing value of type '<>f__AnonymousType0`6[[System.Decimal, System.Private.CoreLib, Version=10.0.0.0, Culture=neutral, PublicKeyToken=7cec85d7bea7798e],[System.Int32, System.Private.CoreLib, Version=10.0.0.0, Culture=neutral, PublicKeyToken=7cec85d7bea7798e],[System.Int32, System.Private.CoreLib, Version=10.0.0.0, Culture=neutral, PublicKeyToken=7cec85d7bea7798e],[System.Int32, System.Private.CoreLib, Version=10.0.0.0, Culture=neutral, PublicKeyToken=7cec85d7bea7798e],[System.Int32, System.Private.CoreLib, Version=10.0.0.0, Culture=neutral, PublicKeyToken=7cec85d7bea7798e],[System.Int32, System.Private.CoreLib, Version=10.0.0.0, Culture=neutral, PublicKeyToken=7cec85d7bea7798e]]'.
2026-05-25 23:37:25.585 +03:00 [INF] Executed action SmartParkingF.API.Controllers.DashboardController.GetStats (SmartParkingF.API) in 15.991ms
2026-05-25 23:37:25.586 +03:00 [INF] Executed endpoint 'SmartParkingF.API.Controllers.DashboardController.GetStats (SmartParkingF.API)'
2026-05-25 23:37:25.587 +03:00 [INF] HTTP GET /api/dashboard/stats responded 200 in 28.3316 ms
2026-05-25 23:37:25.589 +03:00 [INF] Request finished HTTP/2 GET https://localhost:7144/api/dashboard/stats - 200 null application/json; charset=utf-8 33.1043ms
2026-05-25 23:37:26.827 +03:00 [INF] Request starting HTTP/2 GET https://localhost:7144/api/dashboard/stats - null null
2026-05-25 23:37:26.832 +03:00 [INF] CORS policy execution successful.
2026-05-25 23:37:26.833 +03:00 [INF] Executing endpoint 'SmartParkingF.API.Controllers.DashboardController.GetStats (SmartParkingF.API)'
2026-05-25 23:37:26.835 +03:00 [INF] Route matched with {action = "GetStats", controller = "Dashboard"}. Executing controller action with signature System.Threading.Tasks.Task`1[Microsoft.AspNetCore.Mvc.IActionResult] GetStats() on controller SmartParkingF.API.Controllers.DashboardController (SmartParkingF.API).
2026-05-25 23:37:26.838 +03:00 [INF] Executed DbCommand (1ms) [Parameters=[], CommandType='"Text"', CommandTimeout='30']
SELECT COALESCE(SUM([r].[TotalPrice]), 0.0)
FROM [Reservations] AS [r]
WHERE [r].[Status] = N'Confirmed'
2026-05-25 23:37:26.841 +03:00 [INF] Executed DbCommand (0ms) [Parameters=[], CommandType='"Text"', CommandTimeout='30']
SELECT COUNT(*)
FROM [Reservations] AS [r]
WHERE [r].[Status] = N'Confirmed'
2026-05-25 23:37:26.844 +03:00 [INF] Executed DbCommand (0ms) [Parameters=[], CommandType='"Text"', CommandTimeout='30']
SELECT COUNT(*)
FROM [ParkingSpots] AS [p]
2026-05-25 23:37:26.847 +03:00 [INF] Executed DbCommand (1ms) [Parameters=[], CommandType='"Text"', CommandTimeout='30']
SELECT COUNT(*)
FROM [ParkingSpots] AS [p]
WHERE [p].[Status] = N'Busy'
2026-05-25 23:37:26.850 +03:00 [INF] Executed DbCommand (0ms) [Parameters=[], CommandType='"Text"', CommandTimeout='30']
SELECT COUNT(*)
FROM [Users] AS [u]
2026-05-25 23:37:26.852 +03:00 [INF] Executing OkObjectResult, writing value of type '<>f__AnonymousType0`6[[System.Decimal, System.Private.CoreLib, Version=10.0.0.0, Culture=neutral, PublicKeyToken=7cec85d7bea7798e],[System.Int32, System.Private.CoreLib, Version=10.0.0.0, Culture=neutral, PublicKeyToken=7cec85d7bea7798e],[System.Int32, System.Private.CoreLib, Version=10.0.0.0, Culture=neutral, PublicKeyToken=7cec85d7bea7798e],[System.Int32, System.Private.CoreLib, Version=10.0.0.0, Culture=neutral, PublicKeyToken=7cec85d7bea7798e],[System.Int32, System.Private.CoreLib, Version=10.0.0.0, Culture=neutral, PublicKeyToken=7cec85d7bea7798e],[System.Int32, System.Private.CoreLib, Version=10.0.0.0, Culture=neutral, PublicKeyToken=7cec85d7bea7798e]]'.
2026-05-25 23:37:26.853 +03:00 [INF] Executed action SmartParkingF.API.Controllers.DashboardController.GetStats (SmartParkingF.API) in 16.5259ms
2026-05-25 23:37:26.854 +03:00 [INF] Request starting HTTP/2 GET https://localhost:7144/api/dashboard/stats - null null
2026-05-25 23:37:26.855 +03:00 [INF] Executed endpoint 'SmartParkingF.API.Controllers.DashboardController.GetStats (SmartParkingF.API)'
2026-05-25 23:37:26.857 +03:00 [INF] CORS policy execution successful.
2026-05-25 23:37:26.857 +03:00 [INF] HTTP GET /api/dashboard/stats responded 200 in 25.6018 ms
2026-05-25 23:37:26.858 +03:00 [INF] Executing endpoint 'SmartParkingF.API.Controllers.DashboardController.GetStats (SmartParkingF.API)'
2026-05-25 23:37:26.860 +03:00 [INF] Request finished HTTP/2 GET https://localhost:7144/api/dashboard/stats - 200 null application/json; charset=utf-8 32.904ms
2026-05-25 23:37:26.861 +03:00 [INF] Route matched with {action = "GetStats", controller = "Dashboard"}. Executing controller action with signature System.Threading.Tasks.Task`1[Microsoft.AspNetCore.Mvc.IActionResult] GetStats() on controller SmartParkingF.API.Controllers.DashboardController (SmartParkingF.API).
2026-05-25 23:37:26.866 +03:00 [INF] Executed DbCommand (0ms) [Parameters=[], CommandType='"Text"', CommandTimeout='30']
SELECT COALESCE(SUM([r].[TotalPrice]), 0.0)
FROM [Reservations] AS [r]
WHERE [r].[Status] = N'Confirmed'
2026-05-25 23:37:26.868 +03:00 [INF] Executed DbCommand (0ms) [Parameters=[], CommandType='"Text"', CommandTimeout='30']
SELECT COUNT(*)
FROM [Reservations] AS [r]
WHERE [r].[Status] = N'Confirmed'
2026-05-25 23:37:26.871 +03:00 [INF] Executed DbCommand (0ms) [Parameters=[], CommandType='"Text"', CommandTimeout='30']
SELECT COUNT(*)
FROM [ParkingSpots] AS [p]
2026-05-25 23:37:26.874 +03:00 [INF] Executed DbCommand (1ms) [Parameters=[], CommandType='"Text"', CommandTimeout='30']
SELECT COUNT(*)
FROM [ParkingSpots] AS [p]
WHERE [p].[Status] = N'Busy'
2026-05-25 23:37:26.876 +03:00 [INF] Executed DbCommand (0ms) [Parameters=[], CommandType='"Text"', CommandTimeout='30']
SELECT COUNT(*)
FROM [Users] AS [u]
2026-05-25 23:37:26.879 +03:00 [INF] Executing OkObjectResult, writing value of type '<>f__AnonymousType0`6[[System.Decimal, System.Private.CoreLib, Version=10.0.0.0, Culture=neutral, PublicKeyToken=7cec85d7bea7798e],[System.Int32, System.Private.CoreLib, Version=10.0.0.0, Culture=neutral, PublicKeyToken=7cec85d7bea7798e],[System.Int32, System.Private.CoreLib, Version=10.0.0.0, Culture=neutral, PublicKeyToken=7cec85d7bea7798e],[System.Int32, System.Private.CoreLib, Version=10.0.0.0, Culture=neutral, PublicKeyToken=7cec85d7bea7798e],[System.Int32, System.Private.CoreLib, Version=10.0.0.0, Culture=neutral, PublicKeyToken=7cec85d7bea7798e],[System.Int32, System.Private.CoreLib, Version=10.0.0.0, Culture=neutral, PublicKeyToken=7cec85d7bea7798e]]'.
2026-05-25 23:37:26.880 +03:00 [INF] Executed action SmartParkingF.API.Controllers.DashboardController.GetStats (SmartParkingF.API) in 15.2703ms
2026-05-25 23:37:26.882 +03:00 [INF] Executed endpoint 'SmartParkingF.API.Controllers.DashboardController.GetStats (SmartParkingF.API)'
2026-05-25 23:37:26.883 +03:00 [INF] HTTP GET /api/dashboard/stats responded 200 in 26.2926 ms
2026-05-25 23:37:26.885 +03:00 [INF] Request finished HTTP/2 GET https://localhost:7144/api/dashboard/stats - 200 null application/json; charset=utf-8 30.3256ms
2026-05-25 23:37:27.661 +03:00 [INF] Request starting HTTP/2 GET https://localhost:7144/api/dashboard/stats - null null
2026-05-25 23:37:27.665 +03:00 [INF] CORS policy execution successful.
2026-05-25 23:37:27.666 +03:00 [INF] Executing endpoint 'SmartParkingF.API.Controllers.DashboardController.GetStats (SmartParkingF.API)'
2026-05-25 23:37:27.667 +03:00 [INF] Route matched with {action = "GetStats", controller = "Dashboard"}. Executing controller action with signature System.Threading.Tasks.Task`1[Microsoft.AspNetCore.Mvc.IActionResult] GetStats() on controller SmartParkingF.API.Controllers.DashboardController (SmartParkingF.API).
2026-05-25 23:37:27.671 +03:00 [INF] Executed DbCommand (1ms) [Parameters=[], CommandType='"Text"', CommandTimeout='30']
SELECT COALESCE(SUM([r].[TotalPrice]), 0.0)
FROM [Reservations] AS [r]
WHERE [r].[Status] = N'Confirmed'
2026-05-25 23:37:27.673 +03:00 [INF] Executed DbCommand (0ms) [Parameters=[], CommandType='"Text"', CommandTimeout='30']
SELECT COUNT(*)
FROM [Reservations] AS [r]
WHERE [r].[Status] = N'Confirmed'
2026-05-25 23:37:27.676 +03:00 [INF] Executed DbCommand (0ms) [Parameters=[], CommandType='"Text"', CommandTimeout='30']
SELECT COUNT(*)
FROM [ParkingSpots] AS [p]
2026-05-25 23:37:27.679 +03:00 [INF] Executed DbCommand (1ms) [Parameters=[], CommandType='"Text"', CommandTimeout='30']
SELECT COUNT(*)
FROM [ParkingSpots] AS [p]
WHERE [p].[Status] = N'Busy'
2026-05-25 23:37:27.682 +03:00 [INF] Executed DbCommand (1ms) [Parameters=[], CommandType='"Text"', CommandTimeout='30']
SELECT COUNT(*)
FROM [Users] AS [u]
2026-05-25 23:37:27.684 +03:00 [INF] Executing OkObjectResult, writing value of type '<>f__AnonymousType0`6[[System.Decimal, System.Private.CoreLib, Version=10.0.0.0, Culture=neutral, PublicKeyToken=7cec85d7bea7798e],[System.Int32, System.Private.CoreLib, Version=10.0.0.0, Culture=neutral, PublicKeyToken=7cec85d7bea7798e],[System.Int32, System.Private.CoreLib, Version=10.0.0.0, Culture=neutral, PublicKeyToken=7cec85d7bea7798e],[System.Int32, System.Private.CoreLib, Version=10.0.0.0, Culture=neutral, PublicKeyToken=7cec85d7bea7798e],[System.Int32, System.Private.CoreLib, Version=10.0.0.0, Culture=neutral, PublicKeyToken=7cec85d7bea7798e],[System.Int32, System.Private.CoreLib, Version=10.0.0.0, Culture=neutral, PublicKeyToken=7cec85d7bea7798e]]'.
2026-05-25 23:37:27.685 +03:00 [INF] Executed action SmartParkingF.API.Controllers.DashboardController.GetStats (SmartParkingF.API) in 15.5074ms
2026-05-25 23:37:27.686 +03:00 [INF] Request starting HTTP/2 GET https://localhost:7144/api/dashboard/stats - null null
2026-05-25 23:37:27.686 +03:00 [INF] Executed endpoint 'SmartParkingF.API.Controllers.DashboardController.GetStats (SmartParkingF.API)'
2026-05-25 23:37:27.688 +03:00 [INF] CORS policy execution successful.
2026-05-25 23:37:27.689 +03:00 [INF] HTTP GET /api/dashboard/stats responded 200 in 24.0128 ms
2026-05-25 23:37:27.690 +03:00 [INF] Executing endpoint 'SmartParkingF.API.Controllers.DashboardController.GetStats (SmartParkingF.API)'
2026-05-25 23:37:27.691 +03:00 [INF] Request finished HTTP/2 GET https://localhost:7144/api/dashboard/stats - 200 null application/json; charset=utf-8 30.2194ms
2026-05-25 23:37:27.692 +03:00 [INF] Route matched with {action = "GetStats", controller = "Dashboard"}. Executing controller action with signature System.Threading.Tasks.Task`1[Microsoft.AspNetCore.Mvc.IActionResult] GetStats() on controller SmartParkingF.API.Controllers.DashboardController (SmartParkingF.API).
2026-05-25 23:37:27.698 +03:00 [INF] Executed DbCommand (1ms) [Parameters=[], CommandType='"Text"', CommandTimeout='30']
SELECT COALESCE(SUM([r].[TotalPrice]), 0.0)
FROM [Reservations] AS [r]
WHERE [r].[Status] = N'Confirmed'
2026-05-25 23:37:27.701 +03:00 [INF] Executed DbCommand (0ms) [Parameters=[], CommandType='"Text"', CommandTimeout='30']
SELECT COUNT(*)
FROM [Reservations] AS [r]
WHERE [r].[Status] = N'Confirmed'
2026-05-25 23:37:27.703 +03:00 [INF] Executed DbCommand (0ms) [Parameters=[], CommandType='"Text"', CommandTimeout='30']
SELECT COUNT(*)
FROM [ParkingSpots] AS [p]
2026-05-25 23:37:27.706 +03:00 [INF] Executed DbCommand (1ms) [Parameters=[], CommandType='"Text"', CommandTimeout='30']
SELECT COUNT(*)
FROM [ParkingSpots] AS [p]
WHERE [p].[Status] = N'Busy'
2026-05-25 23:37:27.708 +03:00 [INF] Executed DbCommand (0ms) [Parameters=[], CommandType='"Text"', CommandTimeout='30']
SELECT COUNT(*)
FROM [Users] AS [u]
2026-05-25 23:37:27.711 +03:00 [INF] Executing OkObjectResult, writing value of type '<>f__AnonymousType0`6[[System.Decimal, System.Private.CoreLib, Version=10.0.0.0, Culture=neutral, PublicKeyToken=7cec85d7bea7798e],[System.Int32, System.Private.CoreLib, Version=10.0.0.0, Culture=neutral, PublicKeyToken=7cec85d7bea7798e],[System.Int32, System.Private.CoreLib, Version=10.0.0.0, Culture=neutral, PublicKeyToken=7cec85d7bea7798e],[System.Int32, System.Private.CoreLib, Version=10.0.0.0, Culture=neutral, PublicKeyToken=7cec85d7bea7798e],[System.Int32, System.Private.CoreLib, Version=10.0.0.0, Culture=neutral, PublicKeyToken=7cec85d7bea7798e],[System.Int32, System.Private.CoreLib, Version=10.0.0.0, Culture=neutral, PublicKeyToken=7cec85d7bea7798e]]'.
2026-05-25 23:37:27.712 +03:00 [INF] Executed action SmartParkingF.API.Controllers.DashboardController.GetStats (SmartParkingF.API) in 15.8332ms
2026-05-25 23:37:27.714 +03:00 [INF] Executed endpoint 'SmartParkingF.API.Controllers.DashboardController.GetStats (SmartParkingF.API)'
2026-05-25 23:37:27.716 +03:00 [INF] HTTP GET /api/dashboard/stats responded 200 in 27.3266 ms
2026-05-25 23:37:27.717 +03:00 [INF] Request finished HTTP/2 GET https://localhost:7144/api/dashboard/stats - 200 null application/json; charset=utf-8 31.2373ms
2026-05-25 23:37:30.783 +03:00 [INF] Request starting HTTP/2 GET https://localhost:7144/api/dashboard/stats - null null
2026-05-25 23:37:30.792 +03:00 [INF] CORS policy execution successful.
2026-05-25 23:37:30.794 +03:00 [INF] Executing endpoint 'SmartParkingF.API.Controllers.DashboardController.GetStats (SmartParkingF.API)'
2026-05-25 23:37:30.797 +03:00 [INF] Route matched with {action = "GetStats", controller = "Dashboard"}. Executing controller action with signature System.Threading.Tasks.Task`1[Microsoft.AspNetCore.Mvc.IActionResult] GetStats() on controller SmartParkingF.API.Controllers.DashboardController (SmartParkingF.API).
2026-05-25 23:37:30.803 +03:00 [INF] Executed DbCommand (1ms) [Parameters=[], CommandType='"Text"', CommandTimeout='30']
SELECT COALESCE(SUM([r].[TotalPrice]), 0.0)
FROM [Reservations] AS [r]
WHERE [r].[Status] = N'Confirmed'
2026-05-25 23:37:30.807 +03:00 [INF] Executed DbCommand (1ms) [Parameters=[], CommandType='"Text"', CommandTimeout='30']
SELECT COUNT(*)
FROM [Reservations] AS [r]
WHERE [r].[Status] = N'Confirmed'
2026-05-25 23:37:30.811 +03:00 [INF] Executed DbCommand (1ms) [Parameters=[], CommandType='"Text"', CommandTimeout='30']
SELECT COUNT(*)
FROM [ParkingSpots] AS [p]
2026-05-25 23:37:30.815 +03:00 [INF] Executed DbCommand (1ms) [Parameters=[], CommandType='"Text"', CommandTimeout='30']
SELECT COUNT(*)
FROM [ParkingSpots] AS [p]
WHERE [p].[Status] = N'Busy'
2026-05-25 23:37:30.818 +03:00 [INF] Executed DbCommand (0ms) [Parameters=[], CommandType='"Text"', CommandTimeout='30']
SELECT COUNT(*)
FROM [Users] AS [u]
2026-05-25 23:37:30.820 +03:00 [INF] Executing OkObjectResult, writing value of type '<>f__AnonymousType0`6[[System.Decimal, System.Private.CoreLib, Version=10.0.0.0, Culture=neutral, PublicKeyToken=7cec85d7bea7798e],[System.Int32, System.Private.CoreLib, Version=10.0.0.0, Culture=neutral, PublicKeyToken=7cec85d7bea7798e],[System.Int32, System.Private.CoreLib, Version=10.0.0.0, Culture=neutral, PublicKeyToken=7cec85d7bea7798e],[System.Int32, System.Private.CoreLib, Version=10.0.0.0, Culture=neutral, PublicKeyToken=7cec85d7bea7798e],[System.Int32, System.Private.CoreLib, Version=10.0.0.0, Culture=neutral, PublicKeyToken=7cec85d7bea7798e],[System.Int32, System.Private.CoreLib, Version=10.0.0.0, Culture=neutral, PublicKeyToken=7cec85d7bea7798e]]'.
2026-05-25 23:37:30.821 +03:00 [INF] Executed action SmartParkingF.API.Controllers.DashboardController.GetStats (SmartParkingF.API) in 20.2132ms
2026-05-25 23:37:30.823 +03:00 [INF] Request starting HTTP/2 GET https://localhost:7144/api/dashboard/stats - null null
2026-05-25 23:37:30.823 +03:00 [INF] Executed endpoint 'SmartParkingF.API.Controllers.DashboardController.GetStats (SmartParkingF.API)'
2026-05-25 23:37:30.825 +03:00 [INF] CORS policy execution successful.
2026-05-25 23:37:30.826 +03:00 [INF] HTTP GET /api/dashboard/stats responded 200 in 34.0289 ms
2026-05-25 23:37:30.827 +03:00 [INF] Executing endpoint 'SmartParkingF.API.Controllers.DashboardController.GetStats (SmartParkingF.API)'
2026-05-25 23:37:30.828 +03:00 [INF] Request finished HTTP/2 GET https://localhost:7144/api/dashboard/stats - 200 null application/json; charset=utf-8 45.0147ms
2026-05-25 23:37:30.830 +03:00 [INF] Route matched with {action = "GetStats", controller = "Dashboard"}. Executing controller action with signature System.Threading.Tasks.Task`1[Microsoft.AspNetCore.Mvc.IActionResult] GetStats() on controller SmartParkingF.API.Controllers.DashboardController (SmartParkingF.API).
2026-05-25 23:37:30.836 +03:00 [INF] Executed DbCommand (1ms) [Parameters=[], CommandType='"Text"', CommandTimeout='30']
SELECT COALESCE(SUM([r].[TotalPrice]), 0.0)
FROM [Reservations] AS [r]
WHERE [r].[Status] = N'Confirmed'
2026-05-25 23:37:30.839 +03:00 [INF] Executed DbCommand (1ms) [Parameters=[], CommandType='"Text"', CommandTimeout='30']
SELECT COUNT(*)
FROM [Reservations] AS [r]
WHERE [r].[Status] = N'Confirmed'
2026-05-25 23:37:30.842 +03:00 [INF] Executed DbCommand (0ms) [Parameters=[], CommandType='"Text"', CommandTimeout='30']
SELECT COUNT(*)
FROM [ParkingSpots] AS [p]
2026-05-25 23:37:30.845 +03:00 [INF] Executed DbCommand (1ms) [Parameters=[], CommandType='"Text"', CommandTimeout='30']
SELECT COUNT(*)
FROM [ParkingSpots] AS [p]
WHERE [p].[Status] = N'Busy'
2026-05-25 23:37:30.851 +03:00 [INF] Executed DbCommand (1ms) [Parameters=[], CommandType='"Text"', CommandTimeout='30']
SELECT COUNT(*)
FROM [Users] AS [u]
2026-05-25 23:37:30.854 +03:00 [INF] Executing OkObjectResult, writing value of type '<>f__AnonymousType0`6[[System.Decimal, System.Private.CoreLib, Version=10.0.0.0, Culture=neutral, PublicKeyToken=7cec85d7bea7798e],[System.Int32, System.Private.CoreLib, Version=10.0.0.0, Culture=neutral, PublicKeyToken=7cec85d7bea7798e],[System.Int32, System.Private.CoreLib, Version=10.0.0.0, Culture=neutral, PublicKeyToken=7cec85d7bea7798e],[System.Int32, System.Private.CoreLib, Version=10.0.0.0, Culture=neutral, PublicKeyToken=7cec85d7bea7798e],[System.Int32, System.Private.CoreLib, Version=10.0.0.0, Culture=neutral, PublicKeyToken=7cec85d7bea7798e],[System.Int32, System.Private.CoreLib, Version=10.0.0.0, Culture=neutral, PublicKeyToken=7cec85d7bea7798e]]'.
2026-05-25 23:37:30.856 +03:00 [INF] Executed action SmartParkingF.API.Controllers.DashboardController.GetStats (SmartParkingF.API) in 21.2754ms
2026-05-25 23:37:30.857 +03:00 [INF] Executed endpoint 'SmartParkingF.API.Controllers.DashboardController.GetStats (SmartParkingF.API)'
2026-05-25 23:37:30.858 +03:00 [INF] HTTP GET /api/dashboard/stats responded 200 in 33.1610 ms
2026-05-25 23:37:30.860 +03:00 [INF] Request finished HTTP/2 GET https://localhost:7144/api/dashboard/stats - 200 null application/json; charset=utf-8 37.2899ms
2026-05-25 23:37:33.323 +03:00 [INF] Request starting HTTP/2 GET https://localhost:7144/api/dashboard/stats - null null
2026-05-25 23:37:33.327 +03:00 [INF] CORS policy execution successful.
2026-05-25 23:37:33.328 +03:00 [INF] Executing endpoint 'SmartParkingF.API.Controllers.DashboardController.GetStats (SmartParkingF.API)'
2026-05-25 23:37:33.329 +03:00 [INF] Route matched with {action = "GetStats", controller = "Dashboard"}. Executing controller action with signature System.Threading.Tasks.Task`1[Microsoft.AspNetCore.Mvc.IActionResult] GetStats() on controller SmartParkingF.API.Controllers.DashboardController (SmartParkingF.API).
2026-05-25 23:37:33.334 +03:00 [INF] Executed DbCommand (1ms) [Parameters=[], CommandType='"Text"', CommandTimeout='30']
SELECT COALESCE(SUM([r].[TotalPrice]), 0.0)
FROM [Reservations] AS [r]
WHERE [r].[Status] = N'Confirmed'
2026-05-25 23:37:33.337 +03:00 [INF] Executed DbCommand (1ms) [Parameters=[], CommandType='"Text"', CommandTimeout='30']
SELECT COUNT(*)
FROM [Reservations] AS [r]
WHERE [r].[Status] = N'Confirmed'
2026-05-25 23:37:33.339 +03:00 [INF] Executed DbCommand (0ms) [Parameters=[], CommandType='"Text"', CommandTimeout='30']
SELECT COUNT(*)
FROM [ParkingSpots] AS [p]
2026-05-25 23:37:33.342 +03:00 [INF] Executed DbCommand (1ms) [Parameters=[], CommandType='"Text"', CommandTimeout='30']
SELECT COUNT(*)
FROM [ParkingSpots] AS [p]
WHERE [p].[Status] = N'Busy'
2026-05-25 23:37:33.345 +03:00 [INF] Executed DbCommand (0ms) [Parameters=[], CommandType='"Text"', CommandTimeout='30']
SELECT COUNT(*)
FROM [Users] AS [u]
2026-05-25 23:37:33.347 +03:00 [INF] Executing OkObjectResult, writing value of type '<>f__AnonymousType0`6[[System.Decimal, System.Private.CoreLib, Version=10.0.0.0, Culture=neutral, PublicKeyToken=7cec85d7bea7798e],[System.Int32, System.Private.CoreLib, Version=10.0.0.0, Culture=neutral, PublicKeyToken=7cec85d7bea7798e],[System.Int32, System.Private.CoreLib, Version=10.0.0.0, Culture=neutral, PublicKeyToken=7cec85d7bea7798e],[System.Int32, System.Private.CoreLib, Version=10.0.0.0, Culture=neutral, PublicKeyToken=7cec85d7bea7798e],[System.Int32, System.Private.CoreLib, Version=10.0.0.0, Culture=neutral, PublicKeyToken=7cec85d7bea7798e],[System.Int32, System.Private.CoreLib, Version=10.0.0.0, Culture=neutral, PublicKeyToken=7cec85d7bea7798e]]'.
2026-05-25 23:37:33.349 +03:00 [INF] Executed action SmartParkingF.API.Controllers.DashboardController.GetStats (SmartParkingF.API) in 16.5903ms
2026-05-25 23:37:33.350 +03:00 [INF] Request starting HTTP/2 GET https://localhost:7144/api/dashboard/stats - null null
2026-05-25 23:37:33.350 +03:00 [INF] Executed endpoint 'SmartParkingF.API.Controllers.DashboardController.GetStats (SmartParkingF.API)'
2026-05-25 23:37:33.352 +03:00 [INF] CORS policy execution successful.
2026-05-25 23:37:33.353 +03:00 [INF] HTTP GET /api/dashboard/stats responded 200 in 25.8578 ms
2026-05-25 23:37:33.354 +03:00 [INF] Executing endpoint 'SmartParkingF.API.Controllers.DashboardController.GetStats (SmartParkingF.API)'
2026-05-25 23:37:33.355 +03:00 [INF] Request finished HTTP/2 GET https://localhost:7144/api/dashboard/stats - 200 null application/json; charset=utf-8 31.7854ms
2026-05-25 23:37:33.356 +03:00 [INF] Route matched with {action = "GetStats", controller = "Dashboard"}. Executing controller action with signature System.Threading.Tasks.Task`1[Microsoft.AspNetCore.Mvc.IActionResult] GetStats() on controller SmartParkingF.API.Controllers.DashboardController (SmartParkingF.API).
2026-05-25 23:37:33.362 +03:00 [INF] Executed DbCommand (0ms) [Parameters=[], CommandType='"Text"', CommandTimeout='30']
SELECT COALESCE(SUM([r].[TotalPrice]), 0.0)
FROM [Reservations] AS [r]
WHERE [r].[Status] = N'Confirmed'
2026-05-25 23:37:33.365 +03:00 [INF] Executed DbCommand (1ms) [Parameters=[], CommandType='"Text"', CommandTimeout='30']
SELECT COUNT(*)
FROM [Reservations] AS [r]
WHERE [r].[Status] = N'Confirmed'
2026-05-25 23:37:33.367 +03:00 [INF] Executed DbCommand (0ms) [Parameters=[], CommandType='"Text"', CommandTimeout='30']
SELECT COUNT(*)
FROM [ParkingSpots] AS [p]
2026-05-25 23:37:33.370 +03:00 [INF] Executed DbCommand (1ms) [Parameters=[], CommandType='"Text"', CommandTimeout='30']
SELECT COUNT(*)
FROM [ParkingSpots] AS [p]
WHERE [p].[Status] = N'Busy'
2026-05-25 23:37:33.373 +03:00 [INF] Executed DbCommand (0ms) [Parameters=[], CommandType='"Text"', CommandTimeout='30']
SELECT COUNT(*)
FROM [Users] AS [u]
2026-05-25 23:37:33.375 +03:00 [INF] Executing OkObjectResult, writing value of type '<>f__AnonymousType0`6[[System.Decimal, System.Private.CoreLib, Version=10.0.0.0, Culture=neutral, PublicKeyToken=7cec85d7bea7798e],[System.Int32, System.Private.CoreLib, Version=10.0.0.0, Culture=neutral, PublicKeyToken=7cec85d7bea7798e],[System.Int32, System.Private.CoreLib, Version=10.0.0.0, Culture=neutral, PublicKeyToken=7cec85d7bea7798e],[System.Int32, System.Private.CoreLib, Version=10.0.0.0, Culture=neutral, PublicKeyToken=7cec85d7bea7798e],[System.Int32, System.Private.CoreLib, Version=10.0.0.0, Culture=neutral, PublicKeyToken=7cec85d7bea7798e],[System.Int32, System.Private.CoreLib, Version=10.0.0.0, Culture=neutral, PublicKeyToken=7cec85d7bea7798e]]'.
2026-05-25 23:37:33.377 +03:00 [INF] Executed action SmartParkingF.API.Controllers.DashboardController.GetStats (SmartParkingF.API) in 16.046ms
2026-05-25 23:37:33.378 +03:00 [INF] Executed endpoint 'SmartParkingF.API.Controllers.DashboardController.GetStats (SmartParkingF.API)'
2026-05-25 23:37:33.379 +03:00 [INF] HTTP GET /api/dashboard/stats responded 200 in 27.5756 ms
2026-05-25 23:37:33.381 +03:00 [INF] Request finished HTTP/2 GET https://localhost:7144/api/dashboard/stats - 200 null application/json; charset=utf-8 31.5517ms
2026-05-25 23:37:35.540 +03:00 [INF] Request starting HTTP/2 GET https://localhost:7144/api/dashboard/stats - null null
2026-05-25 23:37:35.544 +03:00 [INF] CORS policy execution successful.
2026-05-25 23:37:35.545 +03:00 [INF] Executing endpoint 'SmartParkingF.API.Controllers.DashboardController.GetStats (SmartParkingF.API)'
2026-05-25 23:37:35.546 +03:00 [INF] Route matched with {action = "GetStats", controller = "Dashboard"}. Executing controller action with signature System.Threading.Tasks.Task`1[Microsoft.AspNetCore.Mvc.IActionResult] GetStats() on controller SmartParkingF.API.Controllers.DashboardController (SmartParkingF.API).
2026-05-25 23:37:35.553 +03:00 [INF] Executed DbCommand (4ms) [Parameters=[], CommandType='"Text"', CommandTimeout='30']
SELECT COALESCE(SUM([r].[TotalPrice]), 0.0)
FROM [Reservations] AS [r]
WHERE [r].[Status] = N'Confirmed'
2026-05-25 23:37:35.559 +03:00 [INF] Executed DbCommand (2ms) [Parameters=[], CommandType='"Text"', CommandTimeout='30']
SELECT COUNT(*)
FROM [Reservations] AS [r]
WHERE [r].[Status] = N'Confirmed'
2026-05-25 23:37:35.565 +03:00 [INF] Executed DbCommand (3ms) [Parameters=[], CommandType='"Text"', CommandTimeout='30']
SELECT COUNT(*)
FROM [ParkingSpots] AS [p]
2026-05-25 23:37:35.571 +03:00 [INF] Executed DbCommand (3ms) [Parameters=[], CommandType='"Text"', CommandTimeout='30']
SELECT COUNT(*)
FROM [ParkingSpots] AS [p]
WHERE [p].[Status] = N'Busy'
2026-05-25 23:37:35.576 +03:00 [INF] Executed DbCommand (3ms) [Parameters=[], CommandType='"Text"', CommandTimeout='30']
SELECT COUNT(*)
FROM [Users] AS [u]
2026-05-25 23:37:35.580 +03:00 [INF] Executing OkObjectResult, writing value of type '<>f__AnonymousType0`6[[System.Decimal, System.Private.CoreLib, Version=10.0.0.0, Culture=neutral, PublicKeyToken=7cec85d7bea7798e],[System.Int32, System.Private.CoreLib, Version=10.0.0.0, Culture=neutral, PublicKeyToken=7cec85d7bea7798e],[System.Int32, System.Private.CoreLib, Version=10.0.0.0, Culture=neutral, PublicKeyToken=7cec85d7bea7798e],[System.Int32, System.Private.CoreLib, Version=10.0.0.0, Culture=neutral, PublicKeyToken=7cec85d7bea7798e],[System.Int32, System.Private.CoreLib, Version=10.0.0.0, Culture=neutral, PublicKeyToken=7cec85d7bea7798e],[System.Int32, System.Private.CoreLib, Version=10.0.0.0, Culture=neutral, PublicKeyToken=7cec85d7bea7798e]]'.
2026-05-25 23:37:35.582 +03:00 [INF] Executed action SmartParkingF.API.Controllers.DashboardController.GetStats (SmartParkingF.API) in 33.3027ms
2026-05-25 23:37:35.584 +03:00 [INF] Request starting HTTP/2 GET https://localhost:7144/api/dashboard/stats - null null
2026-05-25 23:37:35.585 +03:00 [INF] Executed endpoint 'SmartParkingF.API.Controllers.DashboardController.GetStats (SmartParkingF.API)'
2026-05-25 23:37:35.588 +03:00 [INF] CORS policy execution successful.
2026-05-25 23:37:35.589 +03:00 [INF] HTTP GET /api/dashboard/stats responded 200 in 44.8166 ms
2026-05-25 23:37:35.590 +03:00 [INF] Executing endpoint 'SmartParkingF.API.Controllers.DashboardController.GetStats (SmartParkingF.API)'
2026-05-25 23:37:35.592 +03:00 [INF] Request finished HTTP/2 GET https://localhost:7144/api/dashboard/stats - 200 null application/json; charset=utf-8 52.1015ms
2026-05-25 23:37:35.593 +03:00 [INF] Route matched with {action = "GetStats", controller = "Dashboard"}. Executing controller action with signature System.Threading.Tasks.Task`1[Microsoft.AspNetCore.Mvc.IActionResult] GetStats() on controller SmartParkingF.API.Controllers.DashboardController (SmartParkingF.API).
2026-05-25 23:37:35.601 +03:00 [INF] Executed DbCommand (1ms) [Parameters=[], CommandType='"Text"', CommandTimeout='30']
SELECT COALESCE(SUM([r].[TotalPrice]), 0.0)
FROM [Reservations] AS [r]
WHERE [r].[Status] = N'Confirmed'
2026-05-25 23:37:35.604 +03:00 [INF] Executed DbCommand (1ms) [Parameters=[], CommandType='"Text"', CommandTimeout='30']
SELECT COUNT(*)
FROM [Reservations] AS [r]
WHERE [r].[Status] = N'Confirmed'
2026-05-25 23:37:35.608 +03:00 [INF] Executed DbCommand (0ms) [Parameters=[], CommandType='"Text"', CommandTimeout='30']
SELECT COUNT(*)
FROM [ParkingSpots] AS [p]
2026-05-25 23:37:35.611 +03:00 [INF] Executed DbCommand (1ms) [Parameters=[], CommandType='"Text"', CommandTimeout='30']
SELECT COUNT(*)
FROM [ParkingSpots] AS [p]
WHERE [p].[Status] = N'Busy'
2026-05-25 23:37:35.615 +03:00 [INF] Executed DbCommand (1ms) [Parameters=[], CommandType='"Text"', CommandTimeout='30']
SELECT COUNT(*)
FROM [Users] AS [u]
2026-05-25 23:37:35.618 +03:00 [INF] Executing OkObjectResult, writing value of type '<>f__AnonymousType0`6[[System.Decimal, System.Private.CoreLib, Version=10.0.0.0, Culture=neutral, PublicKeyToken=7cec85d7bea7798e],[System.Int32, System.Private.CoreLib, Version=10.0.0.0, Culture=neutral, PublicKeyToken=7cec85d7bea7798e],[System.Int32, System.Private.CoreLib, Version=10.0.0.0, Culture=neutral, PublicKeyToken=7cec85d7bea7798e],[System.Int32, System.Private.CoreLib, Version=10.0.0.0, Culture=neutral, PublicKeyToken=7cec85d7bea7798e],[System.Int32, System.Private.CoreLib, Version=10.0.0.0, Culture=neutral, PublicKeyToken=7cec85d7bea7798e],[System.Int32, System.Private.CoreLib, Version=10.0.0.0, Culture=neutral, PublicKeyToken=7cec85d7bea7798e]]'.
2026-05-25 23:37:35.620 +03:00 [INF] Executed action SmartParkingF.API.Controllers.DashboardController.GetStats (SmartParkingF.API) in 20.5015ms
2026-05-25 23:37:35.622 +03:00 [INF] Executed endpoint 'SmartParkingF.API.Controllers.DashboardController.GetStats (SmartParkingF.API)'
2026-05-25 23:37:35.623 +03:00 [INF] HTTP GET /api/dashboard/stats responded 200 in 35.6427 ms
2026-05-25 23:37:35.626 +03:00 [INF] Request finished HTTP/2 GET https://localhost:7144/api/dashboard/stats - 200 null application/json; charset=utf-8 42.0133ms
2026-05-25 23:39:49.257 +03:00 [INF] Request starting HTTP/2 GET https://localhost:7144/api/dashboard/stats - null null
2026-05-25 23:39:49.262 +03:00 [INF] CORS policy execution successful.
2026-05-25 23:39:49.263 +03:00 [INF] Executing endpoint 'SmartParkingF.API.Controllers.DashboardController.GetStats (SmartParkingF.API)'
2026-05-25 23:39:49.265 +03:00 [INF] Route matched with {action = "GetStats", controller = "Dashboard"}. Executing controller action with signature System.Threading.Tasks.Task`1[Microsoft.AspNetCore.Mvc.IActionResult] GetStats() on controller SmartParkingF.API.Controllers.DashboardController (SmartParkingF.API).
2026-05-25 23:39:49.271 +03:00 [INF] Executed DbCommand (3ms) [Parameters=[], CommandType='"Text"', CommandTimeout='30']
SELECT COALESCE(SUM([r].[TotalPrice]), 0.0)
FROM [Reservations] AS [r]
WHERE [r].[Status] = N'Confirmed'
2026-05-25 23:39:49.275 +03:00 [INF] Executed DbCommand (2ms) [Parameters=[], CommandType='"Text"', CommandTimeout='30']
SELECT COUNT(*)
FROM [Reservations] AS [r]
WHERE [r].[Status] = N'Confirmed'
2026-05-25 23:39:49.279 +03:00 [INF] Executed DbCommand (2ms) [Parameters=[], CommandType='"Text"', CommandTimeout='30']
SELECT COUNT(*)
FROM [ParkingSpots] AS [p]
2026-05-25 23:39:49.284 +03:00 [INF] Executed DbCommand (3ms) [Parameters=[], CommandType='"Text"', CommandTimeout='30']
SELECT COUNT(*)
FROM [ParkingSpots] AS [p]
WHERE [p].[Status] = N'Busy'
2026-05-25 23:39:49.288 +03:00 [INF] Executed DbCommand (2ms) [Parameters=[], CommandType='"Text"', CommandTimeout='30']
SELECT COUNT(*)
FROM [Users] AS [u]
2026-05-25 23:39:49.291 +03:00 [INF] Executing OkObjectResult, writing value of type '<>f__AnonymousType0`6[[System.Decimal, System.Private.CoreLib, Version=10.0.0.0, Culture=neutral, PublicKeyToken=7cec85d7bea7798e],[System.Int32, System.Private.CoreLib, Version=10.0.0.0, Culture=neutral, PublicKeyToken=7cec85d7bea7798e],[System.Int32, System.Private.CoreLib, Version=10.0.0.0, Culture=neutral, PublicKeyToken=7cec85d7bea7798e],[System.Int32, System.Private.CoreLib, Version=10.0.0.0, Culture=neutral, PublicKeyToken=7cec85d7bea7798e],[System.Int32, System.Private.CoreLib, Version=10.0.0.0, Culture=neutral, PublicKeyToken=7cec85d7bea7798e],[System.Int32, System.Private.CoreLib, Version=10.0.0.0, Culture=neutral, PublicKeyToken=7cec85d7bea7798e]]'.
2026-05-25 23:39:49.292 +03:00 [INF] Executed action SmartParkingF.API.Controllers.DashboardController.GetStats (SmartParkingF.API) in 25.6154ms
2026-05-25 23:39:49.293 +03:00 [INF] Request starting HTTP/2 GET https://localhost:7144/api/dashboard/stats - null null
2026-05-25 23:39:49.293 +03:00 [INF] Executed endpoint 'SmartParkingF.API.Controllers.DashboardController.GetStats (SmartParkingF.API)'
2026-05-25 23:39:49.298 +03:00 [INF] CORS policy execution successful.
2026-05-25 23:39:49.299 +03:00 [INF] HTTP GET /api/dashboard/stats responded 200 in 37.1878 ms
2026-05-25 23:39:49.300 +03:00 [INF] Executing endpoint 'SmartParkingF.API.Controllers.DashboardController.GetStats (SmartParkingF.API)'
2026-05-25 23:39:49.302 +03:00 [INF] Request finished HTTP/2 GET https://localhost:7144/api/dashboard/stats - 200 null application/json; charset=utf-8 45.6802ms
2026-05-25 23:39:49.306 +03:00 [INF] Route matched with {action = "GetStats", controller = "Dashboard"}. Executing controller action with signature System.Threading.Tasks.Task`1[Microsoft.AspNetCore.Mvc.IActionResult] GetStats() on controller SmartParkingF.API.Controllers.DashboardController (SmartParkingF.API).
2026-05-25 23:39:49.315 +03:00 [INF] Executed DbCommand (2ms) [Parameters=[], CommandType='"Text"', CommandTimeout='30']
SELECT COALESCE(SUM([r].[TotalPrice]), 0.0)
FROM [Reservations] AS [r]
WHERE [r].[Status] = N'Confirmed'
2026-05-25 23:39:49.320 +03:00 [INF] Executed DbCommand (0ms) [Parameters=[], CommandType='"Text"', CommandTimeout='30']
SELECT COUNT(*)
FROM [Reservations] AS [r]
WHERE [r].[Status] = N'Confirmed'
2026-05-25 23:39:49.325 +03:00 [INF] Executed DbCommand (0ms) [Parameters=[], CommandType='"Text"', CommandTimeout='30']
SELECT COUNT(*)
FROM [ParkingSpots] AS [p]
2026-05-25 23:39:49.331 +03:00 [INF] Executed DbCommand (2ms) [Parameters=[], CommandType='"Text"', CommandTimeout='30']
SELECT COUNT(*)
FROM [ParkingSpots] AS [p]
WHERE [p].[Status] = N'Busy'
2026-05-25 23:39:49.337 +03:00 [INF] Executed DbCommand (2ms) [Parameters=[], CommandType='"Text"', CommandTimeout='30']
SELECT COUNT(*)
FROM [Users] AS [u]
2026-05-25 23:39:49.339 +03:00 [INF] Executing OkObjectResult, writing value of type '<>f__AnonymousType0`6[[System.Decimal, System.Private.CoreLib, Version=10.0.0.0, Culture=neutral, PublicKeyToken=7cec85d7bea7798e],[System.Int32, System.Private.CoreLib, Version=10.0.0.0, Culture=neutral, PublicKeyToken=7cec85d7bea7798e],[System.Int32, System.Private.CoreLib, Version=10.0.0.0, Culture=neutral, PublicKeyToken=7cec85d7bea7798e],[System.Int32, System.Private.CoreLib, Version=10.0.0.0, Culture=neutral, PublicKeyToken=7cec85d7bea7798e],[System.Int32, System.Private.CoreLib, Version=10.0.0.0, Culture=neutral, PublicKeyToken=7cec85d7bea7798e],[System.Int32, System.Private.CoreLib, Version=10.0.0.0, Culture=neutral, PublicKeyToken=7cec85d7bea7798e]]'.
2026-05-25 23:39:49.341 +03:00 [INF] Executed action SmartParkingF.API.Controllers.DashboardController.GetStats (SmartParkingF.API) in 28.9443ms
2026-05-25 23:39:49.343 +03:00 [INF] Executed endpoint 'SmartParkingF.API.Controllers.DashboardController.GetStats (SmartParkingF.API)'
2026-05-25 23:39:49.345 +03:00 [INF] HTTP GET /api/dashboard/stats responded 200 in 46.1465 ms
2026-05-25 23:39:49.347 +03:00 [INF] Request finished HTTP/2 GET https://localhost:7144/api/dashboard/stats - 200 null application/json; charset=utf-8 54.0425ms
2026-05-25 23:40:09.961 +03:00 [INF] Request starting HTTP/2 GET https://localhost:7144/api/dashboard/stats - null null
2026-05-25 23:40:09.965 +03:00 [INF] CORS policy execution successful.
2026-05-25 23:40:09.966 +03:00 [INF] Executing endpoint 'SmartParkingF.API.Controllers.DashboardController.GetStats (SmartParkingF.API)'
2026-05-25 23:40:09.967 +03:00 [INF] Route matched with {action = "GetStats", controller = "Dashboard"}. Executing controller action with signature System.Threading.Tasks.Task`1[Microsoft.AspNetCore.Mvc.IActionResult] GetStats() on controller SmartParkingF.API.Controllers.DashboardController (SmartParkingF.API).
2026-05-25 23:40:09.974 +03:00 [INF] Executed DbCommand (5ms) [Parameters=[], CommandType='"Text"', CommandTimeout='30']
SELECT COALESCE(SUM([r].[TotalPrice]), 0.0)
FROM [Reservations] AS [r]
WHERE [r].[Status] = N'Confirmed'
2026-05-25 23:40:09.978 +03:00 [INF] Executed DbCommand (2ms) [Parameters=[], CommandType='"Text"', CommandTimeout='30']
SELECT COUNT(*)
FROM [Reservations] AS [r]
WHERE [r].[Status] = N'Confirmed'
2026-05-25 23:40:09.983 +03:00 [INF] Executed DbCommand (2ms) [Parameters=[], CommandType='"Text"', CommandTimeout='30']
SELECT COUNT(*)
FROM [ParkingSpots] AS [p]
2026-05-25 23:40:09.987 +03:00 [INF] Executed DbCommand (2ms) [Parameters=[], CommandType='"Text"', CommandTimeout='30']
SELECT COUNT(*)
FROM [ParkingSpots] AS [p]
WHERE [p].[Status] = N'Busy'
2026-05-25 23:40:09.991 +03:00 [INF] Executed DbCommand (2ms) [Parameters=[], CommandType='"Text"', CommandTimeout='30']
SELECT COUNT(*)
FROM [Users] AS [u]
2026-05-25 23:40:09.994 +03:00 [INF] Executing OkObjectResult, writing value of type '<>f__AnonymousType0`6[[System.Decimal, System.Private.CoreLib, Version=10.0.0.0, Culture=neutral, PublicKeyToken=7cec85d7bea7798e],[System.Int32, System.Private.CoreLib, Version=10.0.0.0, Culture=neutral, PublicKeyToken=7cec85d7bea7798e],[System.Int32, System.Private.CoreLib, Version=10.0.0.0, Culture=neutral, PublicKeyToken=7cec85d7bea7798e],[System.Int32, System.Private.CoreLib, Version=10.0.0.0, Culture=neutral, PublicKeyToken=7cec85d7bea7798e],[System.Int32, System.Private.CoreLib, Version=10.0.0.0, Culture=neutral, PublicKeyToken=7cec85d7bea7798e],[System.Int32, System.Private.CoreLib, Version=10.0.0.0, Culture=neutral, PublicKeyToken=7cec85d7bea7798e]]'.
2026-05-25 23:40:09.995 +03:00 [INF] Executed action SmartParkingF.API.Controllers.DashboardController.GetStats (SmartParkingF.API) in 26.7816ms
2026-05-25 23:40:09.997 +03:00 [INF] Request starting HTTP/2 GET https://localhost:7144/api/dashboard/stats - null null
2026-05-25 23:40:09.997 +03:00 [INF] Executed endpoint 'SmartParkingF.API.Controllers.DashboardController.GetStats (SmartParkingF.API)'
2026-05-25 23:40:10.000 +03:00 [INF] CORS policy execution successful.
2026-05-25 23:40:10.001 +03:00 [INF] HTTP GET /api/dashboard/stats responded 200 in 35.8286 ms
2026-05-25 23:40:10.002 +03:00 [INF] Executing endpoint 'SmartParkingF.API.Controllers.DashboardController.GetStats (SmartParkingF.API)'
2026-05-25 23:40:10.003 +03:00 [INF] Request finished HTTP/2 GET https://localhost:7144/api/dashboard/stats - 200 null application/json; charset=utf-8 41.8036ms
2026-05-25 23:40:10.007 +03:00 [INF] Route matched with {action = "GetStats", controller = "Dashboard"}. Executing controller action with signature System.Threading.Tasks.Task`1[Microsoft.AspNetCore.Mvc.IActionResult] GetStats() on controller SmartParkingF.API.Controllers.DashboardController (SmartParkingF.API).
2026-05-25 23:40:10.014 +03:00 [INF] Executed DbCommand (1ms) [Parameters=[], CommandType='"Text"', CommandTimeout='30']
SELECT COALESCE(SUM([r].[TotalPrice]), 0.0)
FROM [Reservations] AS [r]
WHERE [r].[Status] = N'Confirmed'
2026-05-25 23:40:10.017 +03:00 [INF] Executed DbCommand (0ms) [Parameters=[], CommandType='"Text"', CommandTimeout='30']
SELECT COUNT(*)
FROM [Reservations] AS [r]
WHERE [r].[Status] = N'Confirmed'
2026-05-25 23:40:10.020 +03:00 [INF] Executed DbCommand (0ms) [Parameters=[], CommandType='"Text"', CommandTimeout='30']
SELECT COUNT(*)
FROM [ParkingSpots] AS [p]
2026-05-25 23:40:10.023 +03:00 [INF] Executed DbCommand (1ms) [Parameters=[], CommandType='"Text"', CommandTimeout='30']
SELECT COUNT(*)
FROM [ParkingSpots] AS [p]
WHERE [p].[Status] = N'Busy'
2026-05-25 23:40:10.026 +03:00 [INF] Executed DbCommand (1ms) [Parameters=[], CommandType='"Text"', CommandTimeout='30']
SELECT COUNT(*)
FROM [Users] AS [u]
2026-05-25 23:40:10.028 +03:00 [INF] Executing OkObjectResult, writing value of type '<>f__AnonymousType0`6[[System.Decimal, System.Private.CoreLib, Version=10.0.0.0, Culture=neutral, PublicKeyToken=7cec85d7bea7798e],[System.Int32, System.Private.CoreLib, Version=10.0.0.0, Culture=neutral, PublicKeyToken=7cec85d7bea7798e],[System.Int32, System.Private.CoreLib, Version=10.0.0.0, Culture=neutral, PublicKeyToken=7cec85d7bea7798e],[System.Int32, System.Private.CoreLib, Version=10.0.0.0, Culture=neutral, PublicKeyToken=7cec85d7bea7798e],[System.Int32, System.Private.CoreLib, Version=10.0.0.0, Culture=neutral, PublicKeyToken=7cec85d7bea7798e],[System.Int32, System.Private.CoreLib, Version=10.0.0.0, Culture=neutral, PublicKeyToken=7cec85d7bea7798e]]'.
2026-05-25 23:40:10.030 +03:00 [INF] Executed action SmartParkingF.API.Controllers.DashboardController.GetStats (SmartParkingF.API) in 18.0291ms
2026-05-25 23:40:10.032 +03:00 [INF] Executed endpoint 'SmartParkingF.API.Controllers.DashboardController.GetStats (SmartParkingF.API)'
2026-05-25 23:40:10.033 +03:00 [INF] HTTP GET /api/dashboard/stats responded 200 in 33.4108 ms
2026-05-25 23:40:10.035 +03:00 [INF] Request finished HTTP/2 GET https://localhost:7144/api/dashboard/stats - 200 null application/json; charset=utf-8 38.585ms
2026-05-25 23:40:10.690 +03:00 [INF] Request starting HTTP/2 GET https://localhost:7144/api/dashboard/stats - null null
2026-05-25 23:40:10.692 +03:00 [INF] CORS policy execution successful.
2026-05-25 23:40:10.693 +03:00 [INF] Executing endpoint 'SmartParkingF.API.Controllers.DashboardController.GetStats (SmartParkingF.API)'
2026-05-25 23:40:10.694 +03:00 [INF] Route matched with {action = "GetStats", controller = "Dashboard"}. Executing controller action with signature System.Threading.Tasks.Task`1[Microsoft.AspNetCore.Mvc.IActionResult] GetStats() on controller SmartParkingF.API.Controllers.DashboardController (SmartParkingF.API).
2026-05-25 23:40:10.697 +03:00 [INF] Executed DbCommand (1ms) [Parameters=[], CommandType='"Text"', CommandTimeout='30']
SELECT COALESCE(SUM([r].[TotalPrice]), 0.0)
FROM [Reservations] AS [r]
WHERE [r].[Status] = N'Confirmed'
2026-05-25 23:40:10.701 +03:00 [INF] Executed DbCommand (1ms) [Parameters=[], CommandType='"Text"', CommandTimeout='30']
SELECT COUNT(*)
FROM [Reservations] AS [r]
WHERE [r].[Status] = N'Confirmed'
2026-05-25 23:40:10.704 +03:00 [INF] Executed DbCommand (1ms) [Parameters=[], CommandType='"Text"', CommandTimeout='30']
SELECT COUNT(*)
FROM [ParkingSpots] AS [p]
2026-05-25 23:40:10.707 +03:00 [INF] Executed DbCommand (1ms) [Parameters=[], CommandType='"Text"', CommandTimeout='30']
SELECT COUNT(*)
FROM [ParkingSpots] AS [p]
WHERE [p].[Status] = N'Busy'
2026-05-25 23:40:10.710 +03:00 [INF] Executed DbCommand (1ms) [Parameters=[], CommandType='"Text"', CommandTimeout='30']
SELECT COUNT(*)
FROM [Users] AS [u]
2026-05-25 23:40:10.712 +03:00 [INF] Executing OkObjectResult, writing value of type '<>f__AnonymousType0`6[[System.Decimal, System.Private.CoreLib, Version=10.0.0.0, Culture=neutral, PublicKeyToken=7cec85d7bea7798e],[System.Int32, System.Private.CoreLib, Version=10.0.0.0, Culture=neutral, PublicKeyToken=7cec85d7bea7798e],[System.Int32, System.Private.CoreLib, Version=10.0.0.0, Culture=neutral, PublicKeyToken=7cec85d7bea7798e],[System.Int32, System.Private.CoreLib, Version=10.0.0.0, Culture=neutral, PublicKeyToken=7cec85d7bea7798e],[System.Int32, System.Private.CoreLib, Version=10.0.0.0, Culture=neutral, PublicKeyToken=7cec85d7bea7798e],[System.Int32, System.Private.CoreLib, Version=10.0.0.0, Culture=neutral, PublicKeyToken=7cec85d7bea7798e]]'.
2026-05-25 23:40:10.716 +03:00 [INF] Executed action SmartParkingF.API.Controllers.DashboardController.GetStats (SmartParkingF.API) in 19.96ms
2026-05-25 23:40:10.717 +03:00 [INF] Executed endpoint 'SmartParkingF.API.Controllers.DashboardController.GetStats (SmartParkingF.API)'
2026-05-25 23:40:10.718 +03:00 [INF] HTTP GET /api/dashboard/stats responded 200 in 25.6108 ms
2026-05-25 23:40:10.718 +03:00 [INF] Request starting HTTP/2 GET https://localhost:7144/api/dashboard/stats - null null
2026-05-25 23:40:10.720 +03:00 [INF] Request finished HTTP/2 GET https://localhost:7144/api/dashboard/stats - 200 null application/json; charset=utf-8 30.1325ms
2026-05-25 23:40:10.722 +03:00 [INF] CORS policy execution successful.
2026-05-25 23:40:10.725 +03:00 [INF] Executing endpoint 'SmartParkingF.API.Controllers.DashboardController.GetStats (SmartParkingF.API)'
2026-05-25 23:40:10.726 +03:00 [INF] Route matched with {action = "GetStats", controller = "Dashboard"}. Executing controller action with signature System.Threading.Tasks.Task`1[Microsoft.AspNetCore.Mvc.IActionResult] GetStats() on controller SmartParkingF.API.Controllers.DashboardController (SmartParkingF.API).
2026-05-25 23:40:10.729 +03:00 [INF] Executed DbCommand (1ms) [Parameters=[], CommandType='"Text"', CommandTimeout='30']
SELECT COALESCE(SUM([r].[TotalPrice]), 0.0)
FROM [Reservations] AS [r]
WHERE [r].[Status] = N'Confirmed'
2026-05-25 23:40:10.732 +03:00 [INF] Executed DbCommand (1ms) [Parameters=[], CommandType='"Text"', CommandTimeout='30']
SELECT COUNT(*)
FROM [Reservations] AS [r]
WHERE [r].[Status] = N'Confirmed'
2026-05-25 23:40:10.735 +03:00 [INF] Executed DbCommand (0ms) [Parameters=[], CommandType='"Text"', CommandTimeout='30']
SELECT COUNT(*)
FROM [ParkingSpots] AS [p]
2026-05-25 23:40:10.738 +03:00 [INF] Executed DbCommand (1ms) [Parameters=[], CommandType='"Text"', CommandTimeout='30']
SELECT COUNT(*)
FROM [ParkingSpots] AS [p]
WHERE [p].[Status] = N'Busy'
2026-05-25 23:40:10.740 +03:00 [INF] Executed DbCommand (0ms) [Parameters=[], CommandType='"Text"', CommandTimeout='30']
SELECT COUNT(*)
FROM [Users] AS [u]
2026-05-25 23:40:10.742 +03:00 [INF] Executing OkObjectResult, writing value of type '<>f__AnonymousType0`6[[System.Decimal, System.Private.CoreLib, Version=10.0.0.0, Culture=neutral, PublicKeyToken=7cec85d7bea7798e],[System.Int32, System.Private.CoreLib, Version=10.0.0.0, Culture=neutral, PublicKeyToken=7cec85d7bea7798e],[System.Int32, System.Private.CoreLib, Version=10.0.0.0, Culture=neutral, PublicKeyToken=7cec85d7bea7798e],[System.Int32, System.Private.CoreLib, Version=10.0.0.0, Culture=neutral, PublicKeyToken=7cec85d7bea7798e],[System.Int32, System.Private.CoreLib, Version=10.0.0.0, Culture=neutral, PublicKeyToken=7cec85d7bea7798e],[System.Int32, System.Private.CoreLib, Version=10.0.0.0, Culture=neutral, PublicKeyToken=7cec85d7bea7798e]]'.
2026-05-25 23:40:10.744 +03:00 [INF] Executed action SmartParkingF.API.Controllers.DashboardController.GetStats (SmartParkingF.API) in 15.8559ms
2026-05-25 23:40:10.745 +03:00 [INF] Executed endpoint 'SmartParkingF.API.Controllers.DashboardController.GetStats (SmartParkingF.API)'
2026-05-25 23:40:10.747 +03:00 [INF] HTTP GET /api/dashboard/stats responded 200 in 25.0297 ms
2026-05-25 23:40:10.749 +03:00 [INF] Request finished HTTP/2 GET https://localhost:7144/api/dashboard/stats - 200 null application/json; charset=utf-8 30.5718ms
2026-05-25 23:40:11.392 +03:00 [INF] Request starting HTTP/2 GET https://localhost:7144/api/dashboard/stats - null null
2026-05-25 23:40:11.394 +03:00 [INF] CORS policy execution successful.
2026-05-25 23:40:11.395 +03:00 [INF] Executing endpoint 'SmartParkingF.API.Controllers.DashboardController.GetStats (SmartParkingF.API)'
2026-05-25 23:40:11.396 +03:00 [INF] Route matched with {action = "GetStats", controller = "Dashboard"}. Executing controller action with signature System.Threading.Tasks.Task`1[Microsoft.AspNetCore.Mvc.IActionResult] GetStats() on controller SmartParkingF.API.Controllers.DashboardController (SmartParkingF.API).
2026-05-25 23:40:11.399 +03:00 [INF] Executed DbCommand (1ms) [Parameters=[], CommandType='"Text"', CommandTimeout='30']
SELECT COALESCE(SUM([r].[TotalPrice]), 0.0)
FROM [Reservations] AS [r]
WHERE [r].[Status] = N'Confirmed'
2026-05-25 23:40:11.402 +03:00 [INF] Executed DbCommand (1ms) [Parameters=[], CommandType='"Text"', CommandTimeout='30']
SELECT COUNT(*)
FROM [Reservations] AS [r]
WHERE [r].[Status] = N'Confirmed'
2026-05-25 23:40:11.404 +03:00 [INF] Executed DbCommand (0ms) [Parameters=[], CommandType='"Text"', CommandTimeout='30']
SELECT COUNT(*)
FROM [ParkingSpots] AS [p]
2026-05-25 23:40:11.407 +03:00 [INF] Executed DbCommand (1ms) [Parameters=[], CommandType='"Text"', CommandTimeout='30']
SELECT COUNT(*)
FROM [ParkingSpots] AS [p]
WHERE [p].[Status] = N'Busy'
2026-05-25 23:40:11.409 +03:00 [INF] Executed DbCommand (0ms) [Parameters=[], CommandType='"Text"', CommandTimeout='30']
SELECT COUNT(*)
FROM [Users] AS [u]
2026-05-25 23:40:11.412 +03:00 [INF] Executing OkObjectResult, writing value of type '<>f__AnonymousType0`6[[System.Decimal, System.Private.CoreLib, Version=10.0.0.0, Culture=neutral, PublicKeyToken=7cec85d7bea7798e],[System.Int32, System.Private.CoreLib, Version=10.0.0.0, Culture=neutral, PublicKeyToken=7cec85d7bea7798e],[System.Int32, System.Private.CoreLib, Version=10.0.0.0, Culture=neutral, PublicKeyToken=7cec85d7bea7798e],[System.Int32, System.Private.CoreLib, Version=10.0.0.0, Culture=neutral, PublicKeyToken=7cec85d7bea7798e],[System.Int32, System.Private.CoreLib, Version=10.0.0.0, Culture=neutral, PublicKeyToken=7cec85d7bea7798e],[System.Int32, System.Private.CoreLib, Version=10.0.0.0, Culture=neutral, PublicKeyToken=7cec85d7bea7798e]]'.
2026-05-25 23:40:11.413 +03:00 [INF] Executed action SmartParkingF.API.Controllers.DashboardController.GetStats (SmartParkingF.API) in 15.0639ms
2026-05-25 23:40:11.415 +03:00 [INF] Request starting HTTP/2 GET https://localhost:7144/api/dashboard/stats - null null
2026-05-25 23:40:11.415 +03:00 [INF] Executed endpoint 'SmartParkingF.API.Controllers.DashboardController.GetStats (SmartParkingF.API)'
2026-05-25 23:40:11.417 +03:00 [INF] CORS policy execution successful.
2026-05-25 23:40:11.418 +03:00 [INF] HTTP GET /api/dashboard/stats responded 200 in 23.5733 ms
2026-05-25 23:40:11.418 +03:00 [INF] Executing endpoint 'SmartParkingF.API.Controllers.DashboardController.GetStats (SmartParkingF.API)'
2026-05-25 23:40:11.420 +03:00 [INF] Request finished HTTP/2 GET https://localhost:7144/api/dashboard/stats - 200 null application/json; charset=utf-8 28.2506ms
2026-05-25 23:40:11.421 +03:00 [INF] Route matched with {action = "GetStats", controller = "Dashboard"}. Executing controller action with signature System.Threading.Tasks.Task`1[Microsoft.AspNetCore.Mvc.IActionResult] GetStats() on controller SmartParkingF.API.Controllers.DashboardController (SmartParkingF.API).
2026-05-25 23:40:11.426 +03:00 [INF] Executed DbCommand (1ms) [Parameters=[], CommandType='"Text"', CommandTimeout='30']
SELECT COALESCE(SUM([r].[TotalPrice]), 0.0)
FROM [Reservations] AS [r]
WHERE [r].[Status] = N'Confirmed'
2026-05-25 23:40:11.428 +03:00 [INF] Executed DbCommand (0ms) [Parameters=[], CommandType='"Text"', CommandTimeout='30']
SELECT COUNT(*)
FROM [Reservations] AS [r]
WHERE [r].[Status] = N'Confirmed'
2026-05-25 23:40:11.431 +03:00 [INF] Executed DbCommand (0ms) [Parameters=[], CommandType='"Text"', CommandTimeout='30']
SELECT COUNT(*)
FROM [ParkingSpots] AS [p]
2026-05-25 23:40:11.433 +03:00 [INF] Executed DbCommand (1ms) [Parameters=[], CommandType='"Text"', CommandTimeout='30']
SELECT COUNT(*)
FROM [ParkingSpots] AS [p]
WHERE [p].[Status] = N'Busy'
2026-05-25 23:40:11.436 +03:00 [INF] Executed DbCommand (0ms) [Parameters=[], CommandType='"Text"', CommandTimeout='30']
SELECT COUNT(*)
FROM [Users] AS [u]
2026-05-25 23:40:11.438 +03:00 [INF] Executing OkObjectResult, writing value of type '<>f__AnonymousType0`6[[System.Decimal, System.Private.CoreLib, Version=10.0.0.0, Culture=neutral, PublicKeyToken=7cec85d7bea7798e],[System.Int32, System.Private.CoreLib, Version=10.0.0.0, Culture=neutral, PublicKeyToken=7cec85d7bea7798e],[System.Int32, System.Private.CoreLib, Version=10.0.0.0, Culture=neutral, PublicKeyToken=7cec85d7bea7798e],[System.Int32, System.Private.CoreLib, Version=10.0.0.0, Culture=neutral, PublicKeyToken=7cec85d7bea7798e],[System.Int32, System.Private.CoreLib, Version=10.0.0.0, Culture=neutral, PublicKeyToken=7cec85d7bea7798e],[System.Int32, System.Private.CoreLib, Version=10.0.0.0, Culture=neutral, PublicKeyToken=7cec85d7bea7798e]]'.
2026-05-25 23:40:11.439 +03:00 [INF] Executed action SmartParkingF.API.Controllers.DashboardController.GetStats (SmartParkingF.API) in 14.3972ms
2026-05-25 23:40:11.441 +03:00 [INF] Executed endpoint 'SmartParkingF.API.Controllers.DashboardController.GetStats (SmartParkingF.API)'
2026-05-25 23:40:11.442 +03:00 [INF] HTTP GET /api/dashboard/stats responded 200 in 24.6863 ms
2026-05-25 23:40:11.443 +03:00 [INF] Request finished HTTP/2 GET https://localhost:7144/api/dashboard/stats - 200 null application/json; charset=utf-8 28.5909ms
2026-05-25 23:40:12.093 +03:00 [INF] Request starting HTTP/2 GET https://localhost:7144/api/dashboard/stats - null null
2026-05-25 23:40:12.096 +03:00 [INF] CORS policy execution successful.
2026-05-25 23:40:12.098 +03:00 [INF] Executing endpoint 'SmartParkingF.API.Controllers.DashboardController.GetStats (SmartParkingF.API)'
2026-05-25 23:40:12.099 +03:00 [INF] Route matched with {action = "GetStats", controller = "Dashboard"}. Executing controller action with signature System.Threading.Tasks.Task`1[Microsoft.AspNetCore.Mvc.IActionResult] GetStats() on controller SmartParkingF.API.Controllers.DashboardController (SmartParkingF.API).
2026-05-25 23:40:12.102 +03:00 [INF] Executed DbCommand (0ms) [Parameters=[], CommandType='"Text"', CommandTimeout='30']
SELECT COALESCE(SUM([r].[TotalPrice]), 0.0)
FROM [Reservations] AS [r]
WHERE [r].[Status] = N'Confirmed'
2026-05-25 23:40:12.105 +03:00 [INF] Executed DbCommand (0ms) [Parameters=[], CommandType='"Text"', CommandTimeout='30']
SELECT COUNT(*)
FROM [Reservations] AS [r]
WHERE [r].[Status] = N'Confirmed'
2026-05-25 23:40:12.107 +03:00 [INF] Executed DbCommand (0ms) [Parameters=[], CommandType='"Text"', CommandTimeout='30']
SELECT COUNT(*)
FROM [ParkingSpots] AS [p]
2026-05-25 23:40:12.110 +03:00 [INF] Executed DbCommand (1ms) [Parameters=[], CommandType='"Text"', CommandTimeout='30']
SELECT COUNT(*)
FROM [ParkingSpots] AS [p]
WHERE [p].[Status] = N'Busy'
2026-05-25 23:40:12.113 +03:00 [INF] Executed DbCommand (0ms) [Parameters=[], CommandType='"Text"', CommandTimeout='30']
SELECT COUNT(*)
FROM [Users] AS [u]
2026-05-25 23:40:12.116 +03:00 [INF] Executing OkObjectResult, writing value of type '<>f__AnonymousType0`6[[System.Decimal, System.Private.CoreLib, Version=10.0.0.0, Culture=neutral, PublicKeyToken=7cec85d7bea7798e],[System.Int32, System.Private.CoreLib, Version=10.0.0.0, Culture=neutral, PublicKeyToken=7cec85d7bea7798e],[System.Int32, System.Private.CoreLib, Version=10.0.0.0, Culture=neutral, PublicKeyToken=7cec85d7bea7798e],[System.Int32, System.Private.CoreLib, Version=10.0.0.0, Culture=neutral, PublicKeyToken=7cec85d7bea7798e],[System.Int32, System.Private.CoreLib, Version=10.0.0.0, Culture=neutral, PublicKeyToken=7cec85d7bea7798e],[System.Int32, System.Private.CoreLib, Version=10.0.0.0, Culture=neutral, PublicKeyToken=7cec85d7bea7798e]]'.
2026-05-25 23:40:12.117 +03:00 [INF] Executed action SmartParkingF.API.Controllers.DashboardController.GetStats (SmartParkingF.API) in 15.8299ms
2026-05-25 23:40:12.118 +03:00 [INF] Request starting HTTP/2 GET https://localhost:7144/api/dashboard/stats - null null
2026-05-25 23:40:12.118 +03:00 [INF] Executed endpoint 'SmartParkingF.API.Controllers.DashboardController.GetStats (SmartParkingF.API)'
2026-05-25 23:40:12.120 +03:00 [INF] CORS policy execution successful.
2026-05-25 23:40:12.121 +03:00 [INF] HTTP GET /api/dashboard/stats responded 200 in 24.4050 ms
2026-05-25 23:40:12.121 +03:00 [INF] Executing endpoint 'SmartParkingF.API.Controllers.DashboardController.GetStats (SmartParkingF.API)'
2026-05-25 23:40:12.123 +03:00 [INF] Request finished HTTP/2 GET https://localhost:7144/api/dashboard/stats - 200 null application/json; charset=utf-8 29.6573ms
2026-05-25 23:40:12.124 +03:00 [INF] Route matched with {action = "GetStats", controller = "Dashboard"}. Executing controller action with signature System.Threading.Tasks.Task`1[Microsoft.AspNetCore.Mvc.IActionResult] GetStats() on controller SmartParkingF.API.Controllers.DashboardController (SmartParkingF.API).
2026-05-25 23:40:12.129 +03:00 [INF] Executed DbCommand (0ms) [Parameters=[], CommandType='"Text"', CommandTimeout='30']
SELECT COALESCE(SUM([r].[TotalPrice]), 0.0)
FROM [Reservations] AS [r]
WHERE [r].[Status] = N'Confirmed'
2026-05-25 23:40:12.132 +03:00 [INF] Executed DbCommand (1ms) [Parameters=[], CommandType='"Text"', CommandTimeout='30']
SELECT COUNT(*)
FROM [Reservations] AS [r]
WHERE [r].[Status] = N'Confirmed'
2026-05-25 23:40:12.135 +03:00 [INF] Executed DbCommand (0ms) [Parameters=[], CommandType='"Text"', CommandTimeout='30']
SELECT COUNT(*)
FROM [ParkingSpots] AS [p]
2026-05-25 23:40:12.138 +03:00 [INF] Executed DbCommand (1ms) [Parameters=[], CommandType='"Text"', CommandTimeout='30']
SELECT COUNT(*)
FROM [ParkingSpots] AS [p]
WHERE [p].[Status] = N'Busy'
2026-05-25 23:40:12.141 +03:00 [INF] Executed DbCommand (0ms) [Parameters=[], CommandType='"Text"', CommandTimeout='30']
SELECT COUNT(*)
FROM [Users] AS [u]
2026-05-25 23:40:12.143 +03:00 [INF] Executing OkObjectResult, writing value of type '<>f__AnonymousType0`6[[System.Decimal, System.Private.CoreLib, Version=10.0.0.0, Culture=neutral, PublicKeyToken=7cec85d7bea7798e],[System.Int32, System.Private.CoreLib, Version=10.0.0.0, Culture=neutral, PublicKeyToken=7cec85d7bea7798e],[System.Int32, System.Private.CoreLib, Version=10.0.0.0, Culture=neutral, PublicKeyToken=7cec85d7bea7798e],[System.Int32, System.Private.CoreLib, Version=10.0.0.0, Culture=neutral, PublicKeyToken=7cec85d7bea7798e],[System.Int32, System.Private.CoreLib, Version=10.0.0.0, Culture=neutral, PublicKeyToken=7cec85d7bea7798e],[System.Int32, System.Private.CoreLib, Version=10.0.0.0, Culture=neutral, PublicKeyToken=7cec85d7bea7798e]]'.
2026-05-25 23:40:12.144 +03:00 [INF] Executed action SmartParkingF.API.Controllers.DashboardController.GetStats (SmartParkingF.API) in 15.9198ms
2026-05-25 23:40:12.146 +03:00 [INF] Executed endpoint 'SmartParkingF.API.Controllers.DashboardController.GetStats (SmartParkingF.API)'
2026-05-25 23:40:12.147 +03:00 [INF] HTTP GET /api/dashboard/stats responded 200 in 26.9147 ms
2026-05-25 23:40:12.149 +03:00 [INF] Request finished HTTP/2 GET https://localhost:7144/api/dashboard/stats - 200 null application/json; charset=utf-8 30.6481ms
2026-05-25 23:40:24.673 +03:00 [INF] Request starting HTTP/2 OPTIONS https://localhost:7144/api/users/login - null null
2026-05-25 23:40:24.677 +03:00 [INF] CORS policy execution successful.
2026-05-25 23:40:24.679 +03:00 [INF] HTTP OPTIONS /api/users/login responded 204 in 1.8933 ms
2026-05-25 23:40:24.681 +03:00 [INF] Request finished HTTP/2 OPTIONS https://localhost:7144/api/users/login - 204 null null 8.2902ms
2026-05-25 23:40:24.684 +03:00 [INF] Request starting HTTP/2 POST https://localhost:7144/api/users/login - application/json 57
2026-05-25 23:40:24.689 +03:00 [INF] CORS policy execution successful.
2026-05-25 23:40:24.690 +03:00 [INF] Executing endpoint 'SmartParkingF.API.Controllers.UsersController.Login (SmartParkingF.API)'
2026-05-25 23:40:24.701 +03:00 [INF] Route matched with {action = "Login", controller = "Users"}. Executing controller action with signature System.Threading.Tasks.Task`1[Microsoft.AspNetCore.Mvc.IActionResult] Login(SmartParkingF.API.Models.DTOs.LoginRequest) on controller SmartParkingF.API.Controllers.UsersController (SmartParkingF.API).
2026-05-25 23:40:24.727 +03:00 [INF] Executed DbCommand (4ms) [Parameters=[@cleanEmail='?' (Size = 450)], CommandType='"Text"', CommandTimeout='30']
SELECT TOP(1) [u].[Id], [u].[AccountType], [u].[CarPlateNumber], [u].[CardLastFourDigits], [u].[CreatedAt], [u].[Email], [u].[FullName], [u].[HasLinkedCard], [u].[PasswordHash], [u].[Phone], [u].[RefreshToken], [u].[RefreshTokenExpiryTime], [u].[Role], [u].[Status]
FROM [Users] AS [u]
WHERE LOWER([u].[Email]) = @cleanEmail AND [u].[Status] = N'Active'
2026-05-25 23:40:25.342 +03:00 [INF] Executed DbCommand (5ms) [Parameters=[@p2='?' (DbType = Int32), @p0='?' (Size = 4000), @p1='?' (DbType = DateTime2)], CommandType='"Text"', CommandTimeout='30']
SET IMPLICIT_TRANSACTIONS OFF;
SET NOCOUNT ON;
UPDATE [Users] SET [RefreshToken] = @p0, [RefreshTokenExpiryTime] = @p1
OUTPUT 1
WHERE [Id] = @p2;
2026-05-25 23:40:25.345 +03:00 [INF] User 3 logged in successfully
2026-05-25 23:40:25.348 +03:00 [INF] Executing OkObjectResult, writing value of type 'SmartParkingF.API.Models.DTOs.AuthResponse'.
2026-05-25 23:40:25.354 +03:00 [INF] Executed action SmartParkingF.API.Controllers.UsersController.Login (SmartParkingF.API) in 650.4856ms
2026-05-25 23:40:25.356 +03:00 [INF] Executed endpoint 'SmartParkingF.API.Controllers.UsersController.Login (SmartParkingF.API)'
2026-05-25 23:40:25.357 +03:00 [INF] HTTP POST /api/users/login responded 200 in 668.1089 ms
2026-05-25 23:40:25.359 +03:00 [INF] Request finished HTTP/2 POST https://localhost:7144/api/users/login - 200 null application/json; charset=utf-8 675.3879ms
2026-05-25 23:40:25.374 +03:00 [INF] Request starting HTTP/2 GET https://localhost:7144/api/dashboard/stats - null null
2026-05-25 23:40:25.377 +03:00 [INF] CORS policy execution successful.
2026-05-25 23:40:25.378 +03:00 [INF] Executing endpoint 'SmartParkingF.API.Controllers.DashboardController.GetStats (SmartParkingF.API)'
2026-05-25 23:40:25.379 +03:00 [INF] Route matched with {action = "GetStats", controller = "Dashboard"}. Executing controller action with signature System.Threading.Tasks.Task`1[Microsoft.AspNetCore.Mvc.IActionResult] GetStats() on controller SmartParkingF.API.Controllers.DashboardController (SmartParkingF.API).
2026-05-25 23:40:25.382 +03:00 [INF] Executed DbCommand (1ms) [Parameters=[], CommandType='"Text"', CommandTimeout='30']
SELECT COALESCE(SUM([r].[TotalPrice]), 0.0)
FROM [Reservations] AS [r]
WHERE [r].[Status] = N'Confirmed'
2026-05-25 23:40:25.386 +03:00 [INF] Executed DbCommand (1ms) [Parameters=[], CommandType='"Text"', CommandTimeout='30']
SELECT COUNT(*)
FROM [Reservations] AS [r]
WHERE [r].[Status] = N'Confirmed'
2026-05-25 23:40:25.388 +03:00 [INF] Executed DbCommand (0ms) [Parameters=[], CommandType='"Text"', CommandTimeout='30']
SELECT COUNT(*)
FROM [ParkingSpots] AS [p]
2026-05-25 23:40:25.391 +03:00 [INF] Executed DbCommand (1ms) [Parameters=[], CommandType='"Text"', CommandTimeout='30']
SELECT COUNT(*)
FROM [ParkingSpots] AS [p]
WHERE [p].[Status] = N'Busy'
2026-05-25 23:40:25.393 +03:00 [INF] Executed DbCommand (1ms) [Parameters=[], CommandType='"Text"', CommandTimeout='30']
SELECT COUNT(*)
FROM [Users] AS [u]
2026-05-25 23:40:25.395 +03:00 [INF] Executing OkObjectResult, writing value of type '<>f__AnonymousType0`6[[System.Decimal, System.Private.CoreLib, Version=10.0.0.0, Culture=neutral, PublicKeyToken=7cec85d7bea7798e],[System.Int32, System.Private.CoreLib, Version=10.0.0.0, Culture=neutral, PublicKeyToken=7cec85d7bea7798e],[System.Int32, System.Private.CoreLib, Version=10.0.0.0, Culture=neutral, PublicKeyToken=7cec85d7bea7798e],[System.Int32, System.Private.CoreLib, Version=10.0.0.0, Culture=neutral, PublicKeyToken=7cec85d7bea7798e],[System.Int32, System.Private.CoreLib, Version=10.0.0.0, Culture=neutral, PublicKeyToken=7cec85d7bea7798e],[System.Int32, System.Private.CoreLib, Version=10.0.0.0, Culture=neutral, PublicKeyToken=7cec85d7bea7798e]]'.
2026-05-25 23:40:25.396 +03:00 [INF] Executed action SmartParkingF.API.Controllers.DashboardController.GetStats (SmartParkingF.API) in 15.926ms
2026-05-25 23:40:25.398 +03:00 [INF] Request starting HTTP/2 GET https://localhost:7144/api/dashboard/stats - null null
2026-05-25 23:40:25.398 +03:00 [INF] Executed endpoint 'SmartParkingF.API.Controllers.DashboardController.GetStats (SmartParkingF.API)'
2026-05-25 23:40:25.400 +03:00 [INF] CORS policy execution successful.
2026-05-25 23:40:25.401 +03:00 [INF] HTTP GET /api/dashboard/stats responded 200 in 24.1246 ms
2026-05-25 23:40:25.402 +03:00 [INF] Executing endpoint 'SmartParkingF.API.Controllers.DashboardController.GetStats (SmartParkingF.API)'
2026-05-25 23:40:25.403 +03:00 [INF] Request finished HTTP/2 GET https://localhost:7144/api/dashboard/stats - 200 null application/json; charset=utf-8 28.8363ms
2026-05-25 23:40:25.404 +03:00 [INF] Route matched with {action = "GetStats", controller = "Dashboard"}. Executing controller action with signature System.Threading.Tasks.Task`1[Microsoft.AspNetCore.Mvc.IActionResult] GetStats() on controller SmartParkingF.API.Controllers.DashboardController (SmartParkingF.API).
2026-05-25 23:40:25.409 +03:00 [INF] Executed DbCommand (0ms) [Parameters=[], CommandType='"Text"', CommandTimeout='30']
SELECT COALESCE(SUM([r].[TotalPrice]), 0.0)
FROM [Reservations] AS [r]
WHERE [r].[Status] = N'Confirmed'
2026-05-25 23:40:25.411 +03:00 [INF] Executed DbCommand (0ms) [Parameters=[], CommandType='"Text"', CommandTimeout='30']
SELECT COUNT(*)
FROM [Reservations] AS [r]
WHERE [r].[Status] = N'Confirmed'
2026-05-25 23:40:25.414 +03:00 [INF] Executed DbCommand (0ms) [Parameters=[], CommandType='"Text"', CommandTimeout='30']
SELECT COUNT(*)
FROM [ParkingSpots] AS [p]
2026-05-25 23:40:25.417 +03:00 [INF] Executed DbCommand (1ms) [Parameters=[], CommandType='"Text"', CommandTimeout='30']
SELECT COUNT(*)
FROM [ParkingSpots] AS [p]
WHERE [p].[Status] = N'Busy'
2026-05-25 23:40:25.420 +03:00 [INF] Executed DbCommand (0ms) [Parameters=[], CommandType='"Text"', CommandTimeout='30']
SELECT COUNT(*)
FROM [Users] AS [u]
2026-05-25 23:40:25.422 +03:00 [INF] Executing OkObjectResult, writing value of type '<>f__AnonymousType0`6[[System.Decimal, System.Private.CoreLib, Version=10.0.0.0, Culture=neutral, PublicKeyToken=7cec85d7bea7798e],[System.Int32, System.Private.CoreLib, Version=10.0.0.0, Culture=neutral, PublicKeyToken=7cec85d7bea7798e],[System.Int32, System.Private.CoreLib, Version=10.0.0.0, Culture=neutral, PublicKeyToken=7cec85d7bea7798e],[System.Int32, System.Private.CoreLib, Version=10.0.0.0, Culture=neutral, PublicKeyToken=7cec85d7bea7798e],[System.Int32, System.Private.CoreLib, Version=10.0.0.0, Culture=neutral, PublicKeyToken=7cec85d7bea7798e],[System.Int32, System.Private.CoreLib, Version=10.0.0.0, Culture=neutral, PublicKeyToken=7cec85d7bea7798e]]'.
2026-05-25 23:40:25.423 +03:00 [INF] Executed action SmartParkingF.API.Controllers.DashboardController.GetStats (SmartParkingF.API) in 14.7341ms
2026-05-25 23:40:25.424 +03:00 [INF] Executed endpoint 'SmartParkingF.API.Controllers.DashboardController.GetStats (SmartParkingF.API)'
2026-05-25 23:40:25.425 +03:00 [INF] HTTP GET /api/dashboard/stats responded 200 in 24.7944 ms
2026-05-25 23:40:25.426 +03:00 [INF] Request finished HTTP/2 GET https://localhost:7144/api/dashboard/stats - 200 null application/json; charset=utf-8 28.9281ms
2026-05-25 23:40:31.346 +03:00 [INF] Request starting HTTP/2 GET https://localhost:7144/api/dashboard/stats - null null
2026-05-25 23:40:31.350 +03:00 [INF] CORS policy execution successful.
2026-05-25 23:40:31.351 +03:00 [INF] Executing endpoint 'SmartParkingF.API.Controllers.DashboardController.GetStats (SmartParkingF.API)'
2026-05-25 23:40:31.352 +03:00 [INF] Route matched with {action = "GetStats", controller = "Dashboard"}. Executing controller action with signature System.Threading.Tasks.Task`1[Microsoft.AspNetCore.Mvc.IActionResult] GetStats() on controller SmartParkingF.API.Controllers.DashboardController (SmartParkingF.API).
2026-05-25 23:40:31.356 +03:00 [INF] Executed DbCommand (1ms) [Parameters=[], CommandType='"Text"', CommandTimeout='30']
SELECT COALESCE(SUM([r].[TotalPrice]), 0.0)
FROM [Reservations] AS [r]
WHERE [r].[Status] = N'Confirmed'
2026-05-25 23:40:31.358 +03:00 [INF] Executed DbCommand (0ms) [Parameters=[], CommandType='"Text"', CommandTimeout='30']
SELECT COUNT(*)
FROM [Reservations] AS [r]
WHERE [r].[Status] = N'Confirmed'
2026-05-25 23:40:31.361 +03:00 [INF] Executed DbCommand (0ms) [Parameters=[], CommandType='"Text"', CommandTimeout='30']
SELECT COUNT(*)
FROM [ParkingSpots] AS [p]
2026-05-25 23:40:31.364 +03:00 [INF] Executed DbCommand (1ms) [Parameters=[], CommandType='"Text"', CommandTimeout='30']
SELECT COUNT(*)
FROM [ParkingSpots] AS [p]
WHERE [p].[Status] = N'Busy'
2026-05-25 23:40:31.367 +03:00 [INF] Executed DbCommand (1ms) [Parameters=[], CommandType='"Text"', CommandTimeout='30']
SELECT COUNT(*)
FROM [Users] AS [u]
2026-05-25 23:40:31.369 +03:00 [INF] Executing OkObjectResult, writing value of type '<>f__AnonymousType0`6[[System.Decimal, System.Private.CoreLib, Version=10.0.0.0, Culture=neutral, PublicKeyToken=7cec85d7bea7798e],[System.Int32, System.Private.CoreLib, Version=10.0.0.0, Culture=neutral, PublicKeyToken=7cec85d7bea7798e],[System.Int32, System.Private.CoreLib, Version=10.0.0.0, Culture=neutral, PublicKeyToken=7cec85d7bea7798e],[System.Int32, System.Private.CoreLib, Version=10.0.0.0, Culture=neutral, PublicKeyToken=7cec85d7bea7798e],[System.Int32, System.Private.CoreLib, Version=10.0.0.0, Culture=neutral, PublicKeyToken=7cec85d7bea7798e],[System.Int32, System.Private.CoreLib, Version=10.0.0.0, Culture=neutral, PublicKeyToken=7cec85d7bea7798e]]'.
2026-05-25 23:40:31.370 +03:00 [INF] Executed action SmartParkingF.API.Controllers.DashboardController.GetStats (SmartParkingF.API) in 15.7348ms
2026-05-25 23:40:31.371 +03:00 [INF] Request starting HTTP/2 GET https://localhost:7144/api/dashboard/stats - null null
2026-05-25 23:40:31.371 +03:00 [INF] Executed endpoint 'SmartParkingF.API.Controllers.DashboardController.GetStats (SmartParkingF.API)'
2026-05-25 23:40:31.374 +03:00 [INF] CORS policy execution successful.
2026-05-25 23:40:31.375 +03:00 [INF] HTTP GET /api/dashboard/stats responded 200 in 24.7409 ms
2026-05-25 23:40:31.376 +03:00 [INF] Executing endpoint 'SmartParkingF.API.Controllers.DashboardController.GetStats (SmartParkingF.API)'
2026-05-25 23:40:31.377 +03:00 [INF] Request finished HTTP/2 GET https://localhost:7144/api/dashboard/stats - 200 null application/json; charset=utf-8 31.1446ms
2026-05-25 23:40:31.378 +03:00 [INF] Route matched with {action = "GetStats", controller = "Dashboard"}. Executing controller action with signature System.Threading.Tasks.Task`1[Microsoft.AspNetCore.Mvc.IActionResult] GetStats() on controller SmartParkingF.API.Controllers.DashboardController (SmartParkingF.API).
2026-05-25 23:40:31.384 +03:00 [INF] Executed DbCommand (0ms) [Parameters=[], CommandType='"Text"', CommandTimeout='30']
SELECT COALESCE(SUM([r].[TotalPrice]), 0.0)
FROM [Reservations] AS [r]
WHERE [r].[Status] = N'Confirmed'
2026-05-25 23:40:31.387 +03:00 [INF] Executed DbCommand (1ms) [Parameters=[], CommandType='"Text"', CommandTimeout='30']
SELECT COUNT(*)
FROM [Reservations] AS [r]
WHERE [r].[Status] = N'Confirmed'
2026-05-25 23:40:31.389 +03:00 [INF] Executed DbCommand (0ms) [Parameters=[], CommandType='"Text"', CommandTimeout='30']
SELECT COUNT(*)
FROM [ParkingSpots] AS [p]
2026-05-25 23:40:31.392 +03:00 [INF] Executed DbCommand (1ms) [Parameters=[], CommandType='"Text"', CommandTimeout='30']
SELECT COUNT(*)
FROM [ParkingSpots] AS [p]
WHERE [p].[Status] = N'Busy'
2026-05-25 23:40:31.394 +03:00 [INF] Executed DbCommand (0ms) [Parameters=[], CommandType='"Text"', CommandTimeout='30']
SELECT COUNT(*)
FROM [Users] AS [u]
2026-05-25 23:40:31.396 +03:00 [INF] Executing OkObjectResult, writing value of type '<>f__AnonymousType0`6[[System.Decimal, System.Private.CoreLib, Version=10.0.0.0, Culture=neutral, PublicKeyToken=7cec85d7bea7798e],[System.Int32, System.Private.CoreLib, Version=10.0.0.0, Culture=neutral, PublicKeyToken=7cec85d7bea7798e],[System.Int32, System.Private.CoreLib, Version=10.0.0.0, Culture=neutral, PublicKeyToken=7cec85d7bea7798e],[System.Int32, System.Private.CoreLib, Version=10.0.0.0, Culture=neutral, PublicKeyToken=7cec85d7bea7798e],[System.Int32, System.Private.CoreLib, Version=10.0.0.0, Culture=neutral, PublicKeyToken=7cec85d7bea7798e],[System.Int32, System.Private.CoreLib, Version=10.0.0.0, Culture=neutral, PublicKeyToken=7cec85d7bea7798e]]'.
2026-05-25 23:40:31.397 +03:00 [INF] Executed action SmartParkingF.API.Controllers.DashboardController.GetStats (SmartParkingF.API) in 14.2521ms
2026-05-25 23:40:31.399 +03:00 [INF] Executed endpoint 'SmartParkingF.API.Controllers.DashboardController.GetStats (SmartParkingF.API)'
2026-05-25 23:40:31.400 +03:00 [INF] HTTP GET /api/dashboard/stats responded 200 in 25.9207 ms
2026-05-25 23:40:31.401 +03:00 [INF] Request finished HTTP/2 GET https://localhost:7144/api/dashboard/stats - 200 null application/json; charset=utf-8 29.9579ms
2026-05-25 23:40:33.867 +03:00 [INF] Request starting HTTP/2 GET https://localhost:7144/api/dashboard/stats - null null
2026-05-25 23:40:33.873 +03:00 [INF] CORS policy execution successful.
2026-05-25 23:40:33.874 +03:00 [INF] Executing endpoint 'SmartParkingF.API.Controllers.DashboardController.GetStats (SmartParkingF.API)'
2026-05-25 23:40:33.875 +03:00 [INF] Route matched with {action = "GetStats", controller = "Dashboard"}. Executing controller action with signature System.Threading.Tasks.Task`1[Microsoft.AspNetCore.Mvc.IActionResult] GetStats() on controller SmartParkingF.API.Controllers.DashboardController (SmartParkingF.API).
2026-05-25 23:40:33.879 +03:00 [INF] Executed DbCommand (1ms) [Parameters=[], CommandType='"Text"', CommandTimeout='30']
SELECT COALESCE(SUM([r].[TotalPrice]), 0.0)
FROM [Reservations] AS [r]
WHERE [r].[Status] = N'Confirmed'
2026-05-25 23:40:33.883 +03:00 [INF] Executed DbCommand (1ms) [Parameters=[], CommandType='"Text"', CommandTimeout='30']
SELECT COUNT(*)
FROM [Reservations] AS [r]
WHERE [r].[Status] = N'Confirmed'
2026-05-25 23:40:33.886 +03:00 [INF] Executed DbCommand (0ms) [Parameters=[], CommandType='"Text"', CommandTimeout='30']
SELECT COUNT(*)
FROM [ParkingSpots] AS [p]
2026-05-25 23:40:33.888 +03:00 [INF] Executed DbCommand (1ms) [Parameters=[], CommandType='"Text"', CommandTimeout='30']
SELECT COUNT(*)
FROM [ParkingSpots] AS [p]
WHERE [p].[Status] = N'Busy'
2026-05-25 23:40:33.891 +03:00 [INF] Executed DbCommand (0ms) [Parameters=[], CommandType='"Text"', CommandTimeout='30']
SELECT COUNT(*)
FROM [Users] AS [u]
2026-05-25 23:40:33.893 +03:00 [INF] Executing OkObjectResult, writing value of type '<>f__AnonymousType0`6[[System.Decimal, System.Private.CoreLib, Version=10.0.0.0, Culture=neutral, PublicKeyToken=7cec85d7bea7798e],[System.Int32, System.Private.CoreLib, Version=10.0.0.0, Culture=neutral, PublicKeyToken=7cec85d7bea7798e],[System.Int32, System.Private.CoreLib, Version=10.0.0.0, Culture=neutral, PublicKeyToken=7cec85d7bea7798e],[System.Int32, System.Private.CoreLib, Version=10.0.0.0, Culture=neutral, PublicKeyToken=7cec85d7bea7798e],[System.Int32, System.Private.CoreLib, Version=10.0.0.0, Culture=neutral, PublicKeyToken=7cec85d7bea7798e],[System.Int32, System.Private.CoreLib, Version=10.0.0.0, Culture=neutral, PublicKeyToken=7cec85d7bea7798e]]'.
2026-05-25 23:40:33.895 +03:00 [INF] Executed action SmartParkingF.API.Controllers.DashboardController.GetStats (SmartParkingF.API) in 16.7352ms
2026-05-25 23:40:33.896 +03:00 [INF] Request starting HTTP/2 GET https://localhost:7144/api/dashboard/stats - null null
2026-05-25 23:40:33.896 +03:00 [INF] Executed endpoint 'SmartParkingF.API.Controllers.DashboardController.GetStats (SmartParkingF.API)'
2026-05-25 23:40:33.898 +03:00 [INF] CORS policy execution successful.
2026-05-25 23:40:33.899 +03:00 [INF] HTTP GET /api/dashboard/stats responded 200 in 26.3517 ms
2026-05-25 23:40:33.900 +03:00 [INF] Executing endpoint 'SmartParkingF.API.Controllers.DashboardController.GetStats (SmartParkingF.API)'
2026-05-25 23:40:33.901 +03:00 [INF] Request finished HTTP/2 GET https://localhost:7144/api/dashboard/stats - 200 null application/json; charset=utf-8 33.9279ms
2026-05-25 23:40:33.902 +03:00 [INF] Route matched with {action = "GetStats", controller = "Dashboard"}. Executing controller action with signature System.Threading.Tasks.Task`1[Microsoft.AspNetCore.Mvc.IActionResult] GetStats() on controller SmartParkingF.API.Controllers.DashboardController (SmartParkingF.API).
2026-05-25 23:40:33.907 +03:00 [INF] Executed DbCommand (1ms) [Parameters=[], CommandType='"Text"', CommandTimeout='30']
SELECT COALESCE(SUM([r].[TotalPrice]), 0.0)
FROM [Reservations] AS [r]
WHERE [r].[Status] = N'Confirmed'
2026-05-25 23:40:33.910 +03:00 [INF] Executed DbCommand (0ms) [Parameters=[], CommandType='"Text"', CommandTimeout='30']
SELECT COUNT(*)
FROM [Reservations] AS [r]
WHERE [r].[Status] = N'Confirmed'
2026-05-25 23:40:33.912 +03:00 [INF] Executed DbCommand (0ms) [Parameters=[], CommandType='"Text"', CommandTimeout='30']
SELECT COUNT(*)
FROM [ParkingSpots] AS [p]
2026-05-25 23:40:33.915 +03:00 [INF] Executed DbCommand (1ms) [Parameters=[], CommandType='"Text"', CommandTimeout='30']
SELECT COUNT(*)
FROM [ParkingSpots] AS [p]
WHERE [p].[Status] = N'Busy'
2026-05-25 23:40:33.917 +03:00 [INF] Executed DbCommand (0ms) [Parameters=[], CommandType='"Text"', CommandTimeout='30']
SELECT COUNT(*)
FROM [Users] AS [u]
2026-05-25 23:40:33.919 +03:00 [INF] Executing OkObjectResult, writing value of type '<>f__AnonymousType0`6[[System.Decimal, System.Private.CoreLib, Version=10.0.0.0, Culture=neutral, PublicKeyToken=7cec85d7bea7798e],[System.Int32, System.Private.CoreLib, Version=10.0.0.0, Culture=neutral, PublicKeyToken=7cec85d7bea7798e],[System.Int32, System.Private.CoreLib, Version=10.0.0.0, Culture=neutral, PublicKeyToken=7cec85d7bea7798e],[System.Int32, System.Private.CoreLib, Version=10.0.0.0, Culture=neutral, PublicKeyToken=7cec85d7bea7798e],[System.Int32, System.Private.CoreLib, Version=10.0.0.0, Culture=neutral, PublicKeyToken=7cec85d7bea7798e],[System.Int32, System.Private.CoreLib, Version=10.0.0.0, Culture=neutral, PublicKeyToken=7cec85d7bea7798e]]'.
2026-05-25 23:40:33.920 +03:00 [INF] Executed action SmartParkingF.API.Controllers.DashboardController.GetStats (SmartParkingF.API) in 14.2769ms
2026-05-25 23:40:33.922 +03:00 [INF] Executed endpoint 'SmartParkingF.API.Controllers.DashboardController.GetStats (SmartParkingF.API)'
2026-05-25 23:40:33.923 +03:00 [INF] HTTP GET /api/dashboard/stats responded 200 in 24.7772 ms
2026-05-25 23:40:33.925 +03:00 [INF] Request finished HTTP/2 GET https://localhost:7144/api/dashboard/stats - 200 null application/json; charset=utf-8 29.093ms
2026-05-25 23:40:34.812 +03:00 [INF] Request starting HTTP/2 GET https://localhost:7144/api/dashboard/stats - null null
2026-05-25 23:40:34.818 +03:00 [INF] CORS policy execution successful.
2026-05-25 23:40:34.819 +03:00 [INF] Executing endpoint 'SmartParkingF.API.Controllers.DashboardController.GetStats (SmartParkingF.API)'
2026-05-25 23:40:34.821 +03:00 [INF] Route matched with {action = "GetStats", controller = "Dashboard"}. Executing controller action with signature System.Threading.Tasks.Task`1[Microsoft.AspNetCore.Mvc.IActionResult] GetStats() on controller SmartParkingF.API.Controllers.DashboardController (SmartParkingF.API).
2026-05-25 23:40:34.825 +03:00 [INF] Executed DbCommand (1ms) [Parameters=[], CommandType='"Text"', CommandTimeout='30']
SELECT COALESCE(SUM([r].[TotalPrice]), 0.0)
FROM [Reservations] AS [r]
WHERE [r].[Status] = N'Confirmed'
2026-05-25 23:40:34.828 +03:00 [INF] Executed DbCommand (0ms) [Parameters=[], CommandType='"Text"', CommandTimeout='30']
SELECT COUNT(*)
FROM [Reservations] AS [r]
WHERE [r].[Status] = N'Confirmed'
2026-05-25 23:40:34.831 +03:00 [INF] Executed DbCommand (1ms) [Parameters=[], CommandType='"Text"', CommandTimeout='30']
SELECT COUNT(*)
FROM [ParkingSpots] AS [p]
2026-05-25 23:40:34.834 +03:00 [INF] Executed DbCommand (1ms) [Parameters=[], CommandType='"Text"', CommandTimeout='30']
SELECT COUNT(*)
FROM [ParkingSpots] AS [p]
WHERE [p].[Status] = N'Busy'
2026-05-25 23:40:34.837 +03:00 [INF] Executed DbCommand (0ms) [Parameters=[], CommandType='"Text"', CommandTimeout='30']
SELECT COUNT(*)
FROM [Users] AS [u]
2026-05-25 23:40:34.839 +03:00 [INF] Executing OkObjectResult, writing value of type '<>f__AnonymousType0`6[[System.Decimal, System.Private.CoreLib, Version=10.0.0.0, Culture=neutral, PublicKeyToken=7cec85d7bea7798e],[System.Int32, System.Private.CoreLib, Version=10.0.0.0, Culture=neutral, PublicKeyToken=7cec85d7bea7798e],[System.Int32, System.Private.CoreLib, Version=10.0.0.0, Culture=neutral, PublicKeyToken=7cec85d7bea7798e],[System.Int32, System.Private.CoreLib, Version=10.0.0.0, Culture=neutral, PublicKeyToken=7cec85d7bea7798e],[System.Int32, System.Private.CoreLib, Version=10.0.0.0, Culture=neutral, PublicKeyToken=7cec85d7bea7798e],[System.Int32, System.Private.CoreLib, Version=10.0.0.0, Culture=neutral, PublicKeyToken=7cec85d7bea7798e]]'.
2026-05-25 23:40:34.840 +03:00 [INF] Executed action SmartParkingF.API.Controllers.DashboardController.GetStats (SmartParkingF.API) in 15.6307ms
2026-05-25 23:40:34.841 +03:00 [INF] Request starting HTTP/2 GET https://localhost:7144/api/dashboard/stats - null null
2026-05-25 23:40:34.841 +03:00 [INF] Executed endpoint 'SmartParkingF.API.Controllers.DashboardController.GetStats (SmartParkingF.API)'
2026-05-25 23:40:34.843 +03:00 [INF] CORS policy execution successful.
2026-05-25 23:40:34.844 +03:00 [INF] HTTP GET /api/dashboard/stats responded 200 in 26.7576 ms
2026-05-25 23:40:34.845 +03:00 [INF] Executing endpoint 'SmartParkingF.API.Controllers.DashboardController.GetStats (SmartParkingF.API)'
2026-05-25 23:40:34.847 +03:00 [INF] Request finished HTTP/2 GET https://localhost:7144/api/dashboard/stats - 200 null application/json; charset=utf-8 35.3852ms
2026-05-25 23:40:34.849 +03:00 [INF] Route matched with {action = "GetStats", controller = "Dashboard"}. Executing controller action with signature System.Threading.Tasks.Task`1[Microsoft.AspNetCore.Mvc.IActionResult] GetStats() on controller SmartParkingF.API.Controllers.DashboardController (SmartParkingF.API).
2026-05-25 23:40:34.854 +03:00 [INF] Executed DbCommand (0ms) [Parameters=[], CommandType='"Text"', CommandTimeout='30']
SELECT COALESCE(SUM([r].[TotalPrice]), 0.0)
FROM [Reservations] AS [r]
WHERE [r].[Status] = N'Confirmed'
2026-05-25 23:40:34.857 +03:00 [INF] Executed DbCommand (0ms) [Parameters=[], CommandType='"Text"', CommandTimeout='30']
SELECT COUNT(*)
FROM [Reservations] AS [r]
WHERE [r].[Status] = N'Confirmed'
2026-05-25 23:40:34.860 +03:00 [INF] Executed DbCommand (0ms) [Parameters=[], CommandType='"Text"', CommandTimeout='30']
SELECT COUNT(*)
FROM [ParkingSpots] AS [p]
2026-05-25 23:40:34.863 +03:00 [INF] Executed DbCommand (1ms) [Parameters=[], CommandType='"Text"', CommandTimeout='30']
SELECT COUNT(*)
FROM [ParkingSpots] AS [p]
WHERE [p].[Status] = N'Busy'
2026-05-25 23:40:34.868 +03:00 [INF] Executed DbCommand (1ms) [Parameters=[], CommandType='"Text"', CommandTimeout='30']
SELECT COUNT(*)
FROM [Users] AS [u]
2026-05-25 23:40:34.871 +03:00 [INF] Executing OkObjectResult, writing value of type '<>f__AnonymousType0`6[[System.Decimal, System.Private.CoreLib, Version=10.0.0.0, Culture=neutral, PublicKeyToken=7cec85d7bea7798e],[System.Int32, System.Private.CoreLib, Version=10.0.0.0, Culture=neutral, PublicKeyToken=7cec85d7bea7798e],[System.Int32, System.Private.CoreLib, Version=10.0.0.0, Culture=neutral, PublicKeyToken=7cec85d7bea7798e],[System.Int32, System.Private.CoreLib, Version=10.0.0.0, Culture=neutral, PublicKeyToken=7cec85d7bea7798e],[System.Int32, System.Private.CoreLib, Version=10.0.0.0, Culture=neutral, PublicKeyToken=7cec85d7bea7798e],[System.Int32, System.Private.CoreLib, Version=10.0.0.0, Culture=neutral, PublicKeyToken=7cec85d7bea7798e]]'.
2026-05-25 23:40:34.872 +03:00 [INF] Executed action SmartParkingF.API.Controllers.DashboardController.GetStats (SmartParkingF.API) in 19.137ms
2026-05-25 23:40:34.874 +03:00 [INF] Executed endpoint 'SmartParkingF.API.Controllers.DashboardController.GetStats (SmartParkingF.API)'
2026-05-25 23:40:34.875 +03:00 [INF] HTTP GET /api/dashboard/stats responded 200 in 31.6979 ms
2026-05-25 23:40:34.877 +03:00 [INF] Request finished HTTP/2 GET https://localhost:7144/api/dashboard/stats - 200 null application/json; charset=utf-8 36.2302ms
2026-05-25 23:40:37.717 +03:00 [INF] Request starting HTTP/2 GET https://localhost:7144/api/ParkingSpots - null null
2026-05-25 23:40:37.721 +03:00 [INF] CORS policy execution successful.
2026-05-25 23:40:37.722 +03:00 [INF] Executing endpoint 'SmartParkingF.API.Controllers.ParkingSpotsController.GetAll (SmartParkingF.API)'
2026-05-25 23:40:37.724 +03:00 [INF] Route matched with {action = "GetAll", controller = "ParkingSpots"}. Executing controller action with signature System.Threading.Tasks.Task`1[Microsoft.AspNetCore.Mvc.ActionResult`1[System.Collections.Generic.IEnumerable`1[SmartParkingF.API.Models.ParkingSpot]]] GetAll() on controller SmartParkingF.API.Controllers.ParkingSpotsController (SmartParkingF.API).
2026-05-25 23:40:37.729 +03:00 [INF] Executed DbCommand (2ms) [Parameters=[], CommandType='"Text"', CommandTimeout='30']
SELECT [p].[Id], [p].[Location], [p].[PricePerHour], [p].[PricePerNight], [p].[PropertyId], [p].[SpotNumber], [p].[Status], [p].[Zone]
FROM [ParkingSpots] AS [p]
2026-05-25 23:40:37.732 +03:00 [INF] Executing ObjectResult, writing value of type 'System.Collections.Generic.List`1[[SmartParkingF.API.Models.ParkingSpot, SmartParkingF.API, Version=1.0.0.0, Culture=neutral, PublicKeyToken=null]]'.
2026-05-25 23:40:37.734 +03:00 [INF] Executed action SmartParkingF.API.Controllers.ParkingSpotsController.GetAll (SmartParkingF.API) in 7.7938ms
2026-05-25 23:40:37.736 +03:00 [INF] Request starting HTTP/2 GET https://localhost:7144/api/ParkingSpots - null null
2026-05-25 23:40:37.737 +03:00 [INF] Executed endpoint 'SmartParkingF.API.Controllers.ParkingSpotsController.GetAll (SmartParkingF.API)'
2026-05-25 23:40:37.739 +03:00 [INF] CORS policy execution successful.
2026-05-25 23:40:37.740 +03:00 [INF] HTTP GET /api/ParkingSpots responded 200 in 18.9578 ms
2026-05-25 23:40:37.741 +03:00 [INF] Executing endpoint 'SmartParkingF.API.Controllers.ParkingSpotsController.GetAll (SmartParkingF.API)'
2026-05-25 23:40:37.743 +03:00 [INF] Request finished HTTP/2 GET https://localhost:7144/api/ParkingSpots - 200 null application/json; charset=utf-8 26.1669ms
2026-05-25 23:40:37.745 +03:00 [INF] Route matched with {action = "GetAll", controller = "ParkingSpots"}. Executing controller action with signature System.Threading.Tasks.Task`1[Microsoft.AspNetCore.Mvc.ActionResult`1[System.Collections.Generic.IEnumerable`1[SmartParkingF.API.Models.ParkingSpot]]] GetAll() on controller SmartParkingF.API.Controllers.ParkingSpotsController (SmartParkingF.API).
2026-05-25 23:40:37.750 +03:00 [INF] Executed DbCommand (0ms) [Parameters=[], CommandType='"Text"', CommandTimeout='30']
SELECT [p].[Id], [p].[Location], [p].[PricePerHour], [p].[PricePerNight], [p].[PropertyId], [p].[SpotNumber], [p].[Status], [p].[Zone]
FROM [ParkingSpots] AS [p]
2026-05-25 23:40:37.753 +03:00 [INF] Executing ObjectResult, writing value of type 'System.Collections.Generic.List`1[[SmartParkingF.API.Models.ParkingSpot, SmartParkingF.API, Version=1.0.0.0, Culture=neutral, PublicKeyToken=null]]'.
2026-05-25 23:40:37.754 +03:00 [INF] Executed action SmartParkingF.API.Controllers.ParkingSpotsController.GetAll (SmartParkingF.API) in 5.0924ms
2026-05-25 23:40:37.756 +03:00 [INF] Executed endpoint 'SmartParkingF.API.Controllers.ParkingSpotsController.GetAll (SmartParkingF.API)'
2026-05-25 23:40:37.757 +03:00 [INF] HTTP GET /api/ParkingSpots responded 200 in 17.6529 ms
2026-05-25 23:40:37.758 +03:00 [INF] Request finished HTTP/2 GET https://localhost:7144/api/ParkingSpots - 200 null application/json; charset=utf-8 22.5811ms
2026-05-25 23:40:39.207 +03:00 [INF] Request starting HTTP/2 GET https://localhost:7144/api/Properties - null null
2026-05-25 23:40:39.211 +03:00 [INF] Request starting HTTP/2 GET https://localhost:7144/api/Properties - null null
2026-05-25 23:40:39.213 +03:00 [INF] CORS policy execution successful.
2026-05-25 23:40:39.218 +03:00 [INF] CORS policy execution successful.
2026-05-25 23:40:39.219 +03:00 [INF] Executing endpoint 'SmartParkingF.API.Controllers.PropertiesController.GetProperties (SmartParkingF.API)'
2026-05-25 23:40:39.220 +03:00 [INF] Executing endpoint 'SmartParkingF.API.Controllers.PropertiesController.GetProperties (SmartParkingF.API)'
2026-05-25 23:40:39.222 +03:00 [INF] Route matched with {action = "GetProperties", controller = "Properties"}. Executing controller action with signature System.Threading.Tasks.Task`1[Microsoft.AspNetCore.Mvc.IActionResult] GetProperties() on controller SmartParkingF.API.Controllers.PropertiesController (SmartParkingF.API).
2026-05-25 23:40:39.223 +03:00 [INF] Route matched with {action = "GetProperties", controller = "Properties"}. Executing controller action with signature System.Threading.Tasks.Task`1[Microsoft.AspNetCore.Mvc.IActionResult] GetProperties() on controller SmartParkingF.API.Controllers.PropertiesController (SmartParkingF.API).
2026-05-25 23:40:39.228 +03:00 [INF] Executed DbCommand (2ms) [Parameters=[], CommandType='"Text"', CommandTimeout='30']
SELECT [p].[Id], [p].[Bathrooms], [p].[Bedrooms], [p].[CreatedAt], [p].[Description], [p].[HasSmartParking], [p].[ImageUrl], [p].[Location], [p].[Name], [p].[Price], [p].[PricePerHour], [p].[PricePerNight], [p].[Rating], [p].[Title], [p].[TotalSpots]
FROM [Properties] AS [p]
2026-05-25 23:40:39.228 +03:00 [INF] Executed DbCommand (1ms) [Parameters=[], CommandType='"Text"', CommandTimeout='30']
SELECT [p].[Id], [p].[Bathrooms], [p].[Bedrooms], [p].[CreatedAt], [p].[Description], [p].[HasSmartParking], [p].[ImageUrl], [p].[Location], [p].[Name], [p].[Price], [p].[PricePerHour], [p].[PricePerNight], [p].[Rating], [p].[Title], [p].[TotalSpots]
FROM [Properties] AS [p]
2026-05-25 23:40:39.230 +03:00 [INF] Executing OkObjectResult, writing value of type 'System.Collections.Generic.List`1[[SmartParkingF.API.Models.Property, SmartParkingF.API, Version=1.0.0.0, Culture=neutral, PublicKeyToken=null]]'.
2026-05-25 23:40:39.232 +03:00 [INF] Executing OkObjectResult, writing value of type 'System.Collections.Generic.List`1[[SmartParkingF.API.Models.Property, SmartParkingF.API, Version=1.0.0.0, Culture=neutral, PublicKeyToken=null]]'.
2026-05-25 23:40:39.234 +03:00 [INF] Executed action SmartParkingF.API.Controllers.PropertiesController.GetProperties (SmartParkingF.API) in 8.9014ms
2026-05-25 23:40:39.235 +03:00 [INF] Executed action SmartParkingF.API.Controllers.PropertiesController.GetProperties (SmartParkingF.API) in 7.8359ms
2026-05-25 23:40:39.236 +03:00 [INF] Executed endpoint 'SmartParkingF.API.Controllers.PropertiesController.GetProperties (SmartParkingF.API)'
2026-05-25 23:40:39.237 +03:00 [INF] Executed endpoint 'SmartParkingF.API.Controllers.PropertiesController.GetProperties (SmartParkingF.API)'
2026-05-25 23:40:39.238 +03:00 [INF] HTTP GET /api/Properties responded 200 in 24.9114 ms
2026-05-25 23:40:39.239 +03:00 [INF] HTTP GET /api/Properties responded 200 in 21.3566 ms
2026-05-25 23:40:39.241 +03:00 [INF] Request finished HTTP/2 GET https://localhost:7144/api/Properties - 499 null application/json; charset=utf-8 33.44ms
2026-05-25 23:40:39.243 +03:00 [INF] Request finished HTTP/2 GET https://localhost:7144/api/Properties - 200 null application/json; charset=utf-8 31.8225ms
2026-05-25 23:40:41.876 +03:00 [INF] Request starting HTTP/2 GET https://localhost:7144/api/dashboard/stats - null null
2026-05-25 23:40:41.882 +03:00 [INF] CORS policy execution successful.
2026-05-25 23:40:41.884 +03:00 [INF] Executing endpoint 'SmartParkingF.API.Controllers.DashboardController.GetStats (SmartParkingF.API)'
2026-05-25 23:40:41.885 +03:00 [INF] Route matched with {action = "GetStats", controller = "Dashboard"}. Executing controller action with signature System.Threading.Tasks.Task`1[Microsoft.AspNetCore.Mvc.IActionResult] GetStats() on controller SmartParkingF.API.Controllers.DashboardController (SmartParkingF.API).
2026-05-25 23:40:41.889 +03:00 [INF] Executed DbCommand (1ms) [Parameters=[], CommandType='"Text"', CommandTimeout='30']
SELECT COALESCE(SUM([r].[TotalPrice]), 0.0)
FROM [Reservations] AS [r]
WHERE [r].[Status] = N'Confirmed'
2026-05-25 23:40:41.892 +03:00 [INF] Executed DbCommand (1ms) [Parameters=[], CommandType='"Text"', CommandTimeout='30']
SELECT COUNT(*)
FROM [Reservations] AS [r]
WHERE [r].[Status] = N'Confirmed'
2026-05-25 23:40:41.895 +03:00 [INF] Executed DbCommand (0ms) [Parameters=[], CommandType='"Text"', CommandTimeout='30']
SELECT COUNT(*)
FROM [ParkingSpots] AS [p]
2026-05-25 23:40:41.898 +03:00 [INF] Executed DbCommand (1ms) [Parameters=[], CommandType='"Text"', CommandTimeout='30']
SELECT COUNT(*)
FROM [ParkingSpots] AS [p]
WHERE [p].[Status] = N'Busy'
2026-05-25 23:40:41.900 +03:00 [INF] Executed DbCommand (0ms) [Parameters=[], CommandType='"Text"', CommandTimeout='30']
SELECT COUNT(*)
FROM [Users] AS [u]
2026-05-25 23:40:41.902 +03:00 [INF] Executing OkObjectResult, writing value of type '<>f__AnonymousType0`6[[System.Decimal, System.Private.CoreLib, Version=10.0.0.0, Culture=neutral, PublicKeyToken=7cec85d7bea7798e],[System.Int32, System.Private.CoreLib, Version=10.0.0.0, Culture=neutral, PublicKeyToken=7cec85d7bea7798e],[System.Int32, System.Private.CoreLib, Version=10.0.0.0, Culture=neutral, PublicKeyToken=7cec85d7bea7798e],[System.Int32, System.Private.CoreLib, Version=10.0.0.0, Culture=neutral, PublicKeyToken=7cec85d7bea7798e],[System.Int32, System.Private.CoreLib, Version=10.0.0.0, Culture=neutral, PublicKeyToken=7cec85d7bea7798e],[System.Int32, System.Private.CoreLib, Version=10.0.0.0, Culture=neutral, PublicKeyToken=7cec85d7bea7798e]]'.
2026-05-25 23:40:41.903 +03:00 [INF] Executed action SmartParkingF.API.Controllers.DashboardController.GetStats (SmartParkingF.API) in 15.6178ms
2026-05-25 23:40:41.905 +03:00 [INF] Request starting HTTP/2 GET https://localhost:7144/api/dashboard/stats - null null
2026-05-25 23:40:41.905 +03:00 [INF] Executed endpoint 'SmartParkingF.API.Controllers.DashboardController.GetStats (SmartParkingF.API)'
2026-05-25 23:40:41.907 +03:00 [INF] CORS policy execution successful.
2026-05-25 23:40:41.908 +03:00 [INF] HTTP GET /api/dashboard/stats responded 200 in 25.5836 ms
2026-05-25 23:40:41.908 +03:00 [INF] Executing endpoint 'SmartParkingF.API.Controllers.DashboardController.GetStats (SmartParkingF.API)'
2026-05-25 23:40:41.910 +03:00 [INF] Request finished HTTP/2 GET https://localhost:7144/api/dashboard/stats - 200 null application/json; charset=utf-8 33.8494ms
2026-05-25 23:40:41.911 +03:00 [INF] Route matched with {action = "GetStats", controller = "Dashboard"}. Executing controller action with signature System.Threading.Tasks.Task`1[Microsoft.AspNetCore.Mvc.IActionResult] GetStats() on controller SmartParkingF.API.Controllers.DashboardController (SmartParkingF.API).
2026-05-25 23:40:41.916 +03:00 [INF] Executed DbCommand (0ms) [Parameters=[], CommandType='"Text"', CommandTimeout='30']
SELECT COALESCE(SUM([r].[TotalPrice]), 0.0)
FROM [Reservations] AS [r]
WHERE [r].[Status] = N'Confirmed'
2026-05-25 23:40:41.919 +03:00 [INF] Executed DbCommand (1ms) [Parameters=[], CommandType='"Text"', CommandTimeout='30']
SELECT COUNT(*)
FROM [Reservations] AS [r]
WHERE [r].[Status] = N'Confirmed'
2026-05-25 23:40:41.921 +03:00 [INF] Executed DbCommand (0ms) [Parameters=[], CommandType='"Text"', CommandTimeout='30']
SELECT COUNT(*)
FROM [ParkingSpots] AS [p]
2026-05-25 23:40:41.924 +03:00 [INF] Executed DbCommand (1ms) [Parameters=[], CommandType='"Text"', CommandTimeout='30']
SELECT COUNT(*)
FROM [ParkingSpots] AS [p]
WHERE [p].[Status] = N'Busy'
2026-05-25 23:40:41.926 +03:00 [INF] Executed DbCommand (0ms) [Parameters=[], CommandType='"Text"', CommandTimeout='30']
SELECT COUNT(*)
FROM [Users] AS [u]
2026-05-25 23:40:41.928 +03:00 [INF] Executing OkObjectResult, writing value of type '<>f__AnonymousType0`6[[System.Decimal, System.Private.CoreLib, Version=10.0.0.0, Culture=neutral, PublicKeyToken=7cec85d7bea7798e],[System.Int32, System.Private.CoreLib, Version=10.0.0.0, Culture=neutral, PublicKeyToken=7cec85d7bea7798e],[System.Int32, System.Private.CoreLib, Version=10.0.0.0, Culture=neutral, PublicKeyToken=7cec85d7bea7798e],[System.Int32, System.Private.CoreLib, Version=10.0.0.0, Culture=neutral, PublicKeyToken=7cec85d7bea7798e],[System.Int32, System.Private.CoreLib, Version=10.0.0.0, Culture=neutral, PublicKeyToken=7cec85d7bea7798e],[System.Int32, System.Private.CoreLib, Version=10.0.0.0, Culture=neutral, PublicKeyToken=7cec85d7bea7798e]]'.
2026-05-25 23:40:41.929 +03:00 [INF] Executed action SmartParkingF.API.Controllers.DashboardController.GetStats (SmartParkingF.API) in 13.9962ms
2026-05-25 23:40:41.931 +03:00 [INF] Executed endpoint 'SmartParkingF.API.Controllers.DashboardController.GetStats (SmartParkingF.API)'
2026-05-25 23:40:41.932 +03:00 [INF] HTTP GET /api/dashboard/stats responded 200 in 25.2819 ms
2026-05-25 23:40:41.933 +03:00 [INF] Request finished HTTP/2 GET https://localhost:7144/api/dashboard/stats - 200 null application/json; charset=utf-8 28.9008ms
2026-05-25 23:42:36.626 +03:00 [INF] Request starting HTTP/2 OPTIONS https://localhost:7144/api/users/login - null null
2026-05-25 23:42:36.631 +03:00 [INF] CORS policy execution successful.
2026-05-25 23:42:36.633 +03:00 [INF] HTTP OPTIONS /api/users/login responded 204 in 1.4861 ms
2026-05-25 23:42:36.635 +03:00 [INF] Request finished HTTP/2 OPTIONS https://localhost:7144/api/users/login - 204 null null 9.5588ms
2026-05-25 23:42:36.637 +03:00 [INF] Request starting HTTP/2 POST https://localhost:7144/api/users/login - application/json 57
2026-05-25 23:42:36.642 +03:00 [INF] CORS policy execution successful.
2026-05-25 23:42:36.644 +03:00 [INF] Executing endpoint 'SmartParkingF.API.Controllers.UsersController.Login (SmartParkingF.API)'
2026-05-25 23:42:36.646 +03:00 [INF] Route matched with {action = "Login", controller = "Users"}. Executing controller action with signature System.Threading.Tasks.Task`1[Microsoft.AspNetCore.Mvc.IActionResult] Login(SmartParkingF.API.Models.DTOs.LoginRequest) on controller SmartParkingF.API.Controllers.UsersController (SmartParkingF.API).
2026-05-25 23:42:36.655 +03:00 [INF] Executed DbCommand (4ms) [Parameters=[@cleanEmail='?' (Size = 450)], CommandType='"Text"', CommandTimeout='30']
SELECT TOP(1) [u].[Id], [u].[AccountType], [u].[CarPlateNumber], [u].[CardLastFourDigits], [u].[CreatedAt], [u].[Email], [u].[FullName], [u].[HasLinkedCard], [u].[PasswordHash], [u].[Phone], [u].[RefreshToken], [u].[RefreshTokenExpiryTime], [u].[Role], [u].[Status]
FROM [Users] AS [u]
WHERE LOWER([u].[Email]) = @cleanEmail AND [u].[Status] = N'Active'
2026-05-25 23:42:37.036 +03:00 [INF] Executed DbCommand (4ms) [Parameters=[@p2='?' (DbType = Int32), @p0='?' (Size = 4000), @p1='?' (DbType = DateTime2)], CommandType='"Text"', CommandTimeout='30']
SET IMPLICIT_TRANSACTIONS OFF;
SET NOCOUNT ON;
UPDATE [Users] SET [RefreshToken] = @p0, [RefreshTokenExpiryTime] = @p1
OUTPUT 1
WHERE [Id] = @p2;
2026-05-25 23:42:37.039 +03:00 [INF] User 3 logged in successfully
2026-05-25 23:42:37.040 +03:00 [INF] Executing OkObjectResult, writing value of type 'SmartParkingF.API.Models.DTOs.AuthResponse'.
2026-05-25 23:42:37.041 +03:00 [INF] Executed action SmartParkingF.API.Controllers.UsersController.Login (SmartParkingF.API) in 393.1107ms
2026-05-25 23:42:37.042 +03:00 [INF] Executed endpoint 'SmartParkingF.API.Controllers.UsersController.Login (SmartParkingF.API)'
2026-05-25 23:42:37.043 +03:00 [INF] HTTP POST /api/users/login responded 200 in 401.2647 ms
2026-05-25 23:42:37.045 +03:00 [INF] Request finished HTTP/2 POST https://localhost:7144/api/users/login - 200 null application/json; charset=utf-8 408.0974ms
2026-05-25 23:42:37.057 +03:00 [INF] Request starting HTTP/2 GET https://localhost:7144/api/dashboard/stats - null null
2026-05-25 23:42:37.060 +03:00 [INF] CORS policy execution successful.
2026-05-25 23:42:37.061 +03:00 [INF] Executing endpoint 'SmartParkingF.API.Controllers.DashboardController.GetStats (SmartParkingF.API)'
2026-05-25 23:42:37.062 +03:00 [INF] Route matched with {action = "GetStats", controller = "Dashboard"}. Executing controller action with signature System.Threading.Tasks.Task`1[Microsoft.AspNetCore.Mvc.IActionResult] GetStats() on controller SmartParkingF.API.Controllers.DashboardController (SmartParkingF.API).
2026-05-25 23:42:37.066 +03:00 [INF] Executed DbCommand (2ms) [Parameters=[], CommandType='"Text"', CommandTimeout='30']
SELECT COALESCE(SUM([r].[TotalPrice]), 0.0)
FROM [Reservations] AS [r]
WHERE [r].[Status] = N'Confirmed'
2026-05-25 23:42:37.069 +03:00 [INF] Executed DbCommand (1ms) [Parameters=[], CommandType='"Text"', CommandTimeout='30']
SELECT COUNT(*)
FROM [Reservations] AS [r]
WHERE [r].[Status] = N'Confirmed'
2026-05-25 23:42:37.072 +03:00 [INF] Executed DbCommand (1ms) [Parameters=[], CommandType='"Text"', CommandTimeout='30']
SELECT COUNT(*)
FROM [ParkingSpots] AS [p]
2026-05-25 23:42:37.076 +03:00 [INF] Executed DbCommand (2ms) [Parameters=[], CommandType='"Text"', CommandTimeout='30']
SELECT COUNT(*)
FROM [ParkingSpots] AS [p]
WHERE [p].[Status] = N'Busy'
2026-05-25 23:42:37.080 +03:00 [INF] Executed DbCommand (1ms) [Parameters=[], CommandType='"Text"', CommandTimeout='30']
SELECT COUNT(*)
FROM [Users] AS [u]
2026-05-25 23:42:37.082 +03:00 [INF] Executing OkObjectResult, writing value of type '<>f__AnonymousType0`6[[System.Decimal, System.Private.CoreLib, Version=10.0.0.0, Culture=neutral, PublicKeyToken=7cec85d7bea7798e],[System.Int32, System.Private.CoreLib, Version=10.0.0.0, Culture=neutral, PublicKeyToken=7cec85d7bea7798e],[System.Int32, System.Private.CoreLib, Version=10.0.0.0, Culture=neutral, PublicKeyToken=7cec85d7bea7798e],[System.Int32, System.Private.CoreLib, Version=10.0.0.0, Culture=neutral, PublicKeyToken=7cec85d7bea7798e],[System.Int32, System.Private.CoreLib, Version=10.0.0.0, Culture=neutral, PublicKeyToken=7cec85d7bea7798e],[System.Int32, System.Private.CoreLib, Version=10.0.0.0, Culture=neutral, PublicKeyToken=7cec85d7bea7798e]]'.
2026-05-25 23:42:37.083 +03:00 [INF] Executed action SmartParkingF.API.Controllers.DashboardController.GetStats (SmartParkingF.API) in 20.0796ms
2026-05-25 23:42:37.084 +03:00 [INF] Request starting HTTP/2 GET https://localhost:7144/api/dashboard/stats - null null
2026-05-25 23:42:37.085 +03:00 [INF] Executed endpoint 'SmartParkingF.API.Controllers.DashboardController.GetStats (SmartParkingF.API)'
2026-05-25 23:42:37.087 +03:00 [INF] CORS policy execution successful.
2026-05-25 23:42:37.088 +03:00 [INF] HTTP GET /api/dashboard/stats responded 200 in 27.6104 ms
2026-05-25 23:42:37.088 +03:00 [INF] Executing endpoint 'SmartParkingF.API.Controllers.DashboardController.GetStats (SmartParkingF.API)'
2026-05-25 23:42:37.090 +03:00 [INF] Request finished HTTP/2 GET https://localhost:7144/api/dashboard/stats - 200 null application/json; charset=utf-8 32.8273ms
2026-05-25 23:42:37.091 +03:00 [INF] Route matched with {action = "GetStats", controller = "Dashboard"}. Executing controller action with signature System.Threading.Tasks.Task`1[Microsoft.AspNetCore.Mvc.IActionResult] GetStats() on controller SmartParkingF.API.Controllers.DashboardController (SmartParkingF.API).
2026-05-25 23:42:37.096 +03:00 [INF] Executed DbCommand (0ms) [Parameters=[], CommandType='"Text"', CommandTimeout='30']
SELECT COALESCE(SUM([r].[TotalPrice]), 0.0)
FROM [Reservations] AS [r]
WHERE [r].[Status] = N'Confirmed'
2026-05-25 23:42:37.099 +03:00 [INF] Executed DbCommand (1ms) [Parameters=[], CommandType='"Text"', CommandTimeout='30']
SELECT COUNT(*)
FROM [Reservations] AS [r]
WHERE [r].[Status] = N'Confirmed'
2026-05-25 23:42:37.101 +03:00 [INF] Executed DbCommand (0ms) [Parameters=[], CommandType='"Text"', CommandTimeout='30']
SELECT COUNT(*)
FROM [ParkingSpots] AS [p]
2026-05-25 23:42:37.104 +03:00 [INF] Executed DbCommand (0ms) [Parameters=[], CommandType='"Text"', CommandTimeout='30']
SELECT COUNT(*)
FROM [ParkingSpots] AS [p]
WHERE [p].[Status] = N'Busy'
2026-05-25 23:42:37.106 +03:00 [INF] Executed DbCommand (0ms) [Parameters=[], CommandType='"Text"', CommandTimeout='30']
SELECT COUNT(*)
FROM [Users] AS [u]
2026-05-25 23:42:37.107 +03:00 [INF] Executing OkObjectResult, writing value of type '<>f__AnonymousType0`6[[System.Decimal, System.Private.CoreLib, Version=10.0.0.0, Culture=neutral, PublicKeyToken=7cec85d7bea7798e],[System.Int32, System.Private.CoreLib, Version=10.0.0.0, Culture=neutral, PublicKeyToken=7cec85d7bea7798e],[System.Int32, System.Private.CoreLib, Version=10.0.0.0, Culture=neutral, PublicKeyToken=7cec85d7bea7798e],[System.Int32, System.Private.CoreLib, Version=10.0.0.0, Culture=neutral, PublicKeyToken=7cec85d7bea7798e],[System.Int32, System.Private.CoreLib, Version=10.0.0.0, Culture=neutral, PublicKeyToken=7cec85d7bea7798e],[System.Int32, System.Private.CoreLib, Version=10.0.0.0, Culture=neutral, PublicKeyToken=7cec85d7bea7798e]]'.
2026-05-25 23:42:37.109 +03:00 [INF] Executed action SmartParkingF.API.Controllers.DashboardController.GetStats (SmartParkingF.API) in 13.587ms
2026-05-25 23:42:37.110 +03:00 [INF] Executed endpoint 'SmartParkingF.API.Controllers.DashboardController.GetStats (SmartParkingF.API)'
2026-05-25 23:42:37.111 +03:00 [INF] HTTP GET /api/dashboard/stats responded 200 in 24.0573 ms
2026-05-25 23:42:37.113 +03:00 [INF] Request finished HTTP/2 GET https://localhost:7144/api/dashboard/stats - 200 null application/json; charset=utf-8 28.1874ms
2026-05-25 23:42:41.676 +03:00 [INF] Request starting HTTP/2 OPTIONS https://localhost:7144/api/ParkingSpots - null null
2026-05-25 23:42:41.677 +03:00 [INF] Request starting HTTP/2 OPTIONS https://localhost:7144/api/ParkingSpots - null null
2026-05-25 23:42:41.682 +03:00 [INF] CORS policy execution successful.
2026-05-25 23:42:41.686 +03:00 [INF] CORS policy execution successful.
2026-05-25 23:42:41.687 +03:00 [INF] HTTP OPTIONS /api/ParkingSpots responded 204 in 5.3880 ms
2026-05-25 23:42:41.688 +03:00 [INF] HTTP OPTIONS /api/ParkingSpots responded 204 in 1.9932 ms
2026-05-25 23:42:41.690 +03:00 [INF] Request finished HTTP/2 OPTIONS https://localhost:7144/api/ParkingSpots - 204 null null 13.8394ms
2026-05-25 23:42:41.695 +03:00 [INF] Request finished HTTP/2 OPTIONS https://localhost:7144/api/ParkingSpots - 204 null null 18.3818ms
2026-05-25 23:42:41.694 +03:00 [INF] Request starting HTTP/2 GET https://localhost:7144/api/ParkingSpots - null null
2026-05-25 23:42:41.708 +03:00 [INF] CORS policy execution successful.
2026-05-25 23:42:41.709 +03:00 [INF] Executing endpoint 'SmartParkingF.API.Controllers.ParkingSpotsController.GetAll (SmartParkingF.API)'
2026-05-25 23:42:41.710 +03:00 [INF] Route matched with {action = "GetAll", controller = "ParkingSpots"}. Executing controller action with signature System.Threading.Tasks.Task`1[Microsoft.AspNetCore.Mvc.ActionResult`1[System.Collections.Generic.IEnumerable`1[SmartParkingF.API.Models.ParkingSpot]]] GetAll() on controller SmartParkingF.API.Controllers.ParkingSpotsController (SmartParkingF.API).
2026-05-25 23:42:41.716 +03:00 [INF] Executed DbCommand (3ms) [Parameters=[], CommandType='"Text"', CommandTimeout='30']
SELECT [p].[Id], [p].[Location], [p].[PricePerHour], [p].[PricePerNight], [p].[PropertyId], [p].[SpotNumber], [p].[Status], [p].[Zone]
FROM [ParkingSpots] AS [p]
2026-05-25 23:42:41.719 +03:00 [INF] Executing ObjectResult, writing value of type 'System.Collections.Generic.List`1[[SmartParkingF.API.Models.ParkingSpot, SmartParkingF.API, Version=1.0.0.0, Culture=neutral, PublicKeyToken=null]]'.
2026-05-25 23:42:41.721 +03:00 [INF] Executed action SmartParkingF.API.Controllers.ParkingSpotsController.GetAll (SmartParkingF.API) in 8.6135ms
2026-05-25 23:42:41.722 +03:00 [INF] Request starting HTTP/2 GET https://localhost:7144/api/ParkingSpots - null null
2026-05-25 23:42:41.723 +03:00 [INF] Executed endpoint 'SmartParkingF.API.Controllers.ParkingSpotsController.GetAll (SmartParkingF.API)'
2026-05-25 23:42:41.725 +03:00 [INF] CORS policy execution successful.
2026-05-25 23:42:41.726 +03:00 [INF] HTTP GET /api/ParkingSpots responded 200 in 18.5734 ms
2026-05-25 23:42:41.727 +03:00 [INF] Executing endpoint 'SmartParkingF.API.Controllers.ParkingSpotsController.GetAll (SmartParkingF.API)'
2026-05-25 23:42:41.729 +03:00 [INF] Request finished HTTP/2 GET https://localhost:7144/api/ParkingSpots - 200 null application/json; charset=utf-8 34.9381ms
2026-05-25 23:42:41.731 +03:00 [INF] Route matched with {action = "GetAll", controller = "ParkingSpots"}. Executing controller action with signature System.Threading.Tasks.Task`1[Microsoft.AspNetCore.Mvc.ActionResult`1[System.Collections.Generic.IEnumerable`1[SmartParkingF.API.Models.ParkingSpot]]] GetAll() on controller SmartParkingF.API.Controllers.ParkingSpotsController (SmartParkingF.API).
2026-05-25 23:42:41.738 +03:00 [INF] Executed DbCommand (0ms) [Parameters=[], CommandType='"Text"', CommandTimeout='30']
SELECT [p].[Id], [p].[Location], [p].[PricePerHour], [p].[PricePerNight], [p].[PropertyId], [p].[SpotNumber], [p].[Status], [p].[Zone]
FROM [ParkingSpots] AS [p]
2026-05-25 23:42:41.740 +03:00 [INF] Executing ObjectResult, writing value of type 'System.Collections.Generic.List`1[[SmartParkingF.API.Models.ParkingSpot, SmartParkingF.API, Version=1.0.0.0, Culture=neutral, PublicKeyToken=null]]'.
2026-05-25 23:42:41.742 +03:00 [INF] Executed action SmartParkingF.API.Controllers.ParkingSpotsController.GetAll (SmartParkingF.API) in 5.0913ms
2026-05-25 23:42:41.743 +03:00 [INF] Executed endpoint 'SmartParkingF.API.Controllers.ParkingSpotsController.GetAll (SmartParkingF.API)'
2026-05-25 23:42:41.744 +03:00 [INF] HTTP GET /api/ParkingSpots responded 200 in 18.8560 ms
2026-05-25 23:42:41.746 +03:00 [INF] Request finished HTTP/2 GET https://localhost:7144/api/ParkingSpots - 200 null application/json; charset=utf-8 23.5973ms
2026-05-25 23:42:44.122 +03:00 [INF] Request starting HTTP/2 GET https://localhost:7144/api/Properties - null null
2026-05-25 23:42:44.132 +03:00 [INF] CORS policy execution successful.
2026-05-25 23:42:44.123 +03:00 [INF] Request starting HTTP/2 GET https://localhost:7144/api/Properties - null null
2026-05-25 23:42:44.136 +03:00 [INF] Executing endpoint 'SmartParkingF.API.Controllers.PropertiesController.GetProperties (SmartParkingF.API)'
2026-05-25 23:42:44.139 +03:00 [INF] CORS policy execution successful.
2026-05-25 23:42:44.140 +03:00 [INF] Route matched with {action = "GetProperties", controller = "Properties"}. Executing controller action with signature System.Threading.Tasks.Task`1[Microsoft.AspNetCore.Mvc.IActionResult] GetProperties() on controller SmartParkingF.API.Controllers.PropertiesController (SmartParkingF.API).
2026-05-25 23:42:44.141 +03:00 [INF] Executing endpoint 'SmartParkingF.API.Controllers.PropertiesController.GetProperties (SmartParkingF.API)'
2026-05-25 23:42:44.145 +03:00 [INF] Route matched with {action = "GetProperties", controller = "Properties"}. Executing controller action with signature System.Threading.Tasks.Task`1[Microsoft.AspNetCore.Mvc.IActionResult] GetProperties() on controller SmartParkingF.API.Controllers.PropertiesController (SmartParkingF.API).
2026-05-25 23:42:44.146 +03:00 [INF] Executed DbCommand (2ms) [Parameters=[], CommandType='"Text"', CommandTimeout='30']
SELECT [p].[Id], [p].[Bathrooms], [p].[Bedrooms], [p].[CreatedAt], [p].[Description], [p].[HasSmartParking], [p].[ImageUrl], [p].[Location], [p].[Name], [p].[Price], [p].[PricePerHour], [p].[PricePerNight], [p].[Rating], [p].[Title], [p].[TotalSpots]
FROM [Properties] AS [p]
2026-05-25 23:42:44.148 +03:00 [INF] Executed DbCommand (1ms) [Parameters=[], CommandType='"Text"', CommandTimeout='30']
SELECT [p].[Id], [p].[Bathrooms], [p].[Bedrooms], [p].[CreatedAt], [p].[Description], [p].[HasSmartParking], [p].[ImageUrl], [p].[Location], [p].[Name], [p].[Price], [p].[PricePerHour], [p].[PricePerNight], [p].[Rating], [p].[Title], [p].[TotalSpots]
FROM [Properties] AS [p]
2026-05-25 23:42:44.149 +03:00 [INF] Executing OkObjectResult, writing value of type 'System.Collections.Generic.List`1[[SmartParkingF.API.Models.Property, SmartParkingF.API, Version=1.0.0.0, Culture=neutral, PublicKeyToken=null]]'.
2026-05-25 23:42:44.151 +03:00 [INF] Executing OkObjectResult, writing value of type 'System.Collections.Generic.List`1[[SmartParkingF.API.Models.Property, SmartParkingF.API, Version=1.0.0.0, Culture=neutral, PublicKeyToken=null]]'.
2026-05-25 23:42:44.153 +03:00 [INF] Executed action SmartParkingF.API.Controllers.PropertiesController.GetProperties (SmartParkingF.API) in 10.1393ms
2026-05-25 23:42:44.153 +03:00 [INF] Executed action SmartParkingF.API.Controllers.PropertiesController.GetProperties (SmartParkingF.API) in 6.9972ms
2026-05-25 23:42:44.155 +03:00 [INF] Executed endpoint 'SmartParkingF.API.Controllers.PropertiesController.GetProperties (SmartParkingF.API)'
2026-05-25 23:42:44.156 +03:00 [INF] Executed endpoint 'SmartParkingF.API.Controllers.PropertiesController.GetProperties (SmartParkingF.API)'
2026-05-25 23:42:44.157 +03:00 [INF] HTTP GET /api/Properties responded 200 in 24.2975 ms
2026-05-25 23:42:44.158 +03:00 [INF] HTTP GET /api/Properties responded 200 in 18.8586 ms
2026-05-25 23:42:44.159 +03:00 [INF] Request finished HTTP/2 GET https://localhost:7144/api/Properties - 499 null application/json; charset=utf-8 37.3874ms
2026-05-25 23:42:44.161 +03:00 [INF] Request finished HTTP/2 GET https://localhost:7144/api/Properties - 200 null application/json; charset=utf-8 38.3159ms
2026-05-25 23:42:46.688 +03:00 [INF] Request starting HTTP/2 GET https://localhost:7144/api/dashboard/stats - null null
2026-05-25 23:42:46.692 +03:00 [INF] CORS policy execution successful.
2026-05-25 23:42:46.693 +03:00 [INF] Executing endpoint 'SmartParkingF.API.Controllers.DashboardController.GetStats (SmartParkingF.API)'
2026-05-25 23:42:46.695 +03:00 [INF] Route matched with {action = "GetStats", controller = "Dashboard"}. Executing controller action with signature System.Threading.Tasks.Task`1[Microsoft.AspNetCore.Mvc.IActionResult] GetStats() on controller SmartParkingF.API.Controllers.DashboardController (SmartParkingF.API).
2026-05-25 23:42:46.698 +03:00 [INF] Executed DbCommand (1ms) [Parameters=[], CommandType='"Text"', CommandTimeout='30']
SELECT COALESCE(SUM([r].[TotalPrice]), 0.0)
FROM [Reservations] AS [r]
WHERE [r].[Status] = N'Confirmed'
2026-05-25 23:42:46.701 +03:00 [INF] Executed DbCommand (1ms) [Parameters=[], CommandType='"Text"', CommandTimeout='30']
SELECT COUNT(*)
FROM [Reservations] AS [r]
WHERE [r].[Status] = N'Confirmed'
2026-05-25 23:42:46.704 +03:00 [INF] Executed DbCommand (0ms) [Parameters=[], CommandType='"Text"', CommandTimeout='30']
SELECT COUNT(*)
FROM [ParkingSpots] AS [p]
2026-05-25 23:42:46.706 +03:00 [INF] Executed DbCommand (1ms) [Parameters=[], CommandType='"Text"', CommandTimeout='30']
SELECT COUNT(*)
FROM [ParkingSpots] AS [p]
WHERE [p].[Status] = N'Busy'
2026-05-25 23:42:46.709 +03:00 [INF] Executed DbCommand (0ms) [Parameters=[], CommandType='"Text"', CommandTimeout='30']
SELECT COUNT(*)
FROM [Users] AS [u]
2026-05-25 23:42:46.711 +03:00 [INF] Executing OkObjectResult, writing value of type '<>f__AnonymousType0`6[[System.Decimal, System.Private.CoreLib, Version=10.0.0.0, Culture=neutral, PublicKeyToken=7cec85d7bea7798e],[System.Int32, System.Private.CoreLib, Version=10.0.0.0, Culture=neutral, PublicKeyToken=7cec85d7bea7798e],[System.Int32, System.Private.CoreLib, Version=10.0.0.0, Culture=neutral, PublicKeyToken=7cec85d7bea7798e],[System.Int32, System.Private.CoreLib, Version=10.0.0.0, Culture=neutral, PublicKeyToken=7cec85d7bea7798e],[System.Int32, System.Private.CoreLib, Version=10.0.0.0, Culture=neutral, PublicKeyToken=7cec85d7bea7798e],[System.Int32, System.Private.CoreLib, Version=10.0.0.0, Culture=neutral, PublicKeyToken=7cec85d7bea7798e]]'.
2026-05-25 23:42:46.713 +03:00 [INF] Executed action SmartParkingF.API.Controllers.DashboardController.GetStats (SmartParkingF.API) in 15.8083ms
2026-05-25 23:42:46.715 +03:00 [INF] Request starting HTTP/2 GET https://localhost:7144/api/dashboard/stats - null null
2026-05-25 23:42:46.715 +03:00 [INF] Executed endpoint 'SmartParkingF.API.Controllers.DashboardController.GetStats (SmartParkingF.API)'
2026-05-25 23:42:46.718 +03:00 [INF] CORS policy execution successful.
2026-05-25 23:42:46.719 +03:00 [INF] HTTP GET /api/dashboard/stats responded 200 in 27.0781 ms
2026-05-25 23:42:46.720 +03:00 [INF] Executing endpoint 'SmartParkingF.API.Controllers.DashboardController.GetStats (SmartParkingF.API)'
2026-05-25 23:42:46.722 +03:00 [INF] Request finished HTTP/2 GET https://localhost:7144/api/dashboard/stats - 200 null application/json; charset=utf-8 34.2791ms
2026-05-25 23:42:46.723 +03:00 [INF] Route matched with {action = "GetStats", controller = "Dashboard"}. Executing controller action with signature System.Threading.Tasks.Task`1[Microsoft.AspNetCore.Mvc.IActionResult] GetStats() on controller SmartParkingF.API.Controllers.DashboardController (SmartParkingF.API).
2026-05-25 23:42:46.729 +03:00 [INF] Executed DbCommand (0ms) [Parameters=[], CommandType='"Text"', CommandTimeout='30']
SELECT COALESCE(SUM([r].[TotalPrice]), 0.0)
FROM [Reservations] AS [r]
WHERE [r].[Status] = N'Confirmed'
2026-05-25 23:42:46.732 +03:00 [INF] Executed DbCommand (1ms) [Parameters=[], CommandType='"Text"', CommandTimeout='30']
SELECT COUNT(*)
FROM [Reservations] AS [r]
WHERE [r].[Status] = N'Confirmed'
2026-05-25 23:42:46.735 +03:00 [INF] Executed DbCommand (0ms) [Parameters=[], CommandType='"Text"', CommandTimeout='30']
SELECT COUNT(*)
FROM [ParkingSpots] AS [p]
2026-05-25 23:42:46.738 +03:00 [INF] Executed DbCommand (1ms) [Parameters=[], CommandType='"Text"', CommandTimeout='30']
SELECT COUNT(*)
FROM [ParkingSpots] AS [p]
WHERE [p].[Status] = N'Busy'
2026-05-25 23:42:46.741 +03:00 [INF] Executed DbCommand (0ms) [Parameters=[], CommandType='"Text"', CommandTimeout='30']
SELECT COUNT(*)
FROM [Users] AS [u]
2026-05-25 23:42:46.743 +03:00 [INF] Executing OkObjectResult, writing value of type '<>f__AnonymousType0`6[[System.Decimal, System.Private.CoreLib, Version=10.0.0.0, Culture=neutral, PublicKeyToken=7cec85d7bea7798e],[System.Int32, System.Private.CoreLib, Version=10.0.0.0, Culture=neutral, PublicKeyToken=7cec85d7bea7798e],[System.Int32, System.Private.CoreLib, Version=10.0.0.0, Culture=neutral, PublicKeyToken=7cec85d7bea7798e],[System.Int32, System.Private.CoreLib, Version=10.0.0.0, Culture=neutral, PublicKeyToken=7cec85d7bea7798e],[System.Int32, System.Private.CoreLib, Version=10.0.0.0, Culture=neutral, PublicKeyToken=7cec85d7bea7798e],[System.Int32, System.Private.CoreLib, Version=10.0.0.0, Culture=neutral, PublicKeyToken=7cec85d7bea7798e]]'.
2026-05-25 23:42:46.744 +03:00 [INF] Executed action SmartParkingF.API.Controllers.DashboardController.GetStats (SmartParkingF.API) in 15.7564ms
2026-05-25 23:42:46.745 +03:00 [INF] Executed endpoint 'SmartParkingF.API.Controllers.DashboardController.GetStats (SmartParkingF.API)'
2026-05-25 23:42:46.746 +03:00 [INF] HTTP GET /api/dashboard/stats responded 200 in 28.5957 ms
2026-05-25 23:42:46.748 +03:00 [INF] Request finished HTTP/2 GET https://localhost:7144/api/dashboard/stats - 200 null application/json; charset=utf-8 33.4443ms
2026-05-25 23:42:50.269 +03:00 [INF] Request starting HTTP/2 OPTIONS https://localhost:7144/api/users/logout - null null
2026-05-25 23:42:50.276 +03:00 [INF] CORS policy execution successful.
2026-05-25 23:42:50.278 +03:00 [INF] HTTP OPTIONS /api/users/logout responded 204 in 1.9896 ms
2026-05-25 23:42:50.283 +03:00 [INF] Request finished HTTP/2 OPTIONS https://localhost:7144/api/users/logout - 204 null null 13.37ms
2026-05-25 23:42:50.285 +03:00 [INF] Request starting HTTP/2 POST https://localhost:7144/api/users/logout - null 0
2026-05-25 23:42:50.292 +03:00 [INF] CORS policy execution successful.
2026-05-25 23:42:50.307 +03:00 [INF] Executing endpoint 'SmartParkingF.API.Controllers.UsersController.Logout (SmartParkingF.API)'
2026-05-25 23:42:50.317 +03:00 [INF] Route matched with {action = "Logout", controller = "Users"}. Executing controller action with signature System.Threading.Tasks.Task`1[Microsoft.AspNetCore.Mvc.IActionResult] Logout() on controller SmartParkingF.API.Controllers.UsersController (SmartParkingF.API).
2026-05-25 23:42:50.332 +03:00 [INF] Executed DbCommand (3ms) [Parameters=[@p='?' (DbType = Int32)], CommandType='"Text"', CommandTimeout='30']
SELECT TOP(1) [u].[Id], [u].[AccountType], [u].[CarPlateNumber], [u].[CardLastFourDigits], [u].[CreatedAt], [u].[Email], [u].[FullName], [u].[HasLinkedCard], [u].[PasswordHash], [u].[Phone], [u].[RefreshToken], [u].[RefreshTokenExpiryTime], [u].[Role], [u].[Status]
FROM [Users] AS [u]
WHERE [u].[Id] = @p
2026-05-25 23:42:50.338 +03:00 [INF] Executed DbCommand (1ms) [Parameters=[@p2='?' (DbType = Int32), @p0='?' (Size = 4000), @p1='?' (DbType = DateTime2)], CommandType='"Text"', CommandTimeout='30']
SET IMPLICIT_TRANSACTIONS OFF;
SET NOCOUNT ON;
UPDATE [Users] SET [RefreshToken] = @p0, [RefreshTokenExpiryTime] = @p1
OUTPUT 1
WHERE [Id] = @p2;
2026-05-25 23:42:50.341 +03:00 [INF] Executing OkObjectResult, writing value of type '<>f__AnonymousType6`1[[System.String, System.Private.CoreLib, Version=10.0.0.0, Culture=neutral, PublicKeyToken=7cec85d7bea7798e]]'.
2026-05-25 23:42:50.345 +03:00 [INF] Executed action SmartParkingF.API.Controllers.UsersController.Logout (SmartParkingF.API) in 25.5347ms
2026-05-25 23:42:50.347 +03:00 [INF] Executed endpoint 'SmartParkingF.API.Controllers.UsersController.Logout (SmartParkingF.API)'
2026-05-25 23:42:50.349 +03:00 [INF] HTTP POST /api/users/logout responded 200 in 56.8808 ms
2026-05-25 23:42:50.352 +03:00 [INF] Request finished HTTP/2 POST https://localhost:7144/api/users/logout - 200 null application/json; charset=utf-8 67.8479ms
2026-05-25 23:43:08.074 +03:00 [INF] Request starting HTTP/2 OPTIONS https://localhost:7144/api/users/login - null null
2026-05-25 23:43:08.079 +03:00 [INF] CORS policy execution successful.
2026-05-25 23:43:08.081 +03:00 [INF] HTTP OPTIONS /api/users/login responded 204 in 1.6485 ms
2026-05-25 23:43:08.084 +03:00 [INF] Request finished HTTP/2 OPTIONS https://localhost:7144/api/users/login - 204 null null 10.6267ms
2026-05-25 23:43:08.086 +03:00 [INF] Request starting HTTP/2 POST https://localhost:7144/api/users/login - application/json 57
2026-05-25 23:43:08.091 +03:00 [INF] CORS policy execution successful.
2026-05-25 23:43:08.092 +03:00 [INF] Executing endpoint 'SmartParkingF.API.Controllers.UsersController.Login (SmartParkingF.API)'
2026-05-25 23:43:08.094 +03:00 [INF] Route matched with {action = "Login", controller = "Users"}. Executing controller action with signature System.Threading.Tasks.Task`1[Microsoft.AspNetCore.Mvc.IActionResult] Login(SmartParkingF.API.Models.DTOs.LoginRequest) on controller SmartParkingF.API.Controllers.UsersController (SmartParkingF.API).
2026-05-25 23:43:08.102 +03:00 [INF] Executed DbCommand (6ms) [Parameters=[@cleanEmail='?' (Size = 450)], CommandType='"Text"', CommandTimeout='30']
SELECT TOP(1) [u].[Id], [u].[AccountType], [u].[CarPlateNumber], [u].[CardLastFourDigits], [u].[CreatedAt], [u].[Email], [u].[FullName], [u].[HasLinkedCard], [u].[PasswordHash], [u].[Phone], [u].[RefreshToken], [u].[RefreshTokenExpiryTime], [u].[Role], [u].[Status]
FROM [Users] AS [u]
WHERE LOWER([u].[Email]) = @cleanEmail AND [u].[Status] = N'Active'
2026-05-25 23:43:08.464 +03:00 [INF] Executed DbCommand (4ms) [Parameters=[@p2='?' (DbType = Int32), @p0='?' (Size = 4000), @p1='?' (DbType = DateTime2)], CommandType='"Text"', CommandTimeout='30']
SET IMPLICIT_TRANSACTIONS OFF;
SET NOCOUNT ON;
UPDATE [Users] SET [RefreshToken] = @p0, [RefreshTokenExpiryTime] = @p1
OUTPUT 1
WHERE [Id] = @p2;
2026-05-25 23:43:08.467 +03:00 [INF] User 3 logged in successfully
2026-05-25 23:43:08.468 +03:00 [INF] Executing OkObjectResult, writing value of type 'SmartParkingF.API.Models.DTOs.AuthResponse'.
2026-05-25 23:43:08.470 +03:00 [INF] Executed action SmartParkingF.API.Controllers.UsersController.Login (SmartParkingF.API) in 374.2195ms
2026-05-25 23:43:08.471 +03:00 [INF] Executed endpoint 'SmartParkingF.API.Controllers.UsersController.Login (SmartParkingF.API)'
2026-05-25 23:43:08.472 +03:00 [INF] HTTP POST /api/users/login responded 200 in 380.9128 ms
2026-05-25 23:43:08.474 +03:00 [INF] Request finished HTTP/2 POST https://localhost:7144/api/users/login - 200 null application/json; charset=utf-8 388.2849ms
2026-05-25 23:43:08.487 +03:00 [INF] Request starting HTTP/2 GET https://localhost:7144/api/dashboard/stats - null null
2026-05-25 23:43:08.490 +03:00 [INF] CORS policy execution successful.
2026-05-25 23:43:08.491 +03:00 [INF] Executing endpoint 'SmartParkingF.API.Controllers.DashboardController.GetStats (SmartParkingF.API)'
2026-05-25 23:43:08.492 +03:00 [INF] Route matched with {action = "GetStats", controller = "Dashboard"}. Executing controller action with signature System.Threading.Tasks.Task`1[Microsoft.AspNetCore.Mvc.IActionResult] GetStats() on controller SmartParkingF.API.Controllers.DashboardController (SmartParkingF.API).
2026-05-25 23:43:08.500 +03:00 [INF] Executed DbCommand (4ms) [Parameters=[], CommandType='"Text"', CommandTimeout='30']
SELECT COALESCE(SUM([r].[TotalPrice]), 0.0)
FROM [Reservations] AS [r]
WHERE [r].[Status] = N'Confirmed'
2026-05-25 23:43:08.505 +03:00 [INF] Executed DbCommand (2ms) [Parameters=[], CommandType='"Text"', CommandTimeout='30']
SELECT COUNT(*)
FROM [Reservations] AS [r]
WHERE [r].[Status] = N'Confirmed'
2026-05-25 23:43:08.510 +03:00 [INF] Executed DbCommand (2ms) [Parameters=[], CommandType='"Text"', CommandTimeout='30']
SELECT COUNT(*)
FROM [ParkingSpots] AS [p]
2026-05-25 23:43:08.515 +03:00 [INF] Executed DbCommand (3ms) [Parameters=[], CommandType='"Text"', CommandTimeout='30']
SELECT COUNT(*)
FROM [ParkingSpots] AS [p]
WHERE [p].[Status] = N'Busy'
2026-05-25 23:43:08.519 +03:00 [INF] Executed DbCommand (1ms) [Parameters=[], CommandType='"Text"', CommandTimeout='30']
SELECT COUNT(*)
FROM [Users] AS [u]
2026-05-25 23:43:08.521 +03:00 [INF] Executing OkObjectResult, writing value of type '<>f__AnonymousType0`6[[System.Decimal, System.Private.CoreLib, Version=10.0.0.0, Culture=neutral, PublicKeyToken=7cec85d7bea7798e],[System.Int32, System.Private.CoreLib, Version=10.0.0.0, Culture=neutral, PublicKeyToken=7cec85d7bea7798e],[System.Int32, System.Private.CoreLib, Version=10.0.0.0, Culture=neutral, PublicKeyToken=7cec85d7bea7798e],[System.Int32, System.Private.CoreLib, Version=10.0.0.0, Culture=neutral, PublicKeyToken=7cec85d7bea7798e],[System.Int32, System.Private.CoreLib, Version=10.0.0.0, Culture=neutral, PublicKeyToken=7cec85d7bea7798e],[System.Int32, System.Private.CoreLib, Version=10.0.0.0, Culture=neutral, PublicKeyToken=7cec85d7bea7798e]]'.
2026-05-25 23:43:08.523 +03:00 [INF] Executed action SmartParkingF.API.Controllers.DashboardController.GetStats (SmartParkingF.API) in 28.4953ms
2026-05-25 23:43:08.524 +03:00 [INF] Request starting HTTP/2 GET https://localhost:7144/api/dashboard/stats - null null
2026-05-25 23:43:08.524 +03:00 [INF] Executed endpoint 'SmartParkingF.API.Controllers.DashboardController.GetStats (SmartParkingF.API)'
2026-05-25 23:43:08.527 +03:00 [INF] CORS policy execution successful.
2026-05-25 23:43:08.528 +03:00 [INF] HTTP GET /api/dashboard/stats responded 200 in 37.6166 ms
2026-05-25 23:43:08.529 +03:00 [INF] Executing endpoint 'SmartParkingF.API.Controllers.DashboardController.GetStats (SmartParkingF.API)'
2026-05-25 23:43:08.531 +03:00 [INF] Request finished HTTP/2 GET https://localhost:7144/api/dashboard/stats - 200 null application/json; charset=utf-8 43.3082ms
2026-05-25 23:43:08.532 +03:00 [INF] Route matched with {action = "GetStats", controller = "Dashboard"}. Executing controller action with signature System.Threading.Tasks.Task`1[Microsoft.AspNetCore.Mvc.IActionResult] GetStats() on controller SmartParkingF.API.Controllers.DashboardController (SmartParkingF.API).
2026-05-25 23:43:08.538 +03:00 [INF] Executed DbCommand (0ms) [Parameters=[], CommandType='"Text"', CommandTimeout='30']
SELECT COALESCE(SUM([r].[TotalPrice]), 0.0)
FROM [Reservations] AS [r]
WHERE [r].[Status] = N'Confirmed'
2026-05-25 23:43:08.541 +03:00 [INF] Executed DbCommand (0ms) [Parameters=[], CommandType='"Text"', CommandTimeout='30']
SELECT COUNT(*)
FROM [Reservations] AS [r]
WHERE [r].[Status] = N'Confirmed'
2026-05-25 23:43:08.544 +03:00 [INF] Executed DbCommand (0ms) [Parameters=[], CommandType='"Text"', CommandTimeout='30']
SELECT COUNT(*)
FROM [ParkingSpots] AS [p]
2026-05-25 23:43:08.547 +03:00 [INF] Executed DbCommand (1ms) [Parameters=[], CommandType='"Text"', CommandTimeout='30']
SELECT COUNT(*)
FROM [ParkingSpots] AS [p]
WHERE [p].[Status] = N'Busy'
2026-05-25 23:43:08.551 +03:00 [INF] Executed DbCommand (1ms) [Parameters=[], CommandType='"Text"', CommandTimeout='30']
SELECT COUNT(*)
FROM [Users] AS [u]
2026-05-25 23:43:08.553 +03:00 [INF] Executing OkObjectResult, writing value of type '<>f__AnonymousType0`6[[System.Decimal, System.Private.CoreLib, Version=10.0.0.0, Culture=neutral, PublicKeyToken=7cec85d7bea7798e],[System.Int32, System.Private.CoreLib, Version=10.0.0.0, Culture=neutral, PublicKeyToken=7cec85d7bea7798e],[System.Int32, System.Private.CoreLib, Version=10.0.0.0, Culture=neutral, PublicKeyToken=7cec85d7bea7798e],[System.Int32, System.Private.CoreLib, Version=10.0.0.0, Culture=neutral, PublicKeyToken=7cec85d7bea7798e],[System.Int32, System.Private.CoreLib, Version=10.0.0.0, Culture=neutral, PublicKeyToken=7cec85d7bea7798e],[System.Int32, System.Private.CoreLib, Version=10.0.0.0, Culture=neutral, PublicKeyToken=7cec85d7bea7798e]]'.
2026-05-25 23:43:08.555 +03:00 [INF] Executed action SmartParkingF.API.Controllers.DashboardController.GetStats (SmartParkingF.API) in 18.4082ms
2026-05-25 23:43:08.557 +03:00 [INF] Executed endpoint 'SmartParkingF.API.Controllers.DashboardController.GetStats (SmartParkingF.API)'
2026-05-25 23:43:08.558 +03:00 [INF] HTTP GET /api/dashboard/stats responded 200 in 31.4448 ms
2026-05-25 23:43:08.560 +03:00 [INF] Request finished HTTP/2 GET https://localhost:7144/api/dashboard/stats - 200 null application/json; charset=utf-8 36.2236ms
2026-05-25 23:43:18.904 +03:00 [INF] Request starting HTTP/2 OPTIONS https://localhost:7144/api/users/logout - null null
2026-05-25 23:43:18.911 +03:00 [INF] CORS policy execution successful.
2026-05-25 23:43:18.914 +03:00 [INF] HTTP OPTIONS /api/users/logout responded 204 in 2.2929 ms
2026-05-25 23:43:18.918 +03:00 [INF] Request finished HTTP/2 OPTIONS https://localhost:7144/api/users/logout - 204 null null 14.0972ms
2026-05-25 23:43:18.921 +03:00 [INF] Request starting HTTP/2 POST https://localhost:7144/api/users/logout - null 0
2026-05-25 23:43:18.928 +03:00 [INF] CORS policy execution successful.
2026-05-25 23:43:18.929 +03:00 [INF] Executing endpoint 'SmartParkingF.API.Controllers.UsersController.Logout (SmartParkingF.API)'
2026-05-25 23:43:18.931 +03:00 [INF] Route matched with {action = "Logout", controller = "Users"}. Executing controller action with signature System.Threading.Tasks.Task`1[Microsoft.AspNetCore.Mvc.IActionResult] Logout() on controller SmartParkingF.API.Controllers.UsersController (SmartParkingF.API).
2026-05-25 23:43:18.936 +03:00 [INF] Executed DbCommand (2ms) [Parameters=[@p='?' (DbType = Int32)], CommandType='"Text"', CommandTimeout='30']
SELECT TOP(1) [u].[Id], [u].[AccountType], [u].[CarPlateNumber], [u].[CardLastFourDigits], [u].[CreatedAt], [u].[Email], [u].[FullName], [u].[HasLinkedCard], [u].[PasswordHash], [u].[Phone], [u].[RefreshToken], [u].[RefreshTokenExpiryTime], [u].[Role], [u].[Status]
FROM [Users] AS [u]
WHERE [u].[Id] = @p
2026-05-25 23:43:18.939 +03:00 [INF] Executed DbCommand (1ms) [Parameters=[@p2='?' (DbType = Int32), @p0='?' (Size = 4000), @p1='?' (DbType = DateTime2)], CommandType='"Text"', CommandTimeout='30']
SET IMPLICIT_TRANSACTIONS OFF;
SET NOCOUNT ON;
UPDATE [Users] SET [RefreshToken] = @p0, [RefreshTokenExpiryTime] = @p1
OUTPUT 1
WHERE [Id] = @p2;
2026-05-25 23:43:18.942 +03:00 [INF] Executing OkObjectResult, writing value of type '<>f__AnonymousType6`1[[System.String, System.Private.CoreLib, Version=10.0.0.0, Culture=neutral, PublicKeyToken=7cec85d7bea7798e]]'.
2026-05-25 23:43:18.943 +03:00 [INF] Executed action SmartParkingF.API.Controllers.UsersController.Logout (SmartParkingF.API) in 10.4116ms
2026-05-25 23:43:18.945 +03:00 [INF] Executed endpoint 'SmartParkingF.API.Controllers.UsersController.Logout (SmartParkingF.API)'
2026-05-25 23:43:18.946 +03:00 [INF] HTTP POST /api/users/logout responded 200 in 18.7508 ms
2026-05-25 23:43:18.949 +03:00 [INF] Request finished HTTP/2 POST https://localhost:7144/api/users/logout - 200 null application/json; charset=utf-8 28.8866ms
2026-05-25 23:43:23.728 +03:00 [INF] Request starting HTTP/2 OPTIONS https://localhost:7144/api/users/login - null null
2026-05-25 23:43:23.734 +03:00 [INF] CORS policy execution successful.
2026-05-25 23:43:23.736 +03:00 [INF] HTTP OPTIONS /api/users/login responded 204 in 1.5543 ms
2026-05-25 23:43:23.739 +03:00 [INF] Request finished HTTP/2 OPTIONS https://localhost:7144/api/users/login - 204 null null 10.971ms
2026-05-25 23:43:23.741 +03:00 [INF] Request starting HTTP/2 POST https://localhost:7144/api/users/login - application/json 54
2026-05-25 23:43:23.746 +03:00 [INF] CORS policy execution successful.
2026-05-25 23:43:23.747 +03:00 [INF] Executing endpoint 'SmartParkingF.API.Controllers.UsersController.Login (SmartParkingF.API)'
2026-05-25 23:43:23.749 +03:00 [INF] Route matched with {action = "Login", controller = "Users"}. Executing controller action with signature System.Threading.Tasks.Task`1[Microsoft.AspNetCore.Mvc.IActionResult] Login(SmartParkingF.API.Models.DTOs.LoginRequest) on controller SmartParkingF.API.Controllers.UsersController (SmartParkingF.API).
2026-05-25 23:43:23.753 +03:00 [INF] Executed DbCommand (1ms) [Parameters=[@cleanEmail='?' (Size = 450)], CommandType='"Text"', CommandTimeout='30']
SELECT TOP(1) [u].[Id], [u].[AccountType], [u].[CarPlateNumber], [u].[CardLastFourDigits], [u].[CreatedAt], [u].[Email], [u].[FullName], [u].[HasLinkedCard], [u].[PasswordHash], [u].[Phone], [u].[RefreshToken], [u].[RefreshTokenExpiryTime], [u].[Role], [u].[Status]
FROM [Users] AS [u]
WHERE LOWER([u].[Email]) = @cleanEmail AND [u].[Status] = N'Active'
2026-05-25 23:43:24.136 +03:00 [INF] Executed DbCommand (2ms) [Parameters=[@p2='?' (DbType = Int32), @p0='?' (Size = 4000), @p1='?' (DbType = DateTime2)], CommandType='"Text"', CommandTimeout='30']
SET IMPLICIT_TRANSACTIONS OFF;
SET NOCOUNT ON;
UPDATE [Users] SET [RefreshToken] = @p0, [RefreshTokenExpiryTime] = @p1
OUTPUT 1
WHERE [Id] = @p2;
2026-05-25 23:43:24.138 +03:00 [INF] User 1 logged in successfully
2026-05-25 23:43:24.139 +03:00 [INF] Executing OkObjectResult, writing value of type 'SmartParkingF.API.Models.DTOs.AuthResponse'.
2026-05-25 23:43:24.141 +03:00 [INF] Executed action SmartParkingF.API.Controllers.UsersController.Login (SmartParkingF.API) in 390.068ms
2026-05-25 23:43:24.142 +03:00 [INF] Executed endpoint 'SmartParkingF.API.Controllers.UsersController.Login (SmartParkingF.API)'
2026-05-25 23:43:24.143 +03:00 [INF] HTTP POST /api/users/login responded 200 in 396.9550 ms
2026-05-25 23:43:24.145 +03:00 [INF] Request finished HTTP/2 POST https://localhost:7144/api/users/login - 200 null application/json; charset=utf-8 403.6802ms
2026-05-25 23:43:24.159 +03:00 [INF] Request starting HTTP/2 OPTIONS https://localhost:7144/api/users - null null
2026-05-25 23:43:24.159 +03:00 [INF] Request starting HTTP/2 OPTIONS https://localhost:7144/api/users - null null
2026-05-25 23:43:24.161 +03:00 [INF] CORS policy execution successful.
2026-05-25 23:43:24.163 +03:00 [INF] CORS policy execution successful.
2026-05-25 23:43:24.164 +03:00 [INF] HTTP OPTIONS /api/users responded 204 in 3.3571 ms
2026-05-25 23:43:24.165 +03:00 [INF] HTTP OPTIONS /api/users responded 204 in 1.7628 ms
2026-05-25 23:43:24.167 +03:00 [INF] Request finished HTTP/2 OPTIONS https://localhost:7144/api/users - 204 null null 8.1341ms
2026-05-25 23:43:24.169 +03:00 [INF] Request finished HTTP/2 OPTIONS https://localhost:7144/api/users - 204 null null 9.3161ms
2026-05-25 23:43:24.169 +03:00 [INF] Request starting HTTP/2 GET https://localhost:7144/api/users - null null
2026-05-25 23:43:24.177 +03:00 [INF] CORS policy execution successful.
2026-05-25 23:43:24.181 +03:00 [INF] Executing endpoint 'SmartParkingF.API.Controllers.UsersController.GetUsers (SmartParkingF.API)'
2026-05-25 23:43:24.190 +03:00 [INF] Route matched with {action = "GetUsers", controller = "Users"}. Executing controller action with signature System.Threading.Tasks.Task`1[Microsoft.AspNetCore.Mvc.ActionResult`1[System.Collections.Generic.IEnumerable`1[System.Object]]] GetUsers() on controller SmartParkingF.API.Controllers.UsersController (SmartParkingF.API).
2026-05-25 23:43:24.200 +03:00 [INF] Executed DbCommand (2ms) [Parameters=[], CommandType='"Text"', CommandTimeout='30']
SELECT [u].[Id], [u].[FullName], [u].[Email], [u].[Phone], [u].[Role], [u].[Status], [u].[AccountType], [u].[CreatedAt], [u].[HasLinkedCard]
FROM [Users] AS [u]
2026-05-25 23:43:24.203 +03:00 [INF] Executing OkObjectResult, writing value of type 'System.Collections.Generic.List`1[[<>f__AnonymousType21`9[[System.Int32, System.Private.CoreLib, Version=10.0.0.0, Culture=neutral, PublicKeyToken=7cec85d7bea7798e],[System.String, System.Private.CoreLib, Version=10.0.0.0, Culture=neutral, PublicKeyToken=7cec85d7bea7798e],[System.String, System.Private.CoreLib, Version=10.0.0.0, Culture=neutral, PublicKeyToken=7cec85d7bea7798e],[System.String, System.Private.CoreLib, Version=10.0.0.0, Culture=neutral, PublicKeyToken=7cec85d7bea7798e],[System.String, System.Private.CoreLib, Version=10.0.0.0, Culture=neutral, PublicKeyToken=7cec85d7bea7798e],[System.String, System.Private.CoreLib, Version=10.0.0.0, Culture=neutral, PublicKeyToken=7cec85d7bea7798e],[System.String, System.Private.CoreLib, Version=10.0.0.0, Culture=neutral, PublicKeyToken=7cec85d7bea7798e],[System.DateTime, System.Private.CoreLib, Version=10.0.0.0, Culture=neutral, PublicKeyToken=7cec85d7bea7798e],[System.Boolean, System.Private.CoreLib, Version=10.0.0.0, Culture=neutral, PublicKeyToken=7cec85d7bea7798e]], SmartParkingF.API, Version=1.0.0.0, Culture=neutral, PublicKeyToken=null]]'.
2026-05-25 23:43:24.207 +03:00 [INF] Executed action SmartParkingF.API.Controllers.UsersController.GetUsers (SmartParkingF.API) in 15.5816ms
2026-05-25 23:43:24.208 +03:00 [INF] Request starting HTTP/2 GET https://localhost:7144/api/users - null null
2026-05-25 23:43:24.209 +03:00 [INF] Executed endpoint 'SmartParkingF.API.Controllers.UsersController.GetUsers (SmartParkingF.API)'
2026-05-25 23:43:24.212 +03:00 [INF] CORS policy execution successful.
2026-05-25 23:43:24.213 +03:00 [INF] HTTP GET /api/users responded 200 in 35.5910 ms
2026-05-25 23:43:24.214 +03:00 [INF] Executing endpoint 'SmartParkingF.API.Controllers.UsersController.GetUsers (SmartParkingF.API)'
2026-05-25 23:43:24.216 +03:00 [INF] Request finished HTTP/2 GET https://localhost:7144/api/users - 200 null application/json; charset=utf-8 47.3465ms
2026-05-25 23:43:24.217 +03:00 [INF] Route matched with {action = "GetUsers", controller = "Users"}. Executing controller action with signature System.Threading.Tasks.Task`1[Microsoft.AspNetCore.Mvc.ActionResult`1[System.Collections.Generic.IEnumerable`1[System.Object]]] GetUsers() on controller SmartParkingF.API.Controllers.UsersController (SmartParkingF.API).
2026-05-25 23:43:24.228 +03:00 [INF] Executed DbCommand (0ms) [Parameters=[], CommandType='"Text"', CommandTimeout='30']
SELECT [u].[Id], [u].[FullName], [u].[Email], [u].[Phone], [u].[Role], [u].[Status], [u].[AccountType], [u].[CreatedAt], [u].[HasLinkedCard]
FROM [Users] AS [u]
2026-05-25 23:43:24.230 +03:00 [INF] Executing OkObjectResult, writing value of type 'System.Collections.Generic.List`1[[<>f__AnonymousType21`9[[System.Int32, System.Private.CoreLib, Version=10.0.0.0, Culture=neutral, PublicKeyToken=7cec85d7bea7798e],[System.String, System.Private.CoreLib, Version=10.0.0.0, Culture=neutral, PublicKeyToken=7cec85d7bea7798e],[System.String, System.Private.CoreLib, Version=10.0.0.0, Culture=neutral, PublicKeyToken=7cec85d7bea7798e],[System.String, System.Private.CoreLib, Version=10.0.0.0, Culture=neutral, PublicKeyToken=7cec85d7bea7798e],[System.String, System.Private.CoreLib, Version=10.0.0.0, Culture=neutral, PublicKeyToken=7cec85d7bea7798e],[System.String, System.Private.CoreLib, Version=10.0.0.0, Culture=neutral, PublicKeyToken=7cec85d7bea7798e],[System.String, System.Private.CoreLib, Version=10.0.0.0, Culture=neutral, PublicKeyToken=7cec85d7bea7798e],[System.DateTime, System.Private.CoreLib, Version=10.0.0.0, Culture=neutral, PublicKeyToken=7cec85d7bea7798e],[System.Boolean, System.Private.CoreLib, Version=10.0.0.0, Culture=neutral, PublicKeyToken=7cec85d7bea7798e]], SmartParkingF.API, Version=1.0.0.0, Culture=neutral, PublicKeyToken=null]]'.
2026-05-25 23:43:24.231 +03:00 [INF] Executed action SmartParkingF.API.Controllers.UsersController.GetUsers (SmartParkingF.API) in 4.4627ms
2026-05-25 23:43:24.232 +03:00 [INF] Executed endpoint 'SmartParkingF.API.Controllers.UsersController.GetUsers (SmartParkingF.API)'
2026-05-25 23:43:24.233 +03:00 [INF] HTTP GET /api/users responded 200 in 21.8323 ms
2026-05-25 23:43:24.235 +03:00 [INF] Request finished HTTP/2 GET https://localhost:7144/api/users - 200 null application/json; charset=utf-8 26.597ms
2026-05-25 23:43:27.556 +03:00 [INF] Request starting HTTP/2 OPTIONS https://localhost:7144/api/users/3 - null null
2026-05-25 23:43:27.566 +03:00 [INF] CORS policy execution successful.
2026-05-25 23:43:27.568 +03:00 [INF] HTTP OPTIONS /api/users/3 responded 204 in 1.6374 ms
2026-05-25 23:43:27.571 +03:00 [INF] Request finished HTTP/2 OPTIONS https://localhost:7144/api/users/3 - 204 null null 14.8711ms
2026-05-25 23:43:27.573 +03:00 [INF] Request starting HTTP/2 DELETE https://localhost:7144/api/users/3 - null null
2026-05-25 23:43:27.578 +03:00 [INF] CORS policy execution successful.
2026-05-25 23:43:27.579 +03:00 [INF] Executing endpoint 'SmartParkingF.API.Controllers.UsersController.DeleteUser (SmartParkingF.API)'
2026-05-25 23:43:27.589 +03:00 [INF] Route matched with {action = "DeleteUser", controller = "Users"}. Executing controller action with signature System.Threading.Tasks.Task`1[Microsoft.AspNetCore.Mvc.IActionResult] DeleteUser(Int32) on controller SmartParkingF.API.Controllers.UsersController (SmartParkingF.API).
2026-05-25 23:43:27.594 +03:00 [INF] Executed DbCommand (1ms) [Parameters=[@p='?' (DbType = Int32)], CommandType='"Text"', CommandTimeout='30']
SELECT TOP(1) [u].[Id], [u].[AccountType], [u].[CarPlateNumber], [u].[CardLastFourDigits], [u].[CreatedAt], [u].[Email], [u].[FullName], [u].[HasLinkedCard], [u].[PasswordHash], [u].[Phone], [u].[RefreshToken], [u].[RefreshTokenExpiryTime], [u].[Role], [u].[Status]
FROM [Users] AS [u]
WHERE [u].[Id] = @p
2026-05-25 23:43:27.623 +03:00 [INF] Executed DbCommand (6ms) [Parameters=[@p0='?' (DbType = Int32)], CommandType='"Text"', CommandTimeout='30']
SET IMPLICIT_TRANSACTIONS OFF;
SET NOCOUNT ON;
DELETE FROM [Users]
OUTPUT 1
WHERE [Id] = @p0;
2026-05-25 23:43:27.628 +03:00 [INF] User 3 deleted by admin
2026-05-25 23:43:27.630 +03:00 [INF] Executing OkObjectResult, writing value of type '<>f__AnonymousType6`1[[System.String, System.Private.CoreLib, Version=10.0.0.0, Culture=neutral, PublicKeyToken=7cec85d7bea7798e]]'.
2026-05-25 23:43:27.632 +03:00 [INF] Executed action SmartParkingF.API.Controllers.UsersController.DeleteUser (SmartParkingF.API) in 40.5848ms
2026-05-25 23:43:27.634 +03:00 [INF] Executed endpoint 'SmartParkingF.API.Controllers.UsersController.DeleteUser (SmartParkingF.API)'
2026-05-25 23:43:27.635 +03:00 [INF] HTTP DELETE /api/users/3 responded 200 in 57.3743 ms
2026-05-25 23:43:27.637 +03:00 [INF] Request finished HTTP/2 DELETE https://localhost:7144/api/users/3 - 200 null application/json; charset=utf-8 64.5341ms
2026-05-25 23:43:31.365 +03:00 [INF] Request starting HTTP/2 GET https://localhost:7144/api/users - null null
2026-05-25 23:43:31.368 +03:00 [INF] CORS policy execution successful.
2026-05-25 23:43:31.371 +03:00 [INF] Authorization failed. These requirements were not met:
RolesAuthorizationRequirement:User.IsInRole must be true for one of the following roles: (Admin)
2026-05-25 23:43:31.378 +03:00 [INF] AuthenticationScheme: Bearer was challenged.
2026-05-25 23:43:31.380 +03:00 [INF] HTTP GET /api/users responded 401 in 11.1581 ms
2026-05-25 23:43:31.382 +03:00 [INF] Request finished HTTP/2 GET https://localhost:7144/api/users - 401 0 null 17.0797ms
2026-05-25 23:43:31.383 +03:00 [INF] Request starting HTTP/2 GET https://localhost:7144/api/users - null null
2026-05-25 23:43:31.387 +03:00 [INF] CORS policy execution successful.
2026-05-25 23:43:31.388 +03:00 [INF] Authorization failed. These requirements were not met:
RolesAuthorizationRequirement:User.IsInRole must be true for one of the following roles: (Admin)
2026-05-25 23:43:31.389 +03:00 [INF] AuthenticationScheme: Bearer was challenged.
2026-05-25 23:43:31.390 +03:00 [INF] HTTP GET /api/users responded 401 in 2.8540 ms
2026-05-25 23:43:31.392 +03:00 [INF] Request finished HTTP/2 GET https://localhost:7144/api/users - 401 0 null 8.7235ms
2026-05-25 23:44:18.863 +03:00 [INF] Request starting HTTP/2 OPTIONS https://localhost:7144/api/users/register - null null
2026-05-25 23:44:18.872 +03:00 [INF] CORS policy execution successful.
2026-05-25 23:44:18.873 +03:00 [INF] HTTP OPTIONS /api/users/register responded 204 in 1.2522 ms
2026-05-25 23:44:18.876 +03:00 [INF] Request finished HTTP/2 OPTIONS https://localhost:7144/api/users/register - 204 null null 12.3123ms
2026-05-25 23:44:18.878 +03:00 [INF] Request starting HTTP/2 POST https://localhost:7144/api/users/register - application/json 157
2026-05-25 23:44:18.883 +03:00 [INF] CORS policy execution successful.
2026-05-25 23:44:18.884 +03:00 [INF] Executing endpoint 'SmartParkingF.API.Controllers.UsersController.Register (SmartParkingF.API)'
2026-05-25 23:44:18.893 +03:00 [INF] Route matched with {action = "Register", controller = "Users"}. Executing controller action with signature System.Threading.Tasks.Task`1[Microsoft.AspNetCore.Mvc.IActionResult] Register(SmartParkingF.API.Models.DTOs.RegisterRequest) on controller SmartParkingF.API.Controllers.UsersController (SmartParkingF.API).
2026-05-25 23:44:18.914 +03:00 [INF] Executed DbCommand (4ms) [Parameters=[@cleanEmail='?' (Size = 450)], CommandType='"Text"', CommandTimeout='30']
SELECT CASE
    WHEN EXISTS (
        SELECT 1
        FROM [Users] AS [u]
        WHERE LOWER([u].[Email]) = @cleanEmail) THEN CAST(1 AS bit)
    ELSE CAST(0 AS bit)
END
2026-05-25 23:44:19.254 +03:00 [INF] Executed DbCommand (4ms) [Parameters=[@p0='?' (Size = 4000), @p1='?' (Size = 20), @p2='?' (Size = 4000), @p3='?' (DbType = DateTime2), @p4='?' (Size = 450), @p5='?' (Size = 100), @p6='?' (DbType = Boolean), @p7='?' (Size = 4000), @p8='?' (Size = 4000), @p9='?' (Size = 4000), @p10='?' (DbType = DateTime2), @p11='?' (Size = 4000), @p12='?' (Size = 4000)], CommandType='"Text"', CommandTimeout='30']
SET IMPLICIT_TRANSACTIONS OFF;
SET NOCOUNT ON;
INSERT INTO [Users] ([AccountType], [CarPlateNumber], [CardLastFourDigits], [CreatedAt], [Email], [FullName], [HasLinkedCard], [PasswordHash], [Phone], [RefreshToken], [RefreshTokenExpiryTime], [Role], [Status])
OUTPUT INSERTED.[Id]
VALUES (@p0, @p1, @p2, @p3, @p4, @p5, @p6, @p7, @p8, @p9, @p10, @p11, @p12);
2026-05-25 23:44:19.262 +03:00 [INF] Executed DbCommand (3ms) [Parameters=[@p2='?' (DbType = Int32), @p0='?' (Size = 4000), @p1='?' (DbType = DateTime2)], CommandType='"Text"', CommandTimeout='30']
SET IMPLICIT_TRANSACTIONS OFF;
SET NOCOUNT ON;
UPDATE [Users] SET [RefreshToken] = @p0, [RefreshTokenExpiryTime] = @p1
OUTPUT 1
WHERE [Id] = @p2;
2026-05-25 23:44:19.265 +03:00 [INF] New user registered: 4
2026-05-25 23:44:19.266 +03:00 [INF] Executing OkObjectResult, writing value of type 'SmartParkingF.API.Models.DTOs.AuthResponse'.
2026-05-25 23:44:19.267 +03:00 [INF] Executed action SmartParkingF.API.Controllers.UsersController.Register (SmartParkingF.API) in 371.6793ms
2026-05-25 23:44:19.268 +03:00 [INF] Executed endpoint 'SmartParkingF.API.Controllers.UsersController.Register (SmartParkingF.API)'
2026-05-25 23:44:19.269 +03:00 [INF] HTTP POST /api/users/register responded 200 in 386.1613 ms
2026-05-25 23:44:19.271 +03:00 [INF] Request finished HTTP/2 POST https://localhost:7144/api/users/register - 200 null application/json; charset=utf-8 392.8795ms
2026-05-25 23:44:19.281 +03:00 [INF] Request starting HTTP/2 GET https://localhost:7144/api/dashboard/stats - null null
2026-05-25 23:44:19.284 +03:00 [INF] CORS policy execution successful.
2026-05-25 23:44:19.285 +03:00 [INF] Executing endpoint 'SmartParkingF.API.Controllers.DashboardController.GetStats (SmartParkingF.API)'
2026-05-25 23:44:19.286 +03:00 [INF] Route matched with {action = "GetStats", controller = "Dashboard"}. Executing controller action with signature System.Threading.Tasks.Task`1[Microsoft.AspNetCore.Mvc.IActionResult] GetStats() on controller SmartParkingF.API.Controllers.DashboardController (SmartParkingF.API).
2026-05-25 23:44:19.290 +03:00 [INF] Executed DbCommand (2ms) [Parameters=[], CommandType='"Text"', CommandTimeout='30']
SELECT COALESCE(SUM([r].[TotalPrice]), 0.0)
FROM [Reservations] AS [r]
WHERE [r].[Status] = N'Confirmed'
2026-05-25 23:44:19.293 +03:00 [INF] Executed DbCommand (2ms) [Parameters=[], CommandType='"Text"', CommandTimeout='30']
SELECT COUNT(*)
FROM [Reservations] AS [r]
WHERE [r].[Status] = N'Confirmed'
2026-05-25 23:44:19.296 +03:00 [INF] Executed DbCommand (1ms) [Parameters=[], CommandType='"Text"', CommandTimeout='30']
SELECT COUNT(*)
FROM [ParkingSpots] AS [p]
2026-05-25 23:44:19.301 +03:00 [INF] Executed DbCommand (2ms) [Parameters=[], CommandType='"Text"', CommandTimeout='30']
SELECT COUNT(*)
FROM [ParkingSpots] AS [p]
WHERE [p].[Status] = N'Busy'
2026-05-25 23:44:19.304 +03:00 [INF] Executed DbCommand (1ms) [Parameters=[], CommandType='"Text"', CommandTimeout='30']
SELECT COUNT(*)
FROM [Users] AS [u]
2026-05-25 23:44:19.306 +03:00 [INF] Executing OkObjectResult, writing value of type '<>f__AnonymousType0`6[[System.Decimal, System.Private.CoreLib, Version=10.0.0.0, Culture=neutral, PublicKeyToken=7cec85d7bea7798e],[System.Int32, System.Private.CoreLib, Version=10.0.0.0, Culture=neutral, PublicKeyToken=7cec85d7bea7798e],[System.Int32, System.Private.CoreLib, Version=10.0.0.0, Culture=neutral, PublicKeyToken=7cec85d7bea7798e],[System.Int32, System.Private.CoreLib, Version=10.0.0.0, Culture=neutral, PublicKeyToken=7cec85d7bea7798e],[System.Int32, System.Private.CoreLib, Version=10.0.0.0, Culture=neutral, PublicKeyToken=7cec85d7bea7798e],[System.Int32, System.Private.CoreLib, Version=10.0.0.0, Culture=neutral, PublicKeyToken=7cec85d7bea7798e]]'.
2026-05-25 23:44:19.308 +03:00 [INF] Executed action SmartParkingF.API.Controllers.DashboardController.GetStats (SmartParkingF.API) in 20.4511ms
2026-05-25 23:44:19.309 +03:00 [INF] Request starting HTTP/2 GET https://localhost:7144/api/dashboard/stats - null null
2026-05-25 23:44:19.309 +03:00 [INF] Executed endpoint 'SmartParkingF.API.Controllers.DashboardController.GetStats (SmartParkingF.API)'
2026-05-25 23:44:19.311 +03:00 [INF] CORS policy execution successful.
2026-05-25 23:44:19.312 +03:00 [INF] HTTP GET /api/dashboard/stats responded 200 in 27.6473 ms
2026-05-25 23:44:19.312 +03:00 [INF] Executing endpoint 'SmartParkingF.API.Controllers.DashboardController.GetStats (SmartParkingF.API)'
2026-05-25 23:44:19.314 +03:00 [INF] Request finished HTTP/2 GET https://localhost:7144/api/dashboard/stats - 200 null application/json; charset=utf-8 32.3977ms
2026-05-25 23:44:19.318 +03:00 [INF] Route matched with {action = "GetStats", controller = "Dashboard"}. Executing controller action with signature System.Threading.Tasks.Task`1[Microsoft.AspNetCore.Mvc.IActionResult] GetStats() on controller SmartParkingF.API.Controllers.DashboardController (SmartParkingF.API).
2026-05-25 23:44:19.324 +03:00 [INF] Executed DbCommand (0ms) [Parameters=[], CommandType='"Text"', CommandTimeout='30']
SELECT COALESCE(SUM([r].[TotalPrice]), 0.0)
FROM [Reservations] AS [r]
WHERE [r].[Status] = N'Confirmed'
2026-05-25 23:44:19.326 +03:00 [INF] Executed DbCommand (0ms) [Parameters=[], CommandType='"Text"', CommandTimeout='30']
SELECT COUNT(*)
FROM [Reservations] AS [r]
WHERE [r].[Status] = N'Confirmed'
2026-05-25 23:44:19.328 +03:00 [INF] Executed DbCommand (0ms) [Parameters=[], CommandType='"Text"', CommandTimeout='30']
SELECT COUNT(*)
FROM [ParkingSpots] AS [p]
2026-05-25 23:44:19.331 +03:00 [INF] Executed DbCommand (1ms) [Parameters=[], CommandType='"Text"', CommandTimeout='30']
SELECT COUNT(*)
FROM [ParkingSpots] AS [p]
WHERE [p].[Status] = N'Busy'
2026-05-25 23:44:19.334 +03:00 [INF] Executed DbCommand (1ms) [Parameters=[], CommandType='"Text"', CommandTimeout='30']
SELECT COUNT(*)
FROM [Users] AS [u]
2026-05-25 23:44:19.337 +03:00 [INF] Executing OkObjectResult, writing value of type '<>f__AnonymousType0`6[[System.Decimal, System.Private.CoreLib, Version=10.0.0.0, Culture=neutral, PublicKeyToken=7cec85d7bea7798e],[System.Int32, System.Private.CoreLib, Version=10.0.0.0, Culture=neutral, PublicKeyToken=7cec85d7bea7798e],[System.Int32, System.Private.CoreLib, Version=10.0.0.0, Culture=neutral, PublicKeyToken=7cec85d7bea7798e],[System.Int32, System.Private.CoreLib, Version=10.0.0.0, Culture=neutral, PublicKeyToken=7cec85d7bea7798e],[System.Int32, System.Private.CoreLib, Version=10.0.0.0, Culture=neutral, PublicKeyToken=7cec85d7bea7798e],[System.Int32, System.Private.CoreLib, Version=10.0.0.0, Culture=neutral, PublicKeyToken=7cec85d7bea7798e]]'.
2026-05-25 23:44:19.338 +03:00 [INF] Executed action SmartParkingF.API.Controllers.DashboardController.GetStats (SmartParkingF.API) in 15.6233ms
2026-05-25 23:44:19.339 +03:00 [INF] Executed endpoint 'SmartParkingF.API.Controllers.DashboardController.GetStats (SmartParkingF.API)'
2026-05-25 23:44:19.340 +03:00 [INF] HTTP GET /api/dashboard/stats responded 200 in 29.5100 ms
2026-05-25 23:44:19.342 +03:00 [INF] Request finished HTTP/2 GET https://localhost:7144/api/dashboard/stats - 200 null application/json; charset=utf-8 33.0118ms
2026-05-25 23:44:28.198 +03:00 [INF] Request starting HTTP/2 OPTIONS https://localhost:7144/api/ParkingSpots - null null
2026-05-25 23:44:28.198 +03:00 [INF] Request starting HTTP/2 OPTIONS https://localhost:7144/api/ParkingSpots - null null
2026-05-25 23:44:28.203 +03:00 [INF] CORS policy execution successful.
2026-05-25 23:44:28.206 +03:00 [INF] CORS policy execution successful.
2026-05-25 23:44:28.208 +03:00 [INF] HTTP OPTIONS /api/ParkingSpots responded 204 in 4.8725 ms
2026-05-25 23:44:28.209 +03:00 [INF] HTTP OPTIONS /api/ParkingSpots responded 204 in 2.0382 ms
2026-05-25 23:44:28.211 +03:00 [INF] Request finished HTTP/2 OPTIONS https://localhost:7144/api/ParkingSpots - 204 null null 13.1141ms
2026-05-25 23:44:28.213 +03:00 [INF] Request starting HTTP/2 GET https://localhost:7144/api/ParkingSpots - null null
2026-05-25 23:44:28.213 +03:00 [INF] Request finished HTTP/2 OPTIONS https://localhost:7144/api/ParkingSpots - 204 null null 14.7641ms
2026-05-25 23:44:28.220 +03:00 [INF] CORS policy execution successful.
2026-05-25 23:44:28.223 +03:00 [INF] Executing endpoint 'SmartParkingF.API.Controllers.ParkingSpotsController.GetAll (SmartParkingF.API)'
2026-05-25 23:44:28.224 +03:00 [INF] Route matched with {action = "GetAll", controller = "ParkingSpots"}. Executing controller action with signature System.Threading.Tasks.Task`1[Microsoft.AspNetCore.Mvc.ActionResult`1[System.Collections.Generic.IEnumerable`1[SmartParkingF.API.Models.ParkingSpot]]] GetAll() on controller SmartParkingF.API.Controllers.ParkingSpotsController (SmartParkingF.API).
2026-05-25 23:44:28.228 +03:00 [INF] Executed DbCommand (2ms) [Parameters=[], CommandType='"Text"', CommandTimeout='30']
SELECT [p].[Id], [p].[Location], [p].[PricePerHour], [p].[PricePerNight], [p].[PropertyId], [p].[SpotNumber], [p].[Status], [p].[Zone]
FROM [ParkingSpots] AS [p]
2026-05-25 23:44:28.232 +03:00 [INF] Executing ObjectResult, writing value of type 'System.Collections.Generic.List`1[[SmartParkingF.API.Models.ParkingSpot, SmartParkingF.API, Version=1.0.0.0, Culture=neutral, PublicKeyToken=null]]'.
2026-05-25 23:44:28.234 +03:00 [INF] Executed action SmartParkingF.API.Controllers.ParkingSpotsController.GetAll (SmartParkingF.API) in 8.1747ms
2026-05-25 23:44:28.235 +03:00 [INF] Request starting HTTP/2 GET https://localhost:7144/api/ParkingSpots - null null
2026-05-25 23:44:28.236 +03:00 [INF] Executed endpoint 'SmartParkingF.API.Controllers.ParkingSpotsController.GetAll (SmartParkingF.API)'
2026-05-25 23:44:28.238 +03:00 [INF] CORS policy execution successful.
2026-05-25 23:44:28.239 +03:00 [INF] HTTP GET /api/ParkingSpots responded 200 in 19.5395 ms
2026-05-25 23:44:28.240 +03:00 [INF] Executing endpoint 'SmartParkingF.API.Controllers.ParkingSpotsController.GetAll (SmartParkingF.API)'
2026-05-25 23:44:28.242 +03:00 [INF] Request finished HTTP/2 GET https://localhost:7144/api/ParkingSpots - 200 null application/json; charset=utf-8 28.9542ms
2026-05-25 23:44:28.243 +03:00 [INF] Route matched with {action = "GetAll", controller = "ParkingSpots"}. Executing controller action with signature System.Threading.Tasks.Task`1[Microsoft.AspNetCore.Mvc.ActionResult`1[System.Collections.Generic.IEnumerable`1[SmartParkingF.API.Models.ParkingSpot]]] GetAll() on controller SmartParkingF.API.Controllers.ParkingSpotsController (SmartParkingF.API).
2026-05-25 23:44:28.250 +03:00 [INF] Executed DbCommand (1ms) [Parameters=[], CommandType='"Text"', CommandTimeout='30']
SELECT [p].[Id], [p].[Location], [p].[PricePerHour], [p].[PricePerNight], [p].[PropertyId], [p].[SpotNumber], [p].[Status], [p].[Zone]
FROM [ParkingSpots] AS [p]
2026-05-25 23:44:28.253 +03:00 [INF] Executing ObjectResult, writing value of type 'System.Collections.Generic.List`1[[SmartParkingF.API.Models.ParkingSpot, SmartParkingF.API, Version=1.0.0.0, Culture=neutral, PublicKeyToken=null]]'.
2026-05-25 23:44:28.254 +03:00 [INF] Executed action SmartParkingF.API.Controllers.ParkingSpotsController.GetAll (SmartParkingF.API) in 5.3814ms
2026-05-25 23:44:28.255 +03:00 [INF] Executed endpoint 'SmartParkingF.API.Controllers.ParkingSpotsController.GetAll (SmartParkingF.API)'
2026-05-25 23:44:28.256 +03:00 [INF] HTTP GET /api/ParkingSpots responded 200 in 18.2333 ms
2026-05-25 23:44:28.258 +03:00 [INF] Request finished HTTP/2 GET https://localhost:7144/api/ParkingSpots - 200 null application/json; charset=utf-8 22.4605ms
2026-05-25 23:44:31.493 +03:00 [INF] Request starting HTTP/2 GET https://localhost:7144/api/Properties - null null
2026-05-25 23:44:31.495 +03:00 [INF] Request starting HTTP/2 GET https://localhost:7144/api/Properties - null null
2026-05-25 23:44:31.500 +03:00 [INF] CORS policy execution successful.
2026-05-25 23:44:31.505 +03:00 [INF] CORS policy execution successful.
2026-05-25 23:44:31.506 +03:00 [INF] Executing endpoint 'SmartParkingF.API.Controllers.PropertiesController.GetProperties (SmartParkingF.API)'
2026-05-25 23:44:31.508 +03:00 [INF] Executing endpoint 'SmartParkingF.API.Controllers.PropertiesController.GetProperties (SmartParkingF.API)'
2026-05-25 23:44:31.509 +03:00 [INF] Route matched with {action = "GetProperties", controller = "Properties"}. Executing controller action with signature System.Threading.Tasks.Task`1[Microsoft.AspNetCore.Mvc.IActionResult] GetProperties() on controller SmartParkingF.API.Controllers.PropertiesController (SmartParkingF.API).
2026-05-25 23:44:31.511 +03:00 [INF] Route matched with {action = "GetProperties", controller = "Properties"}. Executing controller action with signature System.Threading.Tasks.Task`1[Microsoft.AspNetCore.Mvc.IActionResult] GetProperties() on controller SmartParkingF.API.Controllers.PropertiesController (SmartParkingF.API).
2026-05-25 23:44:31.517 +03:00 [INF] Executed DbCommand (3ms) [Parameters=[], CommandType='"Text"', CommandTimeout='30']
SELECT [p].[Id], [p].[Bathrooms], [p].[Bedrooms], [p].[CreatedAt], [p].[Description], [p].[HasSmartParking], [p].[ImageUrl], [p].[Location], [p].[Name], [p].[Price], [p].[PricePerHour], [p].[PricePerNight], [p].[Rating], [p].[Title], [p].[TotalSpots]
FROM [Properties] AS [p]
2026-05-25 23:44:31.517 +03:00 [INF] Executed DbCommand (1ms) [Parameters=[], CommandType='"Text"', CommandTimeout='30']
SELECT [p].[Id], [p].[Bathrooms], [p].[Bedrooms], [p].[CreatedAt], [p].[Description], [p].[HasSmartParking], [p].[ImageUrl], [p].[Location], [p].[Name], [p].[Price], [p].[PricePerHour], [p].[PricePerNight], [p].[Rating], [p].[Title], [p].[TotalSpots]
FROM [Properties] AS [p]
2026-05-25 23:44:31.519 +03:00 [INF] Executing OkObjectResult, writing value of type 'System.Collections.Generic.List`1[[SmartParkingF.API.Models.Property, SmartParkingF.API, Version=1.0.0.0, Culture=neutral, PublicKeyToken=null]]'.
2026-05-25 23:44:31.521 +03:00 [INF] Executing OkObjectResult, writing value of type 'System.Collections.Generic.List`1[[SmartParkingF.API.Models.Property, SmartParkingF.API, Version=1.0.0.0, Culture=neutral, PublicKeyToken=null]]'.
2026-05-25 23:44:31.523 +03:00 [INF] Executed action SmartParkingF.API.Controllers.PropertiesController.GetProperties (SmartParkingF.API) in 10.4906ms
2026-05-25 23:44:31.524 +03:00 [INF] Executed action SmartParkingF.API.Controllers.PropertiesController.GetProperties (SmartParkingF.API) in 9.3078ms
2026-05-25 23:44:31.525 +03:00 [INF] Executed endpoint 'SmartParkingF.API.Controllers.PropertiesController.GetProperties (SmartParkingF.API)'
2026-05-25 23:44:31.527 +03:00 [INF] Executed endpoint 'SmartParkingF.API.Controllers.PropertiesController.GetProperties (SmartParkingF.API)'
2026-05-25 23:44:31.528 +03:00 [INF] HTTP GET /api/Properties responded 200 in 28.1793 ms
2026-05-25 23:44:31.529 +03:00 [INF] HTTP GET /api/Properties responded 200 in 24.0161 ms
2026-05-25 23:44:31.531 +03:00 [INF] Request finished HTTP/2 GET https://localhost:7144/api/Properties - 499 null application/json; charset=utf-8 38.0525ms
2026-05-25 23:44:31.534 +03:00 [INF] Request finished HTTP/2 GET https://localhost:7144/api/Properties - 200 null application/json; charset=utf-8 38.9172ms
2026-05-25 23:44:38.376 +03:00 [INF] Request starting HTTP/2 OPTIONS https://localhost:7144/api/users/logout - null null
2026-05-25 23:44:38.388 +03:00 [INF] CORS policy execution successful.
2026-05-25 23:44:38.390 +03:00 [INF] HTTP OPTIONS /api/users/logout responded 204 in 2.5362 ms
2026-05-25 23:44:38.395 +03:00 [INF] Request finished HTTP/2 OPTIONS https://localhost:7144/api/users/logout - 204 null null 19.1285ms
2026-05-25 23:44:38.398 +03:00 [INF] Request starting HTTP/2 POST https://localhost:7144/api/users/logout - null 0
2026-05-25 23:44:38.405 +03:00 [INF] CORS policy execution successful.
2026-05-25 23:44:38.407 +03:00 [INF] Executing endpoint 'SmartParkingF.API.Controllers.UsersController.Logout (SmartParkingF.API)'
2026-05-25 23:44:38.408 +03:00 [INF] Route matched with {action = "Logout", controller = "Users"}. Executing controller action with signature System.Threading.Tasks.Task`1[Microsoft.AspNetCore.Mvc.IActionResult] Logout() on controller SmartParkingF.API.Controllers.UsersController (SmartParkingF.API).
2026-05-25 23:44:38.415 +03:00 [INF] Executed DbCommand (3ms) [Parameters=[@p='?' (DbType = Int32)], CommandType='"Text"', CommandTimeout='30']
SELECT TOP(1) [u].[Id], [u].[AccountType], [u].[CarPlateNumber], [u].[CardLastFourDigits], [u].[CreatedAt], [u].[Email], [u].[FullName], [u].[HasLinkedCard], [u].[PasswordHash], [u].[Phone], [u].[RefreshToken], [u].[RefreshTokenExpiryTime], [u].[Role], [u].[Status]
FROM [Users] AS [u]
WHERE [u].[Id] = @p
2026-05-25 23:44:38.420 +03:00 [INF] Executed DbCommand (1ms) [Parameters=[@p2='?' (DbType = Int32), @p0='?' (Size = 4000), @p1='?' (DbType = DateTime2)], CommandType='"Text"', CommandTimeout='30']
SET IMPLICIT_TRANSACTIONS OFF;
SET NOCOUNT ON;
UPDATE [Users] SET [RefreshToken] = @p0, [RefreshTokenExpiryTime] = @p1
OUTPUT 1
WHERE [Id] = @p2;
2026-05-25 23:44:38.423 +03:00 [INF] Executing OkObjectResult, writing value of type '<>f__AnonymousType6`1[[System.String, System.Private.CoreLib, Version=10.0.0.0, Culture=neutral, PublicKeyToken=7cec85d7bea7798e]]'.
2026-05-25 23:44:38.424 +03:00 [INF] Executed action SmartParkingF.API.Controllers.UsersController.Logout (SmartParkingF.API) in 13.4113ms
2026-05-25 23:44:38.426 +03:00 [INF] Executed endpoint 'SmartParkingF.API.Controllers.UsersController.Logout (SmartParkingF.API)'
2026-05-25 23:44:38.427 +03:00 [INF] HTTP POST /api/users/logout responded 200 in 21.5187 ms
2026-05-25 23:44:38.429 +03:00 [INF] Request finished HTTP/2 POST https://localhost:7144/api/users/logout - 200 null application/json; charset=utf-8 31.4487ms
2026-05-25 23:45:31.210 +03:00 [INF] Request starting HTTP/2 OPTIONS https://localhost:7144/api/users/register - null null
2026-05-25 23:45:31.214 +03:00 [INF] CORS policy execution successful.
2026-05-25 23:45:31.216 +03:00 [INF] HTTP OPTIONS /api/users/register responded 204 in 2.2933 ms
2026-05-25 23:45:31.218 +03:00 [INF] Request finished HTTP/2 OPTIONS https://localhost:7144/api/users/register - 204 null null 8.012ms
2026-05-25 23:45:31.220 +03:00 [INF] Request starting HTTP/2 POST https://localhost:7144/api/users/register - application/json 157
2026-05-25 23:45:31.224 +03:00 [INF] CORS policy execution successful.
2026-05-25 23:45:31.225 +03:00 [INF] Executing endpoint 'SmartParkingF.API.Controllers.UsersController.Register (SmartParkingF.API)'
2026-05-25 23:45:31.227 +03:00 [INF] Route matched with {action = "Register", controller = "Users"}. Executing controller action with signature System.Threading.Tasks.Task`1[Microsoft.AspNetCore.Mvc.IActionResult] Register(SmartParkingF.API.Models.DTOs.RegisterRequest) on controller SmartParkingF.API.Controllers.UsersController (SmartParkingF.API).
2026-05-25 23:45:31.234 +03:00 [INF] Executed DbCommand (4ms) [Parameters=[@cleanEmail='?' (Size = 450)], CommandType='"Text"', CommandTimeout='30']
SELECT CASE
    WHEN EXISTS (
        SELECT 1
        FROM [Users] AS [u]
        WHERE LOWER([u].[Email]) = @cleanEmail) THEN CAST(1 AS bit)
    ELSE CAST(0 AS bit)
END
2026-05-25 23:45:31.619 +03:00 [INF] Executed DbCommand (5ms) [Parameters=[@p0='?' (Size = 4000), @p1='?' (Size = 20), @p2='?' (Size = 4000), @p3='?' (DbType = DateTime2), @p4='?' (Size = 450), @p5='?' (Size = 100), @p6='?' (DbType = Boolean), @p7='?' (Size = 4000), @p8='?' (Size = 4000), @p9='?' (Size = 4000), @p10='?' (DbType = DateTime2), @p11='?' (Size = 4000), @p12='?' (Size = 4000)], CommandType='"Text"', CommandTimeout='30']
SET IMPLICIT_TRANSACTIONS OFF;
SET NOCOUNT ON;
INSERT INTO [Users] ([AccountType], [CarPlateNumber], [CardLastFourDigits], [CreatedAt], [Email], [FullName], [HasLinkedCard], [PasswordHash], [Phone], [RefreshToken], [RefreshTokenExpiryTime], [Role], [Status])
OUTPUT INSERTED.[Id]
VALUES (@p0, @p1, @p2, @p3, @p4, @p5, @p6, @p7, @p8, @p9, @p10, @p11, @p12);
2026-05-25 23:45:31.625 +03:00 [INF] Executed DbCommand (3ms) [Parameters=[@p2='?' (DbType = Int32), @p0='?' (Size = 4000), @p1='?' (DbType = DateTime2)], CommandType='"Text"', CommandTimeout='30']
SET IMPLICIT_TRANSACTIONS OFF;
SET NOCOUNT ON;
UPDATE [Users] SET [RefreshToken] = @p0, [RefreshTokenExpiryTime] = @p1
OUTPUT 1
WHERE [Id] = @p2;
2026-05-25 23:45:31.627 +03:00 [INF] New user registered: 5
2026-05-25 23:45:31.628 +03:00 [INF] Executing OkObjectResult, writing value of type 'SmartParkingF.API.Models.DTOs.AuthResponse'.
2026-05-25 23:45:31.630 +03:00 [INF] Executed action SmartParkingF.API.Controllers.UsersController.Register (SmartParkingF.API) in 401.3342ms
2026-05-25 23:45:31.631 +03:00 [INF] Executed endpoint 'SmartParkingF.API.Controllers.UsersController.Register (SmartParkingF.API)'
2026-05-25 23:45:31.632 +03:00 [INF] HTTP POST /api/users/register responded 200 in 407.8393 ms
2026-05-25 23:45:31.634 +03:00 [INF] Request finished HTTP/2 POST https://localhost:7144/api/users/register - 200 null application/json; charset=utf-8 414.1147ms
2026-05-25 23:45:31.643 +03:00 [INF] Request starting HTTP/2 GET https://localhost:7144/api/dashboard/stats - null null
2026-05-25 23:45:31.645 +03:00 [INF] CORS policy execution successful.
2026-05-25 23:45:31.646 +03:00 [INF] Executing endpoint 'SmartParkingF.API.Controllers.DashboardController.GetStats (SmartParkingF.API)'
2026-05-25 23:45:31.647 +03:00 [INF] Route matched with {action = "GetStats", controller = "Dashboard"}. Executing controller action with signature System.Threading.Tasks.Task`1[Microsoft.AspNetCore.Mvc.IActionResult] GetStats() on controller SmartParkingF.API.Controllers.DashboardController (SmartParkingF.API).
2026-05-25 23:45:31.651 +03:00 [INF] Executed DbCommand (2ms) [Parameters=[], CommandType='"Text"', CommandTimeout='30']
SELECT COALESCE(SUM([r].[TotalPrice]), 0.0)
FROM [Reservations] AS [r]
WHERE [r].[Status] = N'Confirmed'
2026-05-25 23:45:31.655 +03:00 [INF] Executed DbCommand (1ms) [Parameters=[], CommandType='"Text"', CommandTimeout='30']
SELECT COUNT(*)
FROM [Reservations] AS [r]
WHERE [r].[Status] = N'Confirmed'
2026-05-25 23:45:31.658 +03:00 [INF] Executed DbCommand (1ms) [Parameters=[], CommandType='"Text"', CommandTimeout='30']
SELECT COUNT(*)
FROM [ParkingSpots] AS [p]
2026-05-25 23:45:31.662 +03:00 [INF] Executed DbCommand (2ms) [Parameters=[], CommandType='"Text"', CommandTimeout='30']
SELECT COUNT(*)
FROM [ParkingSpots] AS [p]
WHERE [p].[Status] = N'Busy'
2026-05-25 23:45:31.666 +03:00 [INF] Executed DbCommand (1ms) [Parameters=[], CommandType='"Text"', CommandTimeout='30']
SELECT COUNT(*)
FROM [Users] AS [u]
2026-05-25 23:45:31.668 +03:00 [INF] Executing OkObjectResult, writing value of type '<>f__AnonymousType0`6[[System.Decimal, System.Private.CoreLib, Version=10.0.0.0, Culture=neutral, PublicKeyToken=7cec85d7bea7798e],[System.Int32, System.Private.CoreLib, Version=10.0.0.0, Culture=neutral, PublicKeyToken=7cec85d7bea7798e],[System.Int32, System.Private.CoreLib, Version=10.0.0.0, Culture=neutral, PublicKeyToken=7cec85d7bea7798e],[System.Int32, System.Private.CoreLib, Version=10.0.0.0, Culture=neutral, PublicKeyToken=7cec85d7bea7798e],[System.Int32, System.Private.CoreLib, Version=10.0.0.0, Culture=neutral, PublicKeyToken=7cec85d7bea7798e],[System.Int32, System.Private.CoreLib, Version=10.0.0.0, Culture=neutral, PublicKeyToken=7cec85d7bea7798e]]'.
2026-05-25 23:45:31.669 +03:00 [INF] Executed action SmartParkingF.API.Controllers.DashboardController.GetStats (SmartParkingF.API) in 20.0509ms
2026-05-25 23:45:31.670 +03:00 [INF] Request starting HTTP/2 GET https://localhost:7144/api/dashboard/stats - null null
2026-05-25 23:45:31.670 +03:00 [INF] Executed endpoint 'SmartParkingF.API.Controllers.DashboardController.GetStats (SmartParkingF.API)'
2026-05-25 23:45:31.672 +03:00 [INF] CORS policy execution successful.
2026-05-25 23:45:31.673 +03:00 [INF] HTTP GET /api/dashboard/stats responded 200 in 27.5818 ms
2026-05-25 23:45:31.674 +03:00 [INF] Executing endpoint 'SmartParkingF.API.Controllers.DashboardController.GetStats (SmartParkingF.API)'
2026-05-25 23:45:31.675 +03:00 [INF] Request finished HTTP/2 GET https://localhost:7144/api/dashboard/stats - 200 null application/json; charset=utf-8 31.6371ms
2026-05-25 23:45:31.679 +03:00 [INF] Route matched with {action = "GetStats", controller = "Dashboard"}. Executing controller action with signature System.Threading.Tasks.Task`1[Microsoft.AspNetCore.Mvc.IActionResult] GetStats() on controller SmartParkingF.API.Controllers.DashboardController (SmartParkingF.API).
2026-05-25 23:45:31.685 +03:00 [INF] Executed DbCommand (1ms) [Parameters=[], CommandType='"Text"', CommandTimeout='30']
SELECT COALESCE(SUM([r].[TotalPrice]), 0.0)
FROM [Reservations] AS [r]
WHERE [r].[Status] = N'Confirmed'
2026-05-25 23:45:31.687 +03:00 [INF] Executed DbCommand (0ms) [Parameters=[], CommandType='"Text"', CommandTimeout='30']
SELECT COUNT(*)
FROM [Reservations] AS [r]
WHERE [r].[Status] = N'Confirmed'
2026-05-25 23:45:31.689 +03:00 [INF] Executed DbCommand (0ms) [Parameters=[], CommandType='"Text"', CommandTimeout='30']
SELECT COUNT(*)
FROM [ParkingSpots] AS [p]
2026-05-25 23:45:31.691 +03:00 [INF] Executed DbCommand (0ms) [Parameters=[], CommandType='"Text"', CommandTimeout='30']
SELECT COUNT(*)
FROM [ParkingSpots] AS [p]
WHERE [p].[Status] = N'Busy'
2026-05-25 23:45:31.693 +03:00 [INF] Executed DbCommand (0ms) [Parameters=[], CommandType='"Text"', CommandTimeout='30']
SELECT COUNT(*)
FROM [Users] AS [u]
2026-05-25 23:45:31.695 +03:00 [INF] Executing OkObjectResult, writing value of type '<>f__AnonymousType0`6[[System.Decimal, System.Private.CoreLib, Version=10.0.0.0, Culture=neutral, PublicKeyToken=7cec85d7bea7798e],[System.Int32, System.Private.CoreLib, Version=10.0.0.0, Culture=neutral, PublicKeyToken=7cec85d7bea7798e],[System.Int32, System.Private.CoreLib, Version=10.0.0.0, Culture=neutral, PublicKeyToken=7cec85d7bea7798e],[System.Int32, System.Private.CoreLib, Version=10.0.0.0, Culture=neutral, PublicKeyToken=7cec85d7bea7798e],[System.Int32, System.Private.CoreLib, Version=10.0.0.0, Culture=neutral, PublicKeyToken=7cec85d7bea7798e],[System.Int32, System.Private.CoreLib, Version=10.0.0.0, Culture=neutral, PublicKeyToken=7cec85d7bea7798e]]'.
2026-05-25 23:45:31.696 +03:00 [INF] Executed action SmartParkingF.API.Controllers.DashboardController.GetStats (SmartParkingF.API) in 13.0123ms
2026-05-25 23:45:31.697 +03:00 [INF] Executed endpoint 'SmartParkingF.API.Controllers.DashboardController.GetStats (SmartParkingF.API)'
2026-05-25 23:45:31.698 +03:00 [INF] HTTP GET /api/dashboard/stats responded 200 in 26.0214 ms
2026-05-25 23:45:31.700 +03:00 [INF] Request finished HTTP/2 GET https://localhost:7144/api/dashboard/stats - 200 null application/json; charset=utf-8 29.5141ms
2026-05-25 23:45:37.568 +03:00 [INF] Request starting HTTP/2 GET https://localhost:7144/api/Properties - null null
2026-05-25 23:45:37.569 +03:00 [INF] Request starting HTTP/2 GET https://localhost:7144/api/Properties - null null
2026-05-25 23:45:37.573 +03:00 [INF] CORS policy execution successful.
2026-05-25 23:45:37.576 +03:00 [INF] CORS policy execution successful.
2026-05-25 23:45:37.577 +03:00 [INF] Executing endpoint 'SmartParkingF.API.Controllers.PropertiesController.GetProperties (SmartParkingF.API)'
2026-05-25 23:45:37.578 +03:00 [INF] Executing endpoint 'SmartParkingF.API.Controllers.PropertiesController.GetProperties (SmartParkingF.API)'
2026-05-25 23:45:37.579 +03:00 [INF] Route matched with {action = "GetProperties", controller = "Properties"}. Executing controller action with signature System.Threading.Tasks.Task`1[Microsoft.AspNetCore.Mvc.IActionResult] GetProperties() on controller SmartParkingF.API.Controllers.PropertiesController (SmartParkingF.API).
2026-05-25 23:45:37.580 +03:00 [INF] Route matched with {action = "GetProperties", controller = "Properties"}. Executing controller action with signature System.Threading.Tasks.Task`1[Microsoft.AspNetCore.Mvc.IActionResult] GetProperties() on controller SmartParkingF.API.Controllers.PropertiesController (SmartParkingF.API).
2026-05-25 23:45:37.586 +03:00 [INF] Executed DbCommand (3ms) [Parameters=[], CommandType='"Text"', CommandTimeout='30']
SELECT [p].[Id], [p].[Bathrooms], [p].[Bedrooms], [p].[CreatedAt], [p].[Description], [p].[HasSmartParking], [p].[ImageUrl], [p].[Location], [p].[Name], [p].[Price], [p].[PricePerHour], [p].[PricePerNight], [p].[Rating], [p].[Title], [p].[TotalSpots]
FROM [Properties] AS [p]
2026-05-25 23:45:37.586 +03:00 [INF] Executed DbCommand (1ms) [Parameters=[], CommandType='"Text"', CommandTimeout='30']
SELECT [p].[Id], [p].[Bathrooms], [p].[Bedrooms], [p].[CreatedAt], [p].[Description], [p].[HasSmartParking], [p].[ImageUrl], [p].[Location], [p].[Name], [p].[Price], [p].[PricePerHour], [p].[PricePerNight], [p].[Rating], [p].[Title], [p].[TotalSpots]
FROM [Properties] AS [p]
2026-05-25 23:45:37.588 +03:00 [INF] Executing OkObjectResult, writing value of type 'System.Collections.Generic.List`1[[SmartParkingF.API.Models.Property, SmartParkingF.API, Version=1.0.0.0, Culture=neutral, PublicKeyToken=null]]'.
2026-05-25 23:45:37.590 +03:00 [INF] Executing OkObjectResult, writing value of type 'System.Collections.Generic.List`1[[SmartParkingF.API.Models.Property, SmartParkingF.API, Version=1.0.0.0, Culture=neutral, PublicKeyToken=null]]'.
2026-05-25 23:45:37.592 +03:00 [INF] Executed action SmartParkingF.API.Controllers.PropertiesController.GetProperties (SmartParkingF.API) in 10.1145ms
2026-05-25 23:45:37.593 +03:00 [INF] Executed action SmartParkingF.API.Controllers.PropertiesController.GetProperties (SmartParkingF.API) in 9.4886ms
2026-05-25 23:45:37.595 +03:00 [INF] Executed endpoint 'SmartParkingF.API.Controllers.PropertiesController.GetProperties (SmartParkingF.API)'
2026-05-25 23:45:37.596 +03:00 [INF] Executed endpoint 'SmartParkingF.API.Controllers.PropertiesController.GetProperties (SmartParkingF.API)'
2026-05-25 23:45:37.598 +03:00 [INF] HTTP GET /api/Properties responded 200 in 24.9589 ms
2026-05-25 23:45:37.599 +03:00 [INF] HTTP GET /api/Properties responded 200 in 22.9352 ms
2026-05-25 23:45:37.601 +03:00 [INF] Request finished HTTP/2 GET https://localhost:7144/api/Properties - 499 null application/json; charset=utf-8 32.9242ms
2026-05-25 23:45:37.603 +03:00 [INF] Request finished HTTP/2 GET https://localhost:7144/api/Properties - 200 null application/json; charset=utf-8 33.9851ms
2026-05-25 23:45:40.390 +03:00 [INF] Request starting HTTP/2 OPTIONS https://localhost:7144/api/ParkingSpots - null null
2026-05-25 23:45:40.391 +03:00 [INF] Request starting HTTP/2 OPTIONS https://localhost:7144/api/ParkingSpots - null null
2026-05-25 23:45:40.396 +03:00 [INF] CORS policy execution successful.
2026-05-25 23:45:40.401 +03:00 [INF] CORS policy execution successful.
2026-05-25 23:45:40.403 +03:00 [INF] HTTP OPTIONS /api/ParkingSpots responded 204 in 6.5626 ms
2026-05-25 23:45:40.404 +03:00 [INF] HTTP OPTIONS /api/ParkingSpots responded 204 in 2.8405 ms
2026-05-25 23:45:40.407 +03:00 [INF] Request finished HTTP/2 OPTIONS https://localhost:7144/api/ParkingSpots - 204 null null 16.7956ms
2026-05-25 23:45:40.409 +03:00 [INF] Request finished HTTP/2 OPTIONS https://localhost:7144/api/ParkingSpots - 204 null null 18.4449ms
2026-05-25 23:45:40.408 +03:00 [INF] Request starting HTTP/2 GET https://localhost:7144/api/ParkingSpots - null null
2026-05-25 23:45:40.421 +03:00 [INF] CORS policy execution successful.
2026-05-25 23:45:40.422 +03:00 [INF] Executing endpoint 'SmartParkingF.API.Controllers.ParkingSpotsController.GetAll (SmartParkingF.API)'
2026-05-25 23:45:40.423 +03:00 [INF] Route matched with {action = "GetAll", controller = "ParkingSpots"}. Executing controller action with signature System.Threading.Tasks.Task`1[Microsoft.AspNetCore.Mvc.ActionResult`1[System.Collections.Generic.IEnumerable`1[SmartParkingF.API.Models.ParkingSpot]]] GetAll() on controller SmartParkingF.API.Controllers.ParkingSpotsController (SmartParkingF.API).
2026-05-25 23:45:40.427 +03:00 [INF] Executed DbCommand (1ms) [Parameters=[], CommandType='"Text"', CommandTimeout='30']
SELECT [p].[Id], [p].[Location], [p].[PricePerHour], [p].[PricePerNight], [p].[PropertyId], [p].[SpotNumber], [p].[Status], [p].[Zone]
FROM [ParkingSpots] AS [p]
2026-05-25 23:45:40.430 +03:00 [INF] Executing ObjectResult, writing value of type 'System.Collections.Generic.List`1[[SmartParkingF.API.Models.ParkingSpot, SmartParkingF.API, Version=1.0.0.0, Culture=neutral, PublicKeyToken=null]]'.
2026-05-25 23:45:40.432 +03:00 [INF] Executed action SmartParkingF.API.Controllers.ParkingSpotsController.GetAll (SmartParkingF.API) in 7.1958ms
2026-05-25 23:45:40.434 +03:00 [INF] Request starting HTTP/2 GET https://localhost:7144/api/ParkingSpots - null null
2026-05-25 23:45:40.434 +03:00 [INF] Executed endpoint 'SmartParkingF.API.Controllers.ParkingSpotsController.GetAll (SmartParkingF.API)'
2026-05-25 23:45:40.438 +03:00 [INF] HTTP GET /api/ParkingSpots responded 200 in 16.7706 ms
2026-05-25 23:45:40.437 +03:00 [INF] CORS policy execution successful.
2026-05-25 23:45:40.440 +03:00 [INF] Request finished HTTP/2 GET https://localhost:7144/api/ParkingSpots - 200 null application/json; charset=utf-8 31.4345ms
2026-05-25 23:45:40.441 +03:00 [INF] Executing endpoint 'SmartParkingF.API.Controllers.ParkingSpotsController.GetAll (SmartParkingF.API)'
2026-05-25 23:45:40.445 +03:00 [INF] Route matched with {action = "GetAll", controller = "ParkingSpots"}. Executing controller action with signature System.Threading.Tasks.Task`1[Microsoft.AspNetCore.Mvc.ActionResult`1[System.Collections.Generic.IEnumerable`1[SmartParkingF.API.Models.ParkingSpot]]] GetAll() on controller SmartParkingF.API.Controllers.ParkingSpotsController (SmartParkingF.API).
2026-05-25 23:45:40.449 +03:00 [INF] Executed DbCommand (1ms) [Parameters=[], CommandType='"Text"', CommandTimeout='30']
SELECT [p].[Id], [p].[Location], [p].[PricePerHour], [p].[PricePerNight], [p].[PropertyId], [p].[SpotNumber], [p].[Status], [p].[Zone]
FROM [ParkingSpots] AS [p]
2026-05-25 23:45:40.452 +03:00 [INF] Executing ObjectResult, writing value of type 'System.Collections.Generic.List`1[[SmartParkingF.API.Models.ParkingSpot, SmartParkingF.API, Version=1.0.0.0, Culture=neutral, PublicKeyToken=null]]'.
2026-05-25 23:45:40.453 +03:00 [INF] Executed action SmartParkingF.API.Controllers.ParkingSpotsController.GetAll (SmartParkingF.API) in 6.2937ms
2026-05-25 23:45:40.454 +03:00 [INF] Executed endpoint 'SmartParkingF.API.Controllers.ParkingSpotsController.GetAll (SmartParkingF.API)'
2026-05-25 23:45:40.456 +03:00 [INF] HTTP GET /api/ParkingSpots responded 200 in 18.7422 ms
2026-05-25 23:45:40.457 +03:00 [INF] Request finished HTTP/2 GET https://localhost:7144/api/ParkingSpots - 200 null application/json; charset=utf-8 23.3212ms
