2026-05-26 00:15:44.152 +03:00 [INF] Executed DbCommand (17ms) [Parameters=[], CommandType='"Text"', CommandTimeout='30']
SELECT 1
2026-05-26 00:15:44.194 +03:00 [INF] Acquiring an exclusive lock for migration application. See https://aka.ms/efcore-docs-migrations-lock for more information if this takes too long.
2026-05-26 00:15:44.212 +03:00 [INF] Executed DbCommand (15ms) [Parameters=[], CommandType='"Text"', CommandTimeout='30']
DECLARE @result int;
EXEC @result = sp_getapplock @Resource = '__EFMigrationsLock', @LockOwner = 'Session', @LockMode = 'Exclusive';
SELECT @result
2026-05-26 00:15:44.273 +03:00 [INF] Executed DbCommand (2ms) [Parameters=[], CommandType='"Text"', CommandTimeout='30']
IF OBJECT_ID(N'[__EFMigrationsHistory]') IS NULL
BEGIN
    CREATE TABLE [__EFMigrationsHistory] (
        [MigrationId] nvarchar(150) NOT NULL,
        [ProductVersion] nvarchar(32) NOT NULL,
        CONSTRAINT [PK___EFMigrationsHistory] PRIMARY KEY ([MigrationId])
    );
END;
2026-05-26 00:15:44.282 +03:00 [INF] Executed DbCommand (0ms) [Parameters=[], CommandType='"Text"', CommandTimeout='30']
SELECT 1
2026-05-26 00:15:44.283 +03:00 [INF] Executed DbCommand (1ms) [Parameters=[], CommandType='"Text"', CommandTimeout='30']
SELECT OBJECT_ID(N'[__EFMigrationsHistory]');
2026-05-26 00:15:44.298 +03:00 [INF] Executed DbCommand (12ms) [Parameters=[], CommandType='"Text"', CommandTimeout='30']
SELECT [MigrationId], [ProductVersion]
FROM [__EFMigrationsHistory]
ORDER BY [MigrationId];
2026-05-26 00:15:44.309 +03:00 [INF] Applying migration '20260525211529_AddSalesTable'.
2026-05-26 00:15:44.352 +03:00 [INF] Executed DbCommand (9ms) [Parameters=[], CommandType='"Text"', CommandTimeout='30']
ALTER TABLE [Properties] ADD [IsSold] bit NOT NULL DEFAULT CAST(0 AS bit);
2026-05-26 00:15:44.355 +03:00 [INF] Executed DbCommand (3ms) [Parameters=[], CommandType='"Text"', CommandTimeout='30']
ALTER TABLE [Properties] ADD [ListingType] nvarchar(max) NOT NULL DEFAULT N'';
2026-05-26 00:15:44.357 +03:00 [INF] Executed DbCommand (1ms) [Parameters=[], CommandType='"Text"', CommandTimeout='30']
ALTER TABLE [Properties] ADD [SalePrice] decimal(18,2) NULL;
2026-05-26 00:15:44.362 +03:00 [INF] Executed DbCommand (5ms) [Parameters=[], CommandType='"Text"', CommandTimeout='30']
CREATE TABLE [Sales] (
    [Id] int NOT NULL IDENTITY,
    [PropertyId] int NOT NULL,
    [BuyerId] int NOT NULL,
    [SalePrice] decimal(18,2) NOT NULL,
    [PaymentMethod] nvarchar(max) NOT NULL,
    [Status] nvarchar(max) NOT NULL,
    [CreatedAt] datetime2 NOT NULL,
    [CompletedAt] datetime2 NULL,
    CONSTRAINT [PK_Sales] PRIMARY KEY ([Id]),
    CONSTRAINT [FK_Sales_Properties_PropertyId] FOREIGN KEY ([PropertyId]) REFERENCES [Properties] ([Id]) ON DELETE NO ACTION,
    CONSTRAINT [FK_Sales_Users_BuyerId] FOREIGN KEY ([BuyerId]) REFERENCES [Users] ([Id]) ON DELETE NO ACTION
);
2026-05-26 00:15:44.366 +03:00 [INF] Executed DbCommand (4ms) [Parameters=[], CommandType='"Text"', CommandTimeout='30']
UPDATE [Properties] SET [IsSold] = CAST(0 AS bit), [ListingType] = N'Both', [SalePrice] = 2500000.0
WHERE [Id] = 1;
SELECT @@ROWCOUNT;
2026-05-26 00:15:44.367 +03:00 [INF] Executed DbCommand (1ms) [Parameters=[], CommandType='"Text"', CommandTimeout='30']
CREATE INDEX [IX_Sales_BuyerId] ON [Sales] ([BuyerId]);
2026-05-26 00:15:44.369 +03:00 [INF] Executed DbCommand (1ms) [Parameters=[], CommandType='"Text"', CommandTimeout='30']
CREATE INDEX [IX_Sales_PropertyId] ON [Sales] ([PropertyId]);
2026-05-26 00:15:44.371 +03:00 [INF] Executed DbCommand (2ms) [Parameters=[], CommandType='"Text"', CommandTimeout='30']
INSERT INTO [__EFMigrationsHistory] ([MigrationId], [ProductVersion])
VALUES (N'20260525211529_AddSalesTable', N'10.0.7');
2026-05-26 00:15:44.374 +03:00 [INF] Executed DbCommand (1ms) [Parameters=[], CommandType='"Text"', CommandTimeout='30']
DECLARE @result int;
EXEC @result = sp_releaseapplock @Resource = '__EFMigrationsLock', @LockOwner = 'Session';
SELECT @result
2026-05-26 00:15:52.980 +03:00 [INF] Executed DbCommand (18ms) [Parameters=[], CommandType='"Text"', CommandTimeout='30']
SELECT 1
2026-05-26 00:15:53.031 +03:00 [INF] Executed DbCommand (11ms) [Parameters=[], CommandType='"Text"', CommandTimeout='30']
SELECT OBJECT_ID(N'[__EFMigrationsHistory]');
2026-05-26 00:15:53.048 +03:00 [INF] Executed DbCommand (8ms) [Parameters=[], CommandType='"Text"', CommandTimeout='30']
SELECT [MigrationId], [ProductVersion]
FROM [__EFMigrationsHistory]
ORDER BY [MigrationId];
2026-05-26 00:16:08.859 +03:00 [INF] Executed DbCommand (17ms) [Parameters=[], CommandType='"Text"', CommandTimeout='30']
SELECT 1
2026-05-26 00:16:08.898 +03:00 [INF] Acquiring an exclusive lock for migration application. See https://aka.ms/efcore-docs-migrations-lock for more information if this takes too long.
2026-05-26 00:16:08.914 +03:00 [INF] Executed DbCommand (14ms) [Parameters=[], CommandType='"Text"', CommandTimeout='30']
DECLARE @result int;
EXEC @result = sp_getapplock @Resource = '__EFMigrationsLock', @LockOwner = 'Session', @LockMode = 'Exclusive';
SELECT @result
2026-05-26 00:16:08.971 +03:00 [INF] Executed DbCommand (2ms) [Parameters=[], CommandType='"Text"', CommandTimeout='30']
IF OBJECT_ID(N'[__EFMigrationsHistory]') IS NULL
BEGIN
    CREATE TABLE [__EFMigrationsHistory] (
        [MigrationId] nvarchar(150) NOT NULL,
        [ProductVersion] nvarchar(32) NOT NULL,
        CONSTRAINT [PK___EFMigrationsHistory] PRIMARY KEY ([MigrationId])
    );
END;
2026-05-26 00:16:08.980 +03:00 [INF] Executed DbCommand (0ms) [Parameters=[], CommandType='"Text"', CommandTimeout='30']
SELECT 1
2026-05-26 00:16:08.980 +03:00 [INF] Executed DbCommand (0ms) [Parameters=[], CommandType='"Text"', CommandTimeout='30']
SELECT OBJECT_ID(N'[__EFMigrationsHistory]');
2026-05-26 00:16:08.990 +03:00 [INF] Executed DbCommand (7ms) [Parameters=[], CommandType='"Text"', CommandTimeout='30']
SELECT [MigrationId], [ProductVersion]
FROM [__EFMigrationsHistory]
ORDER BY [MigrationId];
2026-05-26 00:16:08.998 +03:00 [INF] No migrations were applied. The database is already up to date.
2026-05-26 00:16:09.000 +03:00 [INF] Executed DbCommand (1ms) [Parameters=[], CommandType='"Text"', CommandTimeout='30']
DECLARE @result int;
EXEC @result = sp_releaseapplock @Resource = '__EFMigrationsLock', @LockOwner = 'Session';
SELECT @result
2026-05-26 00:21:54.351 +03:00 [INF] Executed DbCommand (27ms) [Parameters=[], CommandType='"Text"', CommandTimeout='30']
SELECT 1
2026-05-26 00:21:54.451 +03:00 [INF] Acquiring an exclusive lock for migration application. See https://aka.ms/efcore-docs-migrations-lock for more information if this takes too long.
2026-05-26 00:21:54.476 +03:00 [INF] Executed DbCommand (20ms) [Parameters=[], CommandType='"Text"', CommandTimeout='30']
DECLARE @result int;
EXEC @result = sp_getapplock @Resource = '__EFMigrationsLock', @LockOwner = 'Session', @LockMode = 'Exclusive';
SELECT @result
2026-05-26 00:21:54.561 +03:00 [INF] Executed DbCommand (3ms) [Parameters=[], CommandType='"Text"', CommandTimeout='30']
IF OBJECT_ID(N'[__EFMigrationsHistory]') IS NULL
BEGIN
    CREATE TABLE [__EFMigrationsHistory] (
        [MigrationId] nvarchar(150) NOT NULL,
        [ProductVersion] nvarchar(32) NOT NULL,
        CONSTRAINT [PK___EFMigrationsHistory] PRIMARY KEY ([MigrationId])
    );
END;
2026-05-26 00:21:54.574 +03:00 [INF] Executed DbCommand (0ms) [Parameters=[], CommandType='"Text"', CommandTimeout='30']
SELECT 1
2026-05-26 00:21:54.578 +03:00 [INF] Executed DbCommand (0ms) [Parameters=[], CommandType='"Text"', CommandTimeout='30']
SELECT OBJECT_ID(N'[__EFMigrationsHistory]');
2026-05-26 00:21:54.593 +03:00 [INF] Executed DbCommand (9ms) [Parameters=[], CommandType='"Text"', CommandTimeout='30']
SELECT [MigrationId], [ProductVersion]
FROM [__EFMigrationsHistory]
ORDER BY [MigrationId];
2026-05-26 00:21:54.606 +03:00 [INF] No migrations were applied. The database is already up to date.
2026-05-26 00:21:54.609 +03:00 [INF] Executed DbCommand (1ms) [Parameters=[], CommandType='"Text"', CommandTimeout='30']
DECLARE @result int;
EXEC @result = sp_releaseapplock @Resource = '__EFMigrationsLock', @LockOwner = 'Session';
SELECT @result
2026-05-26 00:21:54.881 +03:00 [INF] Executed DbCommand (5ms) [Parameters=[], CommandType='"Text"', CommandTimeout='30']
SELECT CASE
    WHEN EXISTS (
        SELECT 1
        FROM [Users] AS [u]) THEN CAST(1 AS bit)
    ELSE CAST(0 AS bit)
END
2026-05-26 00:21:54.892 +03:00 [INF] Executed DbCommand (3ms) [Parameters=[], CommandType='"Text"', CommandTimeout='30']
SELECT CASE
    WHEN EXISTS (
        SELECT 1
        FROM [Properties] AS [p]) THEN CAST(1 AS bit)
    ELSE CAST(0 AS bit)
END
2026-05-26 00:21:54.904 +03:00 [WRN] The query uses the 'First'/'FirstOrDefault' operator without 'OrderBy' and filter operators. This may lead to unpredictable results.
2026-05-26 00:21:54.952 +03:00 [INF] Executed DbCommand (2ms) [Parameters=[], CommandType='"Text"', CommandTimeout='30']
SELECT TOP(1) [p].[Id], [p].[Bathrooms], [p].[Bedrooms], [p].[CreatedAt], [p].[Description], [p].[HasSmartParking], [p].[ImageUrl], [p].[IsSold], [p].[ListingType], [p].[Location], [p].[Name], [p].[Price], [p].[PricePerHour], [p].[PricePerNight], [p].[Rating], [p].[SalePrice], [p].[Title], [p].[TotalSpots]
FROM [Properties] AS [p]
2026-05-26 00:21:55.102 +03:00 [INF] Executed DbCommand (3ms) [Parameters=[], CommandType='"Text"', CommandTimeout='30']
SELECT COUNT(*)
FROM [ParkingSpots] AS [p]
2026-05-26 00:21:55.112 +03:00 [INF] Executed DbCommand (3ms) [Parameters=[], CommandType='"Text"', CommandTimeout='30']
SELECT CASE
    WHEN EXISTS (
        SELECT 1
        FROM [Reservations] AS [r]) THEN CAST(1 AS bit)
    ELSE CAST(0 AS bit)
END
2026-05-26 00:21:55.146 +03:00 [INF] User profile is available. Using 'C:\Users\DELL\AppData\Local\ASP.NET\DataProtection-Keys' as key repository and Windows DPAPI to encrypt keys at rest.
2026-05-26 00:21:55.430 +03:00 [INF] Now listening on: https://localhost:7144
2026-05-26 00:21:55.432 +03:00 [INF] Now listening on: http://localhost:5144
2026-05-26 00:21:55.509 +03:00 [INF] Application started. Press Ctrl+C to shut down.
2026-05-26 00:21:55.511 +03:00 [INF] Hosting environment: Development
2026-05-26 00:21:55.513 +03:00 [INF] Content root path: C:\Users\DELL\OneDrive\Desktop\New folder (3) (3)\New folder (3)\SmartParkingandProperty\SmartParkingF.API-main\SmartParkingF.API-main
2026-05-26 00:22:25.301 +03:00 [INF] Executed DbCommand (23ms) [Parameters=[], CommandType='"Text"', CommandTimeout='30']
SELECT 1
2026-05-26 00:22:25.365 +03:00 [INF] Acquiring an exclusive lock for migration application. See https://aka.ms/efcore-docs-migrations-lock for more information if this takes too long.
2026-05-26 00:22:25.390 +03:00 [INF] Executed DbCommand (19ms) [Parameters=[], CommandType='"Text"', CommandTimeout='30']
DECLARE @result int;
EXEC @result = sp_getapplock @Resource = '__EFMigrationsLock', @LockOwner = 'Session', @LockMode = 'Exclusive';
SELECT @result
2026-05-26 00:22:25.491 +03:00 [INF] Executed DbCommand (2ms) [Parameters=[], CommandType='"Text"', CommandTimeout='30']
IF OBJECT_ID(N'[__EFMigrationsHistory]') IS NULL
BEGIN
    CREATE TABLE [__EFMigrationsHistory] (
        [MigrationId] nvarchar(150) NOT NULL,
        [ProductVersion] nvarchar(32) NOT NULL,
        CONSTRAINT [PK___EFMigrationsHistory] PRIMARY KEY ([MigrationId])
    );
END;
2026-05-26 00:22:25.504 +03:00 [INF] Executed DbCommand (0ms) [Parameters=[], CommandType='"Text"', CommandTimeout='30']
SELECT 1
2026-05-26 00:22:25.507 +03:00 [INF] Executed DbCommand (0ms) [Parameters=[], CommandType='"Text"', CommandTimeout='30']
SELECT OBJECT_ID(N'[__EFMigrationsHistory]');
2026-05-26 00:22:25.518 +03:00 [INF] Executed DbCommand (7ms) [Parameters=[], CommandType='"Text"', CommandTimeout='30']
SELECT [MigrationId], [ProductVersion]
FROM [__EFMigrationsHistory]
ORDER BY [MigrationId];
2026-05-26 00:22:25.531 +03:00 [INF] No migrations were applied. The database is already up to date.
2026-05-26 00:22:25.534 +03:00 [INF] Executed DbCommand (1ms) [Parameters=[], CommandType='"Text"', CommandTimeout='30']
DECLARE @result int;
EXEC @result = sp_releaseapplock @Resource = '__EFMigrationsLock', @LockOwner = 'Session';
SELECT @result
2026-05-26 00:22:25.798 +03:00 [INF] Executed DbCommand (5ms) [Parameters=[], CommandType='"Text"', CommandTimeout='30']
SELECT CASE
    WHEN EXISTS (
        SELECT 1
        FROM [Users] AS [u]) THEN CAST(1 AS bit)
    ELSE CAST(0 AS bit)
END
2026-05-26 00:22:25.809 +03:00 [INF] Executed DbCommand (2ms) [Parameters=[], CommandType='"Text"', CommandTimeout='30']
SELECT CASE
    WHEN EXISTS (
        SELECT 1
        FROM [Properties] AS [p]) THEN CAST(1 AS bit)
    ELSE CAST(0 AS bit)
END
2026-05-26 00:22:25.821 +03:00 [WRN] The query uses the 'First'/'FirstOrDefault' operator without 'OrderBy' and filter operators. This may lead to unpredictable results.
2026-05-26 00:22:25.873 +03:00 [INF] Executed DbCommand (2ms) [Parameters=[], CommandType='"Text"', CommandTimeout='30']
SELECT TOP(1) [p].[Id], [p].[Bathrooms], [p].[Bedrooms], [p].[CreatedAt], [p].[Description], [p].[HasSmartParking], [p].[ImageUrl], [p].[IsSold], [p].[ListingType], [p].[Location], [p].[Name], [p].[Price], [p].[PricePerHour], [p].[PricePerNight], [p].[Rating], [p].[SalePrice], [p].[Title], [p].[TotalSpots]
FROM [Properties] AS [p]
2026-05-26 00:22:25.994 +03:00 [INF] Executed DbCommand (3ms) [Parameters=[], CommandType='"Text"', CommandTimeout='30']
SELECT COUNT(*)
FROM [ParkingSpots] AS [p]
2026-05-26 00:22:26.004 +03:00 [INF] Executed DbCommand (3ms) [Parameters=[], CommandType='"Text"', CommandTimeout='30']
SELECT CASE
    WHEN EXISTS (
        SELECT 1
        FROM [Reservations] AS [r]) THEN CAST(1 AS bit)
    ELSE CAST(0 AS bit)
END
2026-05-26 00:22:26.038 +03:00 [INF] User profile is available. Using 'C:\Users\DELL\AppData\Local\ASP.NET\DataProtection-Keys' as key repository and Windows DPAPI to encrypt keys at rest.
2026-05-26 00:22:26.294 +03:00 [INF] Now listening on: https://localhost:7144
2026-05-26 00:22:26.296 +03:00 [INF] Now listening on: http://localhost:5144
2026-05-26 00:22:26.375 +03:00 [INF] Application started. Press Ctrl+C to shut down.
2026-05-26 00:22:26.377 +03:00 [INF] Hosting environment: Development
2026-05-26 00:22:26.379 +03:00 [INF] Content root path: C:\Users\DELL\OneDrive\Desktop\New folder (3) (3)\New folder (3)\SmartParkingandProperty\SmartParkingF.API-main\SmartParkingF.API-main
2026-05-26 00:44:34.667 +03:00 [INF] Request starting HTTP/2 GET https://localhost:7144/api/Properties - null null
2026-05-26 00:44:34.714 +03:00 [INF] CORS policy execution successful.
2026-05-26 00:44:34.809 +03:00 [INF] Executing endpoint 'SmartParkingF.API.Controllers.PropertiesController.GetProperties (SmartParkingF.API)'
2026-05-26 00:44:34.832 +03:00 [INF] Route matched with {action = "GetProperties", controller = "Properties"}. Executing controller action with signature System.Threading.Tasks.Task`1[Microsoft.AspNetCore.Mvc.IActionResult] GetProperties() on controller SmartParkingF.API.Controllers.PropertiesController (SmartParkingF.API).
2026-05-26 00:44:34.976 +03:00 [INF] Executed DbCommand (27ms) [Parameters=[], CommandType='"Text"', CommandTimeout='30']
SELECT [p].[Id], [p].[Bathrooms], [p].[Bedrooms], [p].[CreatedAt], [p].[Description], [p].[HasSmartParking], [p].[ImageUrl], [p].[IsSold], [p].[ListingType], [p].[Location], [p].[Name], [p].[Price], [p].[PricePerHour], [p].[PricePerNight], [p].[Rating], [p].[SalePrice], [p].[Title], [p].[TotalSpots]
FROM [Properties] AS [p]
2026-05-26 00:44:35.004 +03:00 [INF] Executing OkObjectResult, writing value of type 'System.Collections.Generic.List`1[[SmartParkingF.API.Models.Property, SmartParkingF.API, Version=1.0.0.0, Culture=neutral, PublicKeyToken=null]]'.
2026-05-26 00:44:35.061 +03:00 [INF] Executed action SmartParkingF.API.Controllers.PropertiesController.GetProperties (SmartParkingF.API) in 221.4761ms
2026-05-26 00:44:35.065 +03:00 [INF] Executed endpoint 'SmartParkingF.API.Controllers.PropertiesController.GetProperties (SmartParkingF.API)'
2026-05-26 00:44:35.070 +03:00 [INF] HTTP GET /api/Properties responded 200 in 356.9120 ms
2026-05-26 00:44:35.082 +03:00 [INF] Request finished HTTP/2 GET https://localhost:7144/api/Properties - 200 null application/json; charset=utf-8 426.7486ms
2026-05-26 00:44:42.334 +03:00 [INF] Request starting HTTP/2 OPTIONS https://localhost:7144/api/ParkingSpots - null null
2026-05-26 00:44:42.334 +03:00 [INF] Request starting HTTP/2 OPTIONS https://localhost:7144/api/ParkingSpots - null null
2026-05-26 00:44:42.339 +03:00 [INF] CORS policy execution successful.
2026-05-26 00:44:42.341 +03:00 [INF] CORS policy execution successful.
2026-05-26 00:44:42.343 +03:00 [INF] HTTP OPTIONS /api/ParkingSpots responded 204 in 4.3430 ms
2026-05-26 00:44:42.343 +03:00 [INF] HTTP OPTIONS /api/ParkingSpots responded 204 in 1.7155 ms
2026-05-26 00:44:42.345 +03:00 [INF] Request finished HTTP/2 OPTIONS https://localhost:7144/api/ParkingSpots - 204 null null 11.7849ms
2026-05-26 00:44:42.347 +03:00 [INF] Request finished HTTP/2 OPTIONS https://localhost:7144/api/ParkingSpots - 204 null null 13.7466ms
2026-05-26 00:44:42.348 +03:00 [INF] Request starting HTTP/2 GET https://localhost:7144/api/ParkingSpots - null null
2026-05-26 00:44:42.355 +03:00 [INF] CORS policy execution successful.
2026-05-26 00:44:42.484 +03:00 [INF] Executing endpoint 'SmartParkingF.API.Controllers.ParkingSpotsController.GetAll (SmartParkingF.API)'
2026-05-26 00:44:42.504 +03:00 [INF] Route matched with {action = "GetAll", controller = "ParkingSpots"}. Executing controller action with signature System.Threading.Tasks.Task`1[Microsoft.AspNetCore.Mvc.ActionResult`1[System.Collections.Generic.IEnumerable`1[SmartParkingF.API.Models.ParkingSpot]]] GetAll() on controller SmartParkingF.API.Controllers.ParkingSpotsController (SmartParkingF.API).
2026-05-26 00:44:42.606 +03:00 [INF] Executed DbCommand (5ms) [Parameters=[], CommandType='"Text"', CommandTimeout='30']
SELECT [p].[Id], [p].[Location], [p].[PricePerHour], [p].[PricePerNight], [p].[PropertyId], [p].[SpotNumber], [p].[Status], [p].[Zone]
FROM [ParkingSpots] AS [p]
2026-05-26 00:44:42.635 +03:00 [INF] Executing ObjectResult, writing value of type 'System.Collections.Generic.List`1[[SmartParkingF.API.Models.ParkingSpot, SmartParkingF.API, Version=1.0.0.0, Culture=neutral, PublicKeyToken=null]]'.
2026-05-26 00:44:42.653 +03:00 [INF] Request starting HTTP/2 GET https://localhost:7144/api/ParkingSpots - null null
2026-05-26 00:44:42.656 +03:00 [INF] Executed action SmartParkingF.API.Controllers.ParkingSpotsController.GetAll (SmartParkingF.API) in 148.9591ms
2026-05-26 00:44:42.656 +03:00 [INF] CORS policy execution successful.
2026-05-26 00:44:42.658 +03:00 [INF] Executed endpoint 'SmartParkingF.API.Controllers.ParkingSpotsController.GetAll (SmartParkingF.API)'
2026-05-26 00:44:42.660 +03:00 [INF] HTTP GET /api/ParkingSpots responded 200 in 305.0418 ms
2026-05-26 00:44:42.663 +03:00 [INF] Request finished HTTP/2 GET https://localhost:7144/api/ParkingSpots - 200 null application/json; charset=utf-8 314.8324ms
2026-05-26 00:44:42.666 +03:00 [INF] Executing endpoint 'SmartParkingF.API.Controllers.ParkingSpotsController.GetAll (SmartParkingF.API)'
2026-05-26 00:44:42.669 +03:00 [INF] Route matched with {action = "GetAll", controller = "ParkingSpots"}. Executing controller action with signature System.Threading.Tasks.Task`1[Microsoft.AspNetCore.Mvc.ActionResult`1[System.Collections.Generic.IEnumerable`1[SmartParkingF.API.Models.ParkingSpot]]] GetAll() on controller SmartParkingF.API.Controllers.ParkingSpotsController (SmartParkingF.API).
2026-05-26 00:44:42.673 +03:00 [INF] Executed DbCommand (1ms) [Parameters=[], CommandType='"Text"', CommandTimeout='30']
SELECT [p].[Id], [p].[Location], [p].[PricePerHour], [p].[PricePerNight], [p].[PropertyId], [p].[SpotNumber], [p].[Status], [p].[Zone]
FROM [ParkingSpots] AS [p]
2026-05-26 00:44:42.678 +03:00 [INF] Executing ObjectResult, writing value of type 'System.Collections.Generic.List`1[[SmartParkingF.API.Models.ParkingSpot, SmartParkingF.API, Version=1.0.0.0, Culture=neutral, PublicKeyToken=null]]'.
2026-05-26 00:44:42.681 +03:00 [INF] Executed action SmartParkingF.API.Controllers.ParkingSpotsController.GetAll (SmartParkingF.API) in 10.1858ms
2026-05-26 00:44:42.683 +03:00 [INF] Executed endpoint 'SmartParkingF.API.Controllers.ParkingSpotsController.GetAll (SmartParkingF.API)'
2026-05-26 00:44:42.684 +03:00 [INF] HTTP GET /api/ParkingSpots responded 200 in 27.5372 ms
2026-05-26 00:44:42.686 +03:00 [INF] Request finished HTTP/2 GET https://localhost:7144/api/ParkingSpots - 200 null application/json; charset=utf-8 33.1067ms
2026-05-26 00:44:44.412 +03:00 [INF] Request starting HTTP/2 GET https://localhost:7144/api/dashboard/stats - null null
2026-05-26 00:44:44.417 +03:00 [INF] CORS policy execution successful.
2026-05-26 00:44:44.418 +03:00 [INF] Executing endpoint 'SmartParkingF.API.Controllers.DashboardController.GetStats (SmartParkingF.API)'
2026-05-26 00:44:44.433 +03:00 [INF] Route matched with {action = "GetStats", controller = "Dashboard"}. Executing controller action with signature System.Threading.Tasks.Task`1[Microsoft.AspNetCore.Mvc.IActionResult] GetStats() on controller SmartParkingF.API.Controllers.DashboardController (SmartParkingF.API).
2026-05-26 00:44:44.504 +03:00 [INF] Executed DbCommand (8ms) [Parameters=[], CommandType='"Text"', CommandTimeout='30']
SELECT COALESCE(SUM([r].[TotalPrice]), 0.0)
FROM [Reservations] AS [r]
WHERE [r].[Status] = N'Confirmed'
2026-05-26 00:44:44.528 +03:00 [INF] Executed DbCommand (4ms) [Parameters=[], CommandType='"Text"', CommandTimeout='30']
SELECT COUNT(*)
FROM [Reservations] AS [r]
WHERE [r].[Status] = N'Confirmed'
2026-05-26 00:44:44.548 +03:00 [INF] Executed DbCommand (6ms) [Parameters=[], CommandType='"Text"', CommandTimeout='30']
SELECT COUNT(*)
FROM [ParkingSpots] AS [p]
2026-05-26 00:44:44.560 +03:00 [INF] Executed DbCommand (3ms) [Parameters=[], CommandType='"Text"', CommandTimeout='30']
SELECT COUNT(*)
FROM [ParkingSpots] AS [p]
WHERE [p].[Status] = N'Busy'
2026-05-26 00:44:44.573 +03:00 [INF] Executed DbCommand (3ms) [Parameters=[], CommandType='"Text"', CommandTimeout='30']
SELECT COUNT(*)
FROM [Users] AS [u]
2026-05-26 00:44:44.577 +03:00 [INF] Executing OkObjectResult, writing value of type '<>f__AnonymousType0`6[[System.Decimal, System.Private.CoreLib, Version=10.0.0.0, Culture=neutral, PublicKeyToken=7cec85d7bea7798e],[System.Int32, System.Private.CoreLib, Version=10.0.0.0, Culture=neutral, PublicKeyToken=7cec85d7bea7798e],[System.Int32, System.Private.CoreLib, Version=10.0.0.0, Culture=neutral, PublicKeyToken=7cec85d7bea7798e],[System.Int32, System.Private.CoreLib, Version=10.0.0.0, Culture=neutral, PublicKeyToken=7cec85d7bea7798e],[System.Int32, System.Private.CoreLib, Version=10.0.0.0, Culture=neutral, PublicKeyToken=7cec85d7bea7798e],[System.Int32, System.Private.CoreLib, Version=10.0.0.0, Culture=neutral, PublicKeyToken=7cec85d7bea7798e]]'.
2026-05-26 00:44:44.587 +03:00 [INF] Executed action SmartParkingF.API.Controllers.DashboardController.GetStats (SmartParkingF.API) in 152.1837ms
2026-05-26 00:44:44.589 +03:00 [INF] Request starting HTTP/2 GET https://localhost:7144/api/dashboard/stats - null null
2026-05-26 00:44:44.590 +03:00 [INF] Executed endpoint 'SmartParkingF.API.Controllers.DashboardController.GetStats (SmartParkingF.API)'
2026-05-26 00:44:44.595 +03:00 [INF] CORS policy execution successful.
2026-05-26 00:44:44.597 +03:00 [INF] HTTP GET /api/dashboard/stats responded 200 in 179.9740 ms
2026-05-26 00:44:44.600 +03:00 [INF] Executing endpoint 'SmartParkingF.API.Controllers.DashboardController.GetStats (SmartParkingF.API)'
2026-05-26 00:44:44.602 +03:00 [INF] Request finished HTTP/2 GET https://localhost:7144/api/dashboard/stats - 200 null application/json; charset=utf-8 190.0765ms
2026-05-26 00:44:44.604 +03:00 [INF] Route matched with {action = "GetStats", controller = "Dashboard"}. Executing controller action with signature System.Threading.Tasks.Task`1[Microsoft.AspNetCore.Mvc.IActionResult] GetStats() on controller SmartParkingF.API.Controllers.DashboardController (SmartParkingF.API).
2026-05-26 00:44:44.614 +03:00 [INF] Executed DbCommand (1ms) [Parameters=[], CommandType='"Text"', CommandTimeout='30']
SELECT COALESCE(SUM([r].[TotalPrice]), 0.0)
FROM [Reservations] AS [r]
WHERE [r].[Status] = N'Confirmed'
2026-05-26 00:44:44.618 +03:00 [INF] Executed DbCommand (1ms) [Parameters=[], CommandType='"Text"', CommandTimeout='30']
SELECT COUNT(*)
FROM [Reservations] AS [r]
WHERE [r].[Status] = N'Confirmed'
2026-05-26 00:44:44.621 +03:00 [INF] Executed DbCommand (1ms) [Parameters=[], CommandType='"Text"', CommandTimeout='30']
SELECT COUNT(*)
FROM [ParkingSpots] AS [p]
2026-05-26 00:44:44.624 +03:00 [INF] Executed DbCommand (1ms) [Parameters=[], CommandType='"Text"', CommandTimeout='30']
SELECT COUNT(*)
FROM [ParkingSpots] AS [p]
WHERE [p].[Status] = N'Busy'
2026-05-26 00:44:44.627 +03:00 [INF] Executed DbCommand (1ms) [Parameters=[], CommandType='"Text"', CommandTimeout='30']
SELECT COUNT(*)
FROM [Users] AS [u]
2026-05-26 00:44:44.630 +03:00 [INF] Executing OkObjectResult, writing value of type '<>f__AnonymousType0`6[[System.Decimal, System.Private.CoreLib, Version=10.0.0.0, Culture=neutral, PublicKeyToken=7cec85d7bea7798e],[System.Int32, System.Private.CoreLib, Version=10.0.0.0, Culture=neutral, PublicKeyToken=7cec85d7bea7798e],[System.Int32, System.Private.CoreLib, Version=10.0.0.0, Culture=neutral, PublicKeyToken=7cec85d7bea7798e],[System.Int32, System.Private.CoreLib, Version=10.0.0.0, Culture=neutral, PublicKeyToken=7cec85d7bea7798e],[System.Int32, System.Private.CoreLib, Version=10.0.0.0, Culture=neutral, PublicKeyToken=7cec85d7bea7798e],[System.Int32, System.Private.CoreLib, Version=10.0.0.0, Culture=neutral, PublicKeyToken=7cec85d7bea7798e]]'.
2026-05-26 00:44:44.632 +03:00 [INF] Executed action SmartParkingF.API.Controllers.DashboardController.GetStats (SmartParkingF.API) in 23.3791ms
2026-05-26 00:44:44.634 +03:00 [INF] Executed endpoint 'SmartParkingF.API.Controllers.DashboardController.GetStats (SmartParkingF.API)'
2026-05-26 00:44:44.635 +03:00 [INF] HTTP GET /api/dashboard/stats responded 200 in 40.7319 ms
2026-05-26 00:44:44.638 +03:00 [INF] Request finished HTTP/2 GET https://localhost:7144/api/dashboard/stats - 200 null application/json; charset=utf-8 48.7194ms
2026-05-26 00:44:48.662 +03:00 [INF] Request starting HTTP/2 OPTIONS https://localhost:7144/api/users/logout - null null
2026-05-26 00:44:48.672 +03:00 [INF] CORS policy execution successful.
2026-05-26 00:44:48.674 +03:00 [INF] HTTP OPTIONS /api/users/logout responded 204 in 2.3107 ms
2026-05-26 00:44:48.678 +03:00 [INF] Request finished HTTP/2 OPTIONS https://localhost:7144/api/users/logout - 204 null null 16.6634ms
2026-05-26 00:44:48.684 +03:00 [INF] Request starting HTTP/2 POST https://localhost:7144/api/users/logout - null 0
2026-05-26 00:44:48.692 +03:00 [INF] CORS policy execution successful.
2026-05-26 00:44:48.703 +03:00 [INF] Executing endpoint 'SmartParkingF.API.Controllers.UsersController.Logout (SmartParkingF.API)'
2026-05-26 00:44:48.715 +03:00 [INF] Route matched with {action = "Logout", controller = "Users"}. Executing controller action with signature System.Threading.Tasks.Task`1[Microsoft.AspNetCore.Mvc.IActionResult] Logout() on controller SmartParkingF.API.Controllers.UsersController (SmartParkingF.API).
2026-05-26 00:44:48.836 +03:00 [INF] Executed DbCommand (47ms) [Parameters=[@p='?' (DbType = Int32)], CommandType='"Text"', CommandTimeout='30']
SELECT TOP(1) [u].[Id], [u].[AccountType], [u].[CarPlateNumber], [u].[CardLastFourDigits], [u].[CreatedAt], [u].[Email], [u].[FullName], [u].[HasLinkedCard], [u].[PasswordHash], [u].[Phone], [u].[RefreshToken], [u].[RefreshTokenExpiryTime], [u].[Role], [u].[Status]
FROM [Users] AS [u]
WHERE [u].[Id] = @p
2026-05-26 00:44:49.024 +03:00 [INF] Executed DbCommand (12ms) [Parameters=[@p2='?' (DbType = Int32), @p0='?' (Size = 4000), @p1='?' (DbType = DateTime2)], CommandType='"Text"', CommandTimeout='30']
SET IMPLICIT_TRANSACTIONS OFF;
SET NOCOUNT ON;
UPDATE [Users] SET [RefreshToken] = @p0, [RefreshTokenExpiryTime] = @p1
OUTPUT 1
WHERE [Id] = @p2;
2026-05-26 00:44:49.050 +03:00 [INF] Executing OkObjectResult, writing value of type '<>f__AnonymousType6`1[[System.String, System.Private.CoreLib, Version=10.0.0.0, Culture=neutral, PublicKeyToken=7cec85d7bea7798e]]'.
2026-05-26 00:44:49.054 +03:00 [INF] Executed action SmartParkingF.API.Controllers.UsersController.Logout (SmartParkingF.API) in 335.8087ms
2026-05-26 00:44:49.057 +03:00 [INF] Executed endpoint 'SmartParkingF.API.Controllers.UsersController.Logout (SmartParkingF.API)'
2026-05-26 00:44:49.059 +03:00 [INF] HTTP POST /api/users/logout responded 200 in 367.4686 ms
2026-05-26 00:44:49.063 +03:00 [INF] Request finished HTTP/2 POST https://localhost:7144/api/users/logout - 200 null application/json; charset=utf-8 378.839ms
2026-05-26 00:45:45.128 +03:00 [INF] Request starting HTTP/2 OPTIONS https://localhost:7144/api/users/login - null null
2026-05-26 00:45:45.136 +03:00 [INF] CORS policy execution successful.
2026-05-26 00:45:45.138 +03:00 [INF] HTTP OPTIONS /api/users/login responded 204 in 1.6967 ms
2026-05-26 00:45:45.141 +03:00 [INF] Request finished HTTP/2 OPTIONS https://localhost:7144/api/users/login - 204 null null 12.2888ms
2026-05-26 00:45:45.143 +03:00 [INF] Request starting HTTP/2 POST https://localhost:7144/api/users/login - application/json 54
2026-05-26 00:45:45.148 +03:00 [INF] CORS policy execution successful.
2026-05-26 00:45:45.150 +03:00 [INF] Executing endpoint 'SmartParkingF.API.Controllers.UsersController.Login (SmartParkingF.API)'
2026-05-26 00:45:45.168 +03:00 [INF] Route matched with {action = "Login", controller = "Users"}. Executing controller action with signature System.Threading.Tasks.Task`1[Microsoft.AspNetCore.Mvc.IActionResult] Login(SmartParkingF.API.Models.DTOs.LoginRequest) on controller SmartParkingF.API.Controllers.UsersController (SmartParkingF.API).
2026-05-26 00:45:45.268 +03:00 [INF] Executed DbCommand (8ms) [Parameters=[@cleanEmail='?' (Size = 450)], CommandType='"Text"', CommandTimeout='30']
SELECT TOP(1) [u].[Id], [u].[AccountType], [u].[CarPlateNumber], [u].[CardLastFourDigits], [u].[CreatedAt], [u].[Email], [u].[FullName], [u].[HasLinkedCard], [u].[PasswordHash], [u].[Phone], [u].[RefreshToken], [u].[RefreshTokenExpiryTime], [u].[Role], [u].[Status]
FROM [Users] AS [u]
WHERE LOWER([u].[Email]) = @cleanEmail AND [u].[Status] = N'Active'
2026-05-26 00:45:45.973 +03:00 [INF] Executed DbCommand (4ms) [Parameters=[@p2='?' (DbType = Int32), @p0='?' (Size = 4000), @p1='?' (DbType = DateTime2)], CommandType='"Text"', CommandTimeout='30']
SET IMPLICIT_TRANSACTIONS OFF;
SET NOCOUNT ON;
UPDATE [Users] SET [RefreshToken] = @p0, [RefreshTokenExpiryTime] = @p1
OUTPUT 1
WHERE [Id] = @p2;
2026-05-26 00:45:45.976 +03:00 [INF] User 1 logged in successfully
2026-05-26 00:45:45.979 +03:00 [INF] Executing OkObjectResult, writing value of type 'SmartParkingF.API.Models.DTOs.AuthResponse'.
2026-05-26 00:45:45.985 +03:00 [INF] Executed action SmartParkingF.API.Controllers.UsersController.Login (SmartParkingF.API) in 815.0082ms
2026-05-26 00:45:45.986 +03:00 [INF] Executed endpoint 'SmartParkingF.API.Controllers.UsersController.Login (SmartParkingF.API)'
2026-05-26 00:45:45.987 +03:00 [INF] HTTP POST /api/users/login responded 200 in 838.7798 ms
2026-05-26 00:45:45.989 +03:00 [INF] Request finished HTTP/2 POST https://localhost:7144/api/users/login - 200 null application/json; charset=utf-8 846.324ms
2026-05-26 00:45:46.006 +03:00 [INF] Request starting HTTP/2 OPTIONS https://localhost:7144/api/users - null null
2026-05-26 00:45:46.007 +03:00 [INF] Request starting HTTP/2 OPTIONS https://localhost:7144/api/users - null null
2026-05-26 00:45:46.009 +03:00 [INF] CORS policy execution successful.
2026-05-26 00:45:46.011 +03:00 [INF] CORS policy execution successful.
2026-05-26 00:45:46.012 +03:00 [INF] HTTP OPTIONS /api/users responded 204 in 3.0736 ms
2026-05-26 00:45:46.013 +03:00 [INF] HTTP OPTIONS /api/users responded 204 in 1.4457 ms
2026-05-26 00:45:46.014 +03:00 [INF] Request finished HTTP/2 OPTIONS https://localhost:7144/api/users - 204 null null 7.9954ms
2026-05-26 00:45:46.016 +03:00 [INF] Request finished HTTP/2 OPTIONS https://localhost:7144/api/users - 204 null null 9.2202ms
2026-05-26 00:45:46.016 +03:00 [INF] Request starting HTTP/2 GET https://localhost:7144/api/users - null null
2026-05-26 00:45:46.024 +03:00 [INF] CORS policy execution successful.
2026-05-26 00:45:46.027 +03:00 [INF] Executing endpoint 'SmartParkingF.API.Controllers.UsersController.GetUsers (SmartParkingF.API)'
2026-05-26 00:45:46.036 +03:00 [INF] Route matched with {action = "GetUsers", controller = "Users"}. Executing controller action with signature System.Threading.Tasks.Task`1[Microsoft.AspNetCore.Mvc.ActionResult`1[System.Collections.Generic.IEnumerable`1[System.Object]]] GetUsers() on controller SmartParkingF.API.Controllers.UsersController (SmartParkingF.API).
2026-05-26 00:45:46.056 +03:00 [INF] Executed DbCommand (2ms) [Parameters=[], CommandType='"Text"', CommandTimeout='30']
SELECT [u].[Id], [u].[FullName], [u].[Email], [u].[Phone], [u].[Role], [u].[Status], [u].[AccountType], [u].[CreatedAt], [u].[HasLinkedCard]
FROM [Users] AS [u]
2026-05-26 00:45:46.059 +03:00 [INF] Executing OkObjectResult, writing value of type 'System.Collections.Generic.List`1[[<>f__AnonymousType24`9[[System.Int32, System.Private.CoreLib, Version=10.0.0.0, Culture=neutral, PublicKeyToken=7cec85d7bea7798e],[System.String, System.Private.CoreLib, Version=10.0.0.0, Culture=neutral, PublicKeyToken=7cec85d7bea7798e],[System.String, System.Private.CoreLib, Version=10.0.0.0, Culture=neutral, PublicKeyToken=7cec85d7bea7798e],[System.String, System.Private.CoreLib, Version=10.0.0.0, Culture=neutral, PublicKeyToken=7cec85d7bea7798e],[System.String, System.Private.CoreLib, Version=10.0.0.0, Culture=neutral, PublicKeyToken=7cec85d7bea7798e],[System.String, System.Private.CoreLib, Version=10.0.0.0, Culture=neutral, PublicKeyToken=7cec85d7bea7798e],[System.String, System.Private.CoreLib, Version=10.0.0.0, Culture=neutral, PublicKeyToken=7cec85d7bea7798e],[System.DateTime, System.Private.CoreLib, Version=10.0.0.0, Culture=neutral, PublicKeyToken=7cec85d7bea7798e],[System.Boolean, System.Private.CoreLib, Version=10.0.0.0, Culture=neutral, PublicKeyToken=7cec85d7bea7798e]], SmartParkingF.API, Version=1.0.0.0, Culture=neutral, PublicKeyToken=null]]'.
2026-05-26 00:45:46.065 +03:00 [INF] Executed action SmartParkingF.API.Controllers.UsersController.GetUsers (SmartParkingF.API) in 26.6335ms
2026-05-26 00:45:46.067 +03:00 [INF] Request starting HTTP/2 GET https://localhost:7144/api/users - null null
2026-05-26 00:45:46.067 +03:00 [INF] Executed endpoint 'SmartParkingF.API.Controllers.UsersController.GetUsers (SmartParkingF.API)'
2026-05-26 00:45:46.070 +03:00 [INF] CORS policy execution successful.
2026-05-26 00:45:46.071 +03:00 [INF] HTTP GET /api/users responded 200 in 47.3967 ms
2026-05-26 00:45:46.074 +03:00 [INF] Request finished HTTP/2 GET https://localhost:7144/api/users - 200 null application/json; charset=utf-8 57.8583ms
2026-05-26 00:45:46.075 +03:00 [INF] Executing endpoint 'SmartParkingF.API.Controllers.UsersController.GetUsers (SmartParkingF.API)'
2026-05-26 00:45:46.079 +03:00 [INF] Route matched with {action = "GetUsers", controller = "Users"}. Executing controller action with signature System.Threading.Tasks.Task`1[Microsoft.AspNetCore.Mvc.ActionResult`1[System.Collections.Generic.IEnumerable`1[System.Object]]] GetUsers() on controller SmartParkingF.API.Controllers.UsersController (SmartParkingF.API).
2026-05-26 00:45:46.084 +03:00 [INF] Executed DbCommand (1ms) [Parameters=[], CommandType='"Text"', CommandTimeout='30']
SELECT [u].[Id], [u].[FullName], [u].[Email], [u].[Phone], [u].[Role], [u].[Status], [u].[AccountType], [u].[CreatedAt], [u].[HasLinkedCard]
FROM [Users] AS [u]
2026-05-26 00:45:46.086 +03:00 [INF] Executing OkObjectResult, writing value of type 'System.Collections.Generic.List`1[[<>f__AnonymousType24`9[[System.Int32, System.Private.CoreLib, Version=10.0.0.0, Culture=neutral, PublicKeyToken=7cec85d7bea7798e],[System.String, System.Private.CoreLib, Version=10.0.0.0, Culture=neutral, PublicKeyToken=7cec85d7bea7798e],[System.String, System.Private.CoreLib, Version=10.0.0.0, Culture=neutral, PublicKeyToken=7cec85d7bea7798e],[System.String, System.Private.CoreLib, Version=10.0.0.0, Culture=neutral, PublicKeyToken=7cec85d7bea7798e],[System.String, System.Private.CoreLib, Version=10.0.0.0, Culture=neutral, PublicKeyToken=7cec85d7bea7798e],[System.String, System.Private.CoreLib, Version=10.0.0.0, Culture=neutral, PublicKeyToken=7cec85d7bea7798e],[System.String, System.Private.CoreLib, Version=10.0.0.0, Culture=neutral, PublicKeyToken=7cec85d7bea7798e],[System.DateTime, System.Private.CoreLib, Version=10.0.0.0, Culture=neutral, PublicKeyToken=7cec85d7bea7798e],[System.Boolean, System.Private.CoreLib, Version=10.0.0.0, Culture=neutral, PublicKeyToken=7cec85d7bea7798e]], SmartParkingF.API, Version=1.0.0.0, Culture=neutral, PublicKeyToken=null]]'.
2026-05-26 00:45:46.088 +03:00 [INF] Executed action SmartParkingF.API.Controllers.UsersController.GetUsers (SmartParkingF.API) in 7.3927ms
2026-05-26 00:45:46.089 +03:00 [INF] Executed endpoint 'SmartParkingF.API.Controllers.UsersController.GetUsers (SmartParkingF.API)'
2026-05-26 00:45:46.090 +03:00 [INF] HTTP GET /api/users responded 200 in 20.3275 ms
2026-05-26 00:45:46.092 +03:00 [INF] Request finished HTTP/2 GET https://localhost:7144/api/users - 200 null application/json; charset=utf-8 25.4186ms
2026-05-26 00:45:48.910 +03:00 [INF] Request starting HTTP/2 GET https://localhost:7144/api/Properties - null null
2026-05-26 00:45:48.914 +03:00 [INF] Request starting HTTP/2 GET https://localhost:7144/api/Properties - null null
2026-05-26 00:45:48.919 +03:00 [INF] CORS policy execution successful.
2026-05-26 00:45:48.923 +03:00 [INF] CORS policy execution successful.
2026-05-26 00:45:48.924 +03:00 [INF] Executing endpoint 'SmartParkingF.API.Controllers.PropertiesController.GetProperties (SmartParkingF.API)'
2026-05-26 00:45:48.925 +03:00 [INF] Executing endpoint 'SmartParkingF.API.Controllers.PropertiesController.GetProperties (SmartParkingF.API)'
2026-05-26 00:45:48.927 +03:00 [INF] Route matched with {action = "GetProperties", controller = "Properties"}. Executing controller action with signature System.Threading.Tasks.Task`1[Microsoft.AspNetCore.Mvc.IActionResult] GetProperties() on controller SmartParkingF.API.Controllers.PropertiesController (SmartParkingF.API).
2026-05-26 00:45:48.928 +03:00 [INF] Route matched with {action = "GetProperties", controller = "Properties"}. Executing controller action with signature System.Threading.Tasks.Task`1[Microsoft.AspNetCore.Mvc.IActionResult] GetProperties() on controller SmartParkingF.API.Controllers.PropertiesController (SmartParkingF.API).
2026-05-26 00:45:48.938 +03:00 [INF] Executed DbCommand (5ms) [Parameters=[], CommandType='"Text"', CommandTimeout='30']
SELECT [p].[Id], [p].[Bathrooms], [p].[Bedrooms], [p].[CreatedAt], [p].[Description], [p].[HasSmartParking], [p].[ImageUrl], [p].[IsSold], [p].[ListingType], [p].[Location], [p].[Name], [p].[Price], [p].[PricePerHour], [p].[PricePerNight], [p].[Rating], [p].[SalePrice], [p].[Title], [p].[TotalSpots]
FROM [Properties] AS [p]
2026-05-26 00:45:48.941 +03:00 [INF] Executing OkObjectResult, writing value of type 'System.Collections.Generic.List`1[[SmartParkingF.API.Models.Property, SmartParkingF.API, Version=1.0.0.0, Culture=neutral, PublicKeyToken=null]]'.
2026-05-26 00:45:48.968 +03:00 [INF] Executed DbCommand (1ms) [Parameters=[], CommandType='"Text"', CommandTimeout='30']
SELECT [p].[Id], [p].[Bathrooms], [p].[Bedrooms], [p].[CreatedAt], [p].[Description], [p].[HasSmartParking], [p].[ImageUrl], [p].[IsSold], [p].[ListingType], [p].[Location], [p].[Name], [p].[Price], [p].[PricePerHour], [p].[PricePerNight], [p].[Rating], [p].[SalePrice], [p].[Title], [p].[TotalSpots]
FROM [Properties] AS [p]
2026-05-26 00:45:48.969 +03:00 [INF] Executed action SmartParkingF.API.Controllers.PropertiesController.GetProperties (SmartParkingF.API) in 38.6445ms
2026-05-26 00:45:48.970 +03:00 [INF] Executing OkObjectResult, writing value of type 'System.Collections.Generic.List`1[[SmartParkingF.API.Models.Property, SmartParkingF.API, Version=1.0.0.0, Culture=neutral, PublicKeyToken=null]]'.
2026-05-26 00:45:48.972 +03:00 [INF] Executed endpoint 'SmartParkingF.API.Controllers.PropertiesController.GetProperties (SmartParkingF.API)'
2026-05-26 00:45:48.973 +03:00 [INF] Executed action SmartParkingF.API.Controllers.PropertiesController.GetProperties (SmartParkingF.API) in 40.0454ms
2026-05-26 00:45:48.974 +03:00 [INF] HTTP GET /api/Properties responded 200 in 55.1976 ms
2026-05-26 00:45:48.976 +03:00 [INF] Executed endpoint 'SmartParkingF.API.Controllers.PropertiesController.GetProperties (SmartParkingF.API)'
2026-05-26 00:45:48.978 +03:00 [INF] Request finished HTTP/2 GET https://localhost:7144/api/Properties - 499 null application/json; charset=utf-8 67.8398ms
2026-05-26 00:45:48.979 +03:00 [INF] HTTP GET /api/Properties responded 200 in 56.0418 ms
2026-05-26 00:45:48.985 +03:00 [INF] Request finished HTTP/2 GET https://localhost:7144/api/Properties - 200 null application/json; charset=utf-8 70.8252ms
2026-05-26 00:45:50.134 +03:00 [INF] Request starting HTTP/2 OPTIONS https://localhost:7144/api/ParkingSpots - null null
2026-05-26 00:45:50.135 +03:00 [INF] Request starting HTTP/2 OPTIONS https://localhost:7144/api/ParkingSpots - null null
2026-05-26 00:45:50.141 +03:00 [INF] CORS policy execution successful.
2026-05-26 00:45:50.145 +03:00 [INF] CORS policy execution successful.
2026-05-26 00:45:50.147 +03:00 [INF] HTTP OPTIONS /api/ParkingSpots responded 204 in 6.5986 ms
2026-05-26 00:45:50.149 +03:00 [INF] HTTP OPTIONS /api/ParkingSpots responded 204 in 3.5777 ms
2026-05-26 00:45:50.152 +03:00 [INF] Request finished HTTP/2 OPTIONS https://localhost:7144/api/ParkingSpots - 204 null null 18.4433ms
2026-05-26 00:45:50.155 +03:00 [INF] Request finished HTTP/2 OPTIONS https://localhost:7144/api/ParkingSpots - 204 null null 19.8537ms
2026-05-26 00:45:50.155 +03:00 [INF] Request starting HTTP/2 GET https://localhost:7144/api/ParkingSpots - null null
2026-05-26 00:45:50.174 +03:00 [INF] CORS policy execution successful.
2026-05-26 00:45:50.175 +03:00 [INF] Executing endpoint 'SmartParkingF.API.Controllers.ParkingSpotsController.GetAll (SmartParkingF.API)'
2026-05-26 00:45:50.176 +03:00 [INF] Route matched with {action = "GetAll", controller = "ParkingSpots"}. Executing controller action with signature System.Threading.Tasks.Task`1[Microsoft.AspNetCore.Mvc.ActionResult`1[System.Collections.Generic.IEnumerable`1[SmartParkingF.API.Models.ParkingSpot]]] GetAll() on controller SmartParkingF.API.Controllers.ParkingSpotsController (SmartParkingF.API).
2026-05-26 00:45:50.184 +03:00 [INF] Executed DbCommand (4ms) [Parameters=[], CommandType='"Text"', CommandTimeout='30']
SELECT [p].[Id], [p].[Location], [p].[PricePerHour], [p].[PricePerNight], [p].[PropertyId], [p].[SpotNumber], [p].[Status], [p].[Zone]
FROM [ParkingSpots] AS [p]
2026-05-26 00:45:50.189 +03:00 [INF] Executing ObjectResult, writing value of type 'System.Collections.Generic.List`1[[SmartParkingF.API.Models.ParkingSpot, SmartParkingF.API, Version=1.0.0.0, Culture=neutral, PublicKeyToken=null]]'.
2026-05-26 00:45:50.191 +03:00 [INF] Executed action SmartParkingF.API.Controllers.ParkingSpotsController.GetAll (SmartParkingF.API) in 12.8586ms
2026-05-26 00:45:50.193 +03:00 [INF] Request starting HTTP/2 GET https://localhost:7144/api/ParkingSpots - null null
2026-05-26 00:45:50.193 +03:00 [INF] Executed endpoint 'SmartParkingF.API.Controllers.ParkingSpotsController.GetAll (SmartParkingF.API)'
2026-05-26 00:45:50.196 +03:00 [INF] CORS policy execution successful.
2026-05-26 00:45:50.197 +03:00 [INF] HTTP GET /api/ParkingSpots responded 200 in 23.7148 ms
2026-05-26 00:45:50.199 +03:00 [INF] Executing endpoint 'SmartParkingF.API.Controllers.ParkingSpotsController.GetAll (SmartParkingF.API)'
2026-05-26 00:45:50.201 +03:00 [INF] Request finished HTTP/2 GET https://localhost:7144/api/ParkingSpots - 200 null application/json; charset=utf-8 45.8011ms
2026-05-26 00:45:50.202 +03:00 [INF] Route matched with {action = "GetAll", controller = "ParkingSpots"}. Executing controller action with signature System.Threading.Tasks.Task`1[Microsoft.AspNetCore.Mvc.ActionResult`1[System.Collections.Generic.IEnumerable`1[SmartParkingF.API.Models.ParkingSpot]]] GetAll() on controller SmartParkingF.API.Controllers.ParkingSpotsController (SmartParkingF.API).
2026-05-26 00:45:50.207 +03:00 [INF] Executed DbCommand (1ms) [Parameters=[], CommandType='"Text"', CommandTimeout='30']
SELECT [p].[Id], [p].[Location], [p].[PricePerHour], [p].[PricePerNight], [p].[PropertyId], [p].[SpotNumber], [p].[Status], [p].[Zone]
FROM [ParkingSpots] AS [p]
2026-05-26 00:45:50.211 +03:00 [INF] Executing ObjectResult, writing value of type 'System.Collections.Generic.List`1[[SmartParkingF.API.Models.ParkingSpot, SmartParkingF.API, Version=1.0.0.0, Culture=neutral, PublicKeyToken=null]]'.
2026-05-26 00:45:50.214 +03:00 [INF] Executed action SmartParkingF.API.Controllers.ParkingSpotsController.GetAll (SmartParkingF.API) in 7.3799ms
2026-05-26 00:45:50.215 +03:00 [INF] Executed endpoint 'SmartParkingF.API.Controllers.ParkingSpotsController.GetAll (SmartParkingF.API)'
2026-05-26 00:45:50.216 +03:00 [INF] HTTP GET /api/ParkingSpots responded 200 in 20.2010 ms
2026-05-26 00:45:50.218 +03:00 [INF] Request finished HTTP/2 GET https://localhost:7144/api/ParkingSpots - 200 null application/json; charset=utf-8 25.1388ms
2026-05-26 00:45:50.806 +03:00 [INF] Request starting HTTP/2 GET https://localhost:7144/api/Properties - null null
2026-05-26 00:45:50.807 +03:00 [INF] Request starting HTTP/2 GET https://localhost:7144/api/Properties - null null
2026-05-26 00:45:50.809 +03:00 [INF] CORS policy execution successful.
2026-05-26 00:45:50.811 +03:00 [INF] CORS policy execution successful.
2026-05-26 00:45:50.812 +03:00 [INF] Executing endpoint 'SmartParkingF.API.Controllers.PropertiesController.GetProperties (SmartParkingF.API)'
2026-05-26 00:45:50.814 +03:00 [INF] Executing endpoint 'SmartParkingF.API.Controllers.PropertiesController.GetProperties (SmartParkingF.API)'
2026-05-26 00:45:50.815 +03:00 [INF] Route matched with {action = "GetProperties", controller = "Properties"}. Executing controller action with signature System.Threading.Tasks.Task`1[Microsoft.AspNetCore.Mvc.IActionResult] GetProperties() on controller SmartParkingF.API.Controllers.PropertiesController (SmartParkingF.API).
2026-05-26 00:45:50.816 +03:00 [INF] Route matched with {action = "GetProperties", controller = "Properties"}. Executing controller action with signature System.Threading.Tasks.Task`1[Microsoft.AspNetCore.Mvc.IActionResult] GetProperties() on controller SmartParkingF.API.Controllers.PropertiesController (SmartParkingF.API).
2026-05-26 00:45:50.819 +03:00 [INF] Executed DbCommand (1ms) [Parameters=[], CommandType='"Text"', CommandTimeout='30']
SELECT [p].[Id], [p].[Bathrooms], [p].[Bedrooms], [p].[CreatedAt], [p].[Description], [p].[HasSmartParking], [p].[ImageUrl], [p].[IsSold], [p].[ListingType], [p].[Location], [p].[Name], [p].[Price], [p].[PricePerHour], [p].[PricePerNight], [p].[Rating], [p].[SalePrice], [p].[Title], [p].[TotalSpots]
FROM [Properties] AS [p]
2026-05-26 00:45:50.821 +03:00 [INF] Executed DbCommand (1ms) [Parameters=[], CommandType='"Text"', CommandTimeout='30']
SELECT [p].[Id], [p].[Bathrooms], [p].[Bedrooms], [p].[CreatedAt], [p].[Description], [p].[HasSmartParking], [p].[ImageUrl], [p].[IsSold], [p].[ListingType], [p].[Location], [p].[Name], [p].[Price], [p].[PricePerHour], [p].[PricePerNight], [p].[Rating], [p].[SalePrice], [p].[Title], [p].[TotalSpots]
FROM [Properties] AS [p]
2026-05-26 00:45:50.821 +03:00 [INF] Executing OkObjectResult, writing value of type 'System.Collections.Generic.List`1[[SmartParkingF.API.Models.Property, SmartParkingF.API, Version=1.0.0.0, Culture=neutral, PublicKeyToken=null]]'.
2026-05-26 00:45:50.823 +03:00 [INF] Executing OkObjectResult, writing value of type 'System.Collections.Generic.List`1[[SmartParkingF.API.Models.Property, SmartParkingF.API, Version=1.0.0.0, Culture=neutral, PublicKeyToken=null]]'.
2026-05-26 00:45:50.825 +03:00 [INF] Executed action SmartParkingF.API.Controllers.PropertiesController.GetProperties (SmartParkingF.API) in 7.4567ms
2026-05-26 00:45:50.826 +03:00 [INF] Executed action SmartParkingF.API.Controllers.PropertiesController.GetProperties (SmartParkingF.API) in 6.4828ms
2026-05-26 00:45:50.827 +03:00 [INF] Executed endpoint 'SmartParkingF.API.Controllers.PropertiesController.GetProperties (SmartParkingF.API)'
2026-05-26 00:45:50.828 +03:00 [INF] Executed endpoint 'SmartParkingF.API.Controllers.PropertiesController.GetProperties (SmartParkingF.API)'
2026-05-26 00:45:50.829 +03:00 [INF] HTTP GET /api/Properties responded 200 in 20.1469 ms
2026-05-26 00:45:50.830 +03:00 [INF] HTTP GET /api/Properties responded 200 in 18.7221 ms
2026-05-26 00:45:50.832 +03:00 [INF] Request finished HTTP/2 GET https://localhost:7144/api/Properties - 499 null application/json; charset=utf-8 26.0405ms
2026-05-26 00:45:50.833 +03:00 [INF] Request finished HTTP/2 GET https://localhost:7144/api/Properties - 200 null application/json; charset=utf-8 26.6063ms
2026-05-26 00:45:51.414 +03:00 [INF] Request starting HTTP/2 OPTIONS https://localhost:7144/api/users - null null
2026-05-26 00:45:51.415 +03:00 [INF] Request starting HTTP/2 OPTIONS https://localhost:7144/api/users - null null
2026-05-26 00:45:51.419 +03:00 [INF] CORS policy execution successful.
2026-05-26 00:45:51.422 +03:00 [INF] CORS policy execution successful.
2026-05-26 00:45:51.423 +03:00 [INF] HTTP OPTIONS /api/users responded 204 in 4.1574 ms
2026-05-26 00:45:51.424 +03:00 [INF] HTTP OPTIONS /api/users responded 204 in 2.0266 ms
2026-05-26 00:45:51.426 +03:00 [INF] Request finished HTTP/2 OPTIONS https://localhost:7144/api/users - 204 null null 11.8981ms
2026-05-26 00:45:51.429 +03:00 [INF] Request finished HTTP/2 OPTIONS https://localhost:7144/api/users - 204 null null 13.7536ms
2026-05-26 00:45:51.429 +03:00 [INF] Request starting HTTP/2 GET https://localhost:7144/api/users - null null
2026-05-26 00:45:51.438 +03:00 [INF] CORS policy execution successful.
2026-05-26 00:45:51.440 +03:00 [INF] Executing endpoint 'SmartParkingF.API.Controllers.UsersController.GetUsers (SmartParkingF.API)'
2026-05-26 00:45:51.441 +03:00 [INF] Route matched with {action = "GetUsers", controller = "Users"}. Executing controller action with signature System.Threading.Tasks.Task`1[Microsoft.AspNetCore.Mvc.ActionResult`1[System.Collections.Generic.IEnumerable`1[System.Object]]] GetUsers() on controller SmartParkingF.API.Controllers.UsersController (SmartParkingF.API).
2026-05-26 00:45:51.445 +03:00 [INF] Executed DbCommand (1ms) [Parameters=[], CommandType='"Text"', CommandTimeout='30']
SELECT [u].[Id], [u].[FullName], [u].[Email], [u].[Phone], [u].[Role], [u].[Status], [u].[AccountType], [u].[CreatedAt], [u].[HasLinkedCard]
FROM [Users] AS [u]
2026-05-26 00:45:51.448 +03:00 [INF] Executing OkObjectResult, writing value of type 'System.Collections.Generic.List`1[[<>f__AnonymousType24`9[[System.Int32, System.Private.CoreLib, Version=10.0.0.0, Culture=neutral, PublicKeyToken=7cec85d7bea7798e],[System.String, System.Private.CoreLib, Version=10.0.0.0, Culture=neutral, PublicKeyToken=7cec85d7bea7798e],[System.String, System.Private.CoreLib, Version=10.0.0.0, Culture=neutral, PublicKeyToken=7cec85d7bea7798e],[System.String, System.Private.CoreLib, Version=10.0.0.0, Culture=neutral, PublicKeyToken=7cec85d7bea7798e],[System.String, System.Private.CoreLib, Version=10.0.0.0, Culture=neutral, PublicKeyToken=7cec85d7bea7798e],[System.String, System.Private.CoreLib, Version=10.0.0.0, Culture=neutral, PublicKeyToken=7cec85d7bea7798e],[System.String, System.Private.CoreLib, Version=10.0.0.0, Culture=neutral, PublicKeyToken=7cec85d7bea7798e],[System.DateTime, System.Private.CoreLib, Version=10.0.0.0, Culture=neutral, PublicKeyToken=7cec85d7bea7798e],[System.Boolean, System.Private.CoreLib, Version=10.0.0.0, Culture=neutral, PublicKeyToken=7cec85d7bea7798e]], SmartParkingF.API, Version=1.0.0.0, Culture=neutral, PublicKeyToken=null]]'.
2026-05-26 00:45:51.451 +03:00 [INF] Executed action SmartParkingF.API.Controllers.UsersController.GetUsers (SmartParkingF.API) in 7.4295ms
2026-05-26 00:45:51.452 +03:00 [INF] Request starting HTTP/2 GET https://localhost:7144/api/users - null null
2026-05-26 00:45:51.452 +03:00 [INF] Executed endpoint 'SmartParkingF.API.Controllers.UsersController.GetUsers (SmartParkingF.API)'
2026-05-26 00:45:51.454 +03:00 [INF] CORS policy execution successful.
2026-05-26 00:45:51.455 +03:00 [INF] HTTP GET /api/users responded 200 in 17.1322 ms
2026-05-26 00:45:51.456 +03:00 [INF] Executing endpoint 'SmartParkingF.API.Controllers.UsersController.GetUsers (SmartParkingF.API)'
2026-05-26 00:45:51.458 +03:00 [INF] Request finished HTTP/2 GET https://localhost:7144/api/users - 200 null application/json; charset=utf-8 29.2796ms
2026-05-26 00:45:51.459 +03:00 [INF] Route matched with {action = "GetUsers", controller = "Users"}. Executing controller action with signature System.Threading.Tasks.Task`1[Microsoft.AspNetCore.Mvc.ActionResult`1[System.Collections.Generic.IEnumerable`1[System.Object]]] GetUsers() on controller SmartParkingF.API.Controllers.UsersController (SmartParkingF.API).
2026-05-26 00:45:51.466 +03:00 [INF] Executed DbCommand (1ms) [Parameters=[], CommandType='"Text"', CommandTimeout='30']
SELECT [u].[Id], [u].[FullName], [u].[Email], [u].[Phone], [u].[Role], [u].[Status], [u].[AccountType], [u].[CreatedAt], [u].[HasLinkedCard]
FROM [Users] AS [u]
2026-05-26 00:45:51.468 +03:00 [INF] Executing OkObjectResult, writing value of type 'System.Collections.Generic.List`1[[<>f__AnonymousType24`9[[System.Int32, System.Private.CoreLib, Version=10.0.0.0, Culture=neutral, PublicKeyToken=7cec85d7bea7798e],[System.String, System.Private.CoreLib, Version=10.0.0.0, Culture=neutral, PublicKeyToken=7cec85d7bea7798e],[System.String, System.Private.CoreLib, Version=10.0.0.0, Culture=neutral, PublicKeyToken=7cec85d7bea7798e],[System.String, System.Private.CoreLib, Version=10.0.0.0, Culture=neutral, PublicKeyToken=7cec85d7bea7798e],[System.String, System.Private.CoreLib, Version=10.0.0.0, Culture=neutral, PublicKeyToken=7cec85d7bea7798e],[System.String, System.Private.CoreLib, Version=10.0.0.0, Culture=neutral, PublicKeyToken=7cec85d7bea7798e],[System.String, System.Private.CoreLib, Version=10.0.0.0, Culture=neutral, PublicKeyToken=7cec85d7bea7798e],[System.DateTime, System.Private.CoreLib, Version=10.0.0.0, Culture=neutral, PublicKeyToken=7cec85d7bea7798e],[System.Boolean, System.Private.CoreLib, Version=10.0.0.0, Culture=neutral, PublicKeyToken=7cec85d7bea7798e]], SmartParkingF.API, Version=1.0.0.0, Culture=neutral, PublicKeyToken=null]]'.
2026-05-26 00:45:51.469 +03:00 [INF] Executed action SmartParkingF.API.Controllers.UsersController.GetUsers (SmartParkingF.API) in 4.8342ms
2026-05-26 00:45:51.471 +03:00 [INF] Executed endpoint 'SmartParkingF.API.Controllers.UsersController.GetUsers (SmartParkingF.API)'
2026-05-26 00:45:51.471 +03:00 [INF] HTTP GET /api/users responded 200 in 16.9884 ms
2026-05-26 00:45:51.473 +03:00 [INF] Request finished HTTP/2 GET https://localhost:7144/api/users - 200 null application/json; charset=utf-8 21.0086ms
2026-05-26 00:46:09.897 +03:00 [INF] Request starting HTTP/2 OPTIONS https://localhost:7144/api/properties - null null
2026-05-26 00:46:09.902 +03:00 [INF] CORS policy execution successful.
2026-05-26 00:46:09.903 +03:00 [INF] HTTP OPTIONS /api/properties responded 204 in 1.2276 ms
2026-05-26 00:46:09.905 +03:00 [INF] Request finished HTTP/2 OPTIONS https://localhost:7144/api/properties - 204 null null 8.2822ms
2026-05-26 00:46:09.907 +03:00 [INF] Request starting HTTP/2 POST https://localhost:7144/api/properties - application/json 408
2026-05-26 00:46:09.912 +03:00 [INF] CORS policy execution successful.
2026-05-26 00:46:09.913 +03:00 [INF] Executing endpoint 'SmartParkingF.API.Controllers.PropertiesController.PostProperty (SmartParkingF.API)'
2026-05-26 00:46:09.921 +03:00 [INF] Route matched with {action = "PostProperty", controller = "Properties"}. Executing controller action with signature System.Threading.Tasks.Task`1[Microsoft.AspNetCore.Mvc.ActionResult`1[SmartParkingF.API.Models.Property]] PostProperty(SmartParkingF.API.Models.Property) on controller SmartParkingF.API.Controllers.PropertiesController (SmartParkingF.API).
2026-05-26 00:46:10.018 +03:00 [INF] Executed DbCommand (8ms) [Parameters=[@p0='?' (DbType = Int32), @p1='?' (DbType = Int32), @p2='?' (DbType = DateTime2), @p3='?' (Size = 4000), @p4='?' (DbType = Boolean), @p5='?' (Size = 4000), @p6='?' (DbType = Boolean), @p7='?' (Size = 4000), @p8='?' (Size = 4000), @p9='?' (Size = 4000), @p10='?' (Precision = 18) (Scale = 2) (DbType = Decimal), @p11='?' (Precision = 18) (Scale = 2) (DbType = Decimal), @p12='?' (Precision = 18) (Scale = 2) (DbType = Decimal), @p13='?' (DbType = Double), @p14='?' (Precision = 18) (Scale = 2) (DbType = Decimal), @p15='?' (Size = 4000), @p16='?' (DbType = Int32)], CommandType='"Text"', CommandTimeout='30']
SET IMPLICIT_TRANSACTIONS OFF;
SET NOCOUNT ON;
INSERT INTO [Properties] ([Bathrooms], [Bedrooms], [CreatedAt], [Description], [HasSmartParking], [ImageUrl], [IsSold], [ListingType], [Location], [Name], [Price], [PricePerHour], [PricePerNight], [Rating], [SalePrice], [Title], [TotalSpots])
OUTPUT INSERTED.[Id]
VALUES (@p0, @p1, @p2, @p3, @p4, @p5, @p6, @p7, @p8, @p9, @p10, @p11, @p12, @p13, @p14, @p15, @p16);
2026-05-26 00:46:10.047 +03:00 [INF] Executing CreatedAtActionResult, writing value of type 'SmartParkingF.API.Models.Property'.
2026-05-26 00:46:10.083 +03:00 [INF] Executed action SmartParkingF.API.Controllers.PropertiesController.PostProperty (SmartParkingF.API) in 160.425ms
2026-05-26 00:46:10.085 +03:00 [INF] Executed endpoint 'SmartParkingF.API.Controllers.PropertiesController.PostProperty (SmartParkingF.API)'
2026-05-26 00:46:10.086 +03:00 [INF] HTTP POST /api/properties responded 201 in 173.4595 ms
2026-05-26 00:46:10.088 +03:00 [INF] Request finished HTTP/2 POST https://localhost:7144/api/properties - 201 null application/json; charset=utf-8 180.8114ms
2026-05-26 00:46:12.119 +03:00 [INF] Request starting HTTP/2 GET https://localhost:7144/api/Properties - null null
2026-05-26 00:46:12.120 +03:00 [INF] Request starting HTTP/2 GET https://localhost:7144/api/Properties - null null
2026-05-26 00:46:12.125 +03:00 [INF] CORS policy execution successful.
2026-05-26 00:46:12.129 +03:00 [INF] CORS policy execution successful.
2026-05-26 00:46:12.129 +03:00 [INF] Executing endpoint 'SmartParkingF.API.Controllers.PropertiesController.GetProperties (SmartParkingF.API)'
2026-05-26 00:46:12.130 +03:00 [INF] Executing endpoint 'SmartParkingF.API.Controllers.PropertiesController.GetProperties (SmartParkingF.API)'
2026-05-26 00:46:12.132 +03:00 [INF] Route matched with {action = "GetProperties", controller = "Properties"}. Executing controller action with signature System.Threading.Tasks.Task`1[Microsoft.AspNetCore.Mvc.IActionResult] GetProperties() on controller SmartParkingF.API.Controllers.PropertiesController (SmartParkingF.API).
2026-05-26 00:46:12.133 +03:00 [INF] Route matched with {action = "GetProperties", controller = "Properties"}. Executing controller action with signature System.Threading.Tasks.Task`1[Microsoft.AspNetCore.Mvc.IActionResult] GetProperties() on controller SmartParkingF.API.Controllers.PropertiesController (SmartParkingF.API).
2026-05-26 00:46:12.139 +03:00 [INF] Executed DbCommand (3ms) [Parameters=[], CommandType='"Text"', CommandTimeout='30']
SELECT [p].[Id], [p].[Bathrooms], [p].[Bedrooms], [p].[CreatedAt], [p].[Description], [p].[HasSmartParking], [p].[ImageUrl], [p].[IsSold], [p].[ListingType], [p].[Location], [p].[Name], [p].[Price], [p].[PricePerHour], [p].[PricePerNight], [p].[Rating], [p].[SalePrice], [p].[Title], [p].[TotalSpots]
FROM [Properties] AS [p]
2026-05-26 00:46:12.139 +03:00 [INF] Executed DbCommand (1ms) [Parameters=[], CommandType='"Text"', CommandTimeout='30']
SELECT [p].[Id], [p].[Bathrooms], [p].[Bedrooms], [p].[CreatedAt], [p].[Description], [p].[HasSmartParking], [p].[ImageUrl], [p].[IsSold], [p].[ListingType], [p].[Location], [p].[Name], [p].[Price], [p].[PricePerHour], [p].[PricePerNight], [p].[Rating], [p].[SalePrice], [p].[Title], [p].[TotalSpots]
FROM [Properties] AS [p]
2026-05-26 00:46:12.142 +03:00 [INF] Executing OkObjectResult, writing value of type 'System.Collections.Generic.List`1[[SmartParkingF.API.Models.Property, SmartParkingF.API, Version=1.0.0.0, Culture=neutral, PublicKeyToken=null]]'.
2026-05-26 00:46:12.143 +03:00 [INF] Executing OkObjectResult, writing value of type 'System.Collections.Generic.List`1[[SmartParkingF.API.Models.Property, SmartParkingF.API, Version=1.0.0.0, Culture=neutral, PublicKeyToken=null]]'.
2026-05-26 00:46:12.145 +03:00 [INF] Executed action SmartParkingF.API.Controllers.PropertiesController.GetProperties (SmartParkingF.API) in 10.7344ms
2026-05-26 00:46:12.146 +03:00 [INF] Executed action SmartParkingF.API.Controllers.PropertiesController.GetProperties (SmartParkingF.API) in 9.7271ms
2026-05-26 00:46:12.147 +03:00 [INF] Executed endpoint 'SmartParkingF.API.Controllers.PropertiesController.GetProperties (SmartParkingF.API)'
2026-05-26 00:46:12.149 +03:00 [INF] Executed endpoint 'SmartParkingF.API.Controllers.PropertiesController.GetProperties (SmartParkingF.API)'
2026-05-26 00:46:12.150 +03:00 [INF] HTTP GET /api/Properties responded 200 in 24.7734 ms
2026-05-26 00:46:12.151 +03:00 [INF] HTTP GET /api/Properties responded 200 in 22.2162 ms
2026-05-26 00:46:12.153 +03:00 [INF] Request finished HTTP/2 GET https://localhost:7144/api/Properties - 499 null application/json; charset=utf-8 33.728ms
2026-05-26 00:46:12.154 +03:00 [INF] Request finished HTTP/2 GET https://localhost:7144/api/Properties - 200 null application/json; charset=utf-8 34.2971ms
2026-05-26 00:46:14.592 +03:00 [INF] Request starting HTTP/2 GET https://localhost:7144/api/Properties/1 - null null
2026-05-26 00:46:14.592 +03:00 [INF] Request starting HTTP/2 GET https://localhost:7144/api/Reservations/PropertyBookedDates/1 - null null
2026-05-26 00:46:14.597 +03:00 [INF] CORS policy execution successful.
2026-05-26 00:46:14.600 +03:00 [INF] CORS policy execution successful.
2026-05-26 00:46:14.602 +03:00 [INF] Executing endpoint 'SmartParkingF.API.Controllers.PropertiesController.GetProperty (SmartParkingF.API)'
2026-05-26 00:46:14.603 +03:00 [INF] Executing endpoint 'SmartParkingF.API.Controllers.ReservationsController.GetPropertyBookedDates (SmartParkingF.API)'
2026-05-26 00:46:14.616 +03:00 [INF] Route matched with {action = "GetProperty", controller = "Properties"}. Executing controller action with signature System.Threading.Tasks.Task`1[Microsoft.AspNetCore.Mvc.ActionResult`1[SmartParkingF.API.Models.Property]] GetProperty(Int32) on controller SmartParkingF.API.Controllers.PropertiesController (SmartParkingF.API).
2026-05-26 00:46:14.616 +03:00 [INF] Route matched with {action = "GetPropertyBookedDates", controller = "Reservations"}. Executing controller action with signature System.Threading.Tasks.Task`1[Microsoft.AspNetCore.Mvc.ActionResult`1[System.Collections.Generic.IEnumerable`1[System.Object]]] GetPropertyBookedDates(Int32) on controller SmartParkingF.API.Controllers.ReservationsController (SmartParkingF.API).
2026-05-26 00:46:14.633 +03:00 [INF] Executed DbCommand (4ms) [Parameters=[@p='?' (DbType = Int32)], CommandType='"Text"', CommandTimeout='30']
SELECT TOP(1) [p].[Id], [p].[Bathrooms], [p].[Bedrooms], [p].[CreatedAt], [p].[Description], [p].[HasSmartParking], [p].[ImageUrl], [p].[IsSold], [p].[ListingType], [p].[Location], [p].[Name], [p].[Price], [p].[PricePerHour], [p].[PricePerNight], [p].[Rating], [p].[SalePrice], [p].[Title], [p].[TotalSpots]
FROM [Properties] AS [p]
WHERE [p].[Id] = @p
2026-05-26 00:46:14.636 +03:00 [INF] Executing OkObjectResult, writing value of type 'SmartParkingF.API.Models.Property'.
2026-05-26 00:46:14.638 +03:00 [INF] Executed action SmartParkingF.API.Controllers.PropertiesController.GetProperty (SmartParkingF.API) in 19.1372ms
2026-05-26 00:46:14.639 +03:00 [INF] Request starting HTTP/2 GET https://localhost:7144/api/Properties/1 - null null
2026-05-26 00:46:14.640 +03:00 [INF] Executed endpoint 'SmartParkingF.API.Controllers.PropertiesController.GetProperty (SmartParkingF.API)'
2026-05-26 00:46:14.643 +03:00 [INF] Executed DbCommand (5ms) [Parameters=[@propertyId='?' (DbType = Int32)], CommandType='"Text"', CommandTimeout='30']
SELECT [r].[Id], [r].[StartTime], [r].[EndTime]
FROM [Reservations] AS [r]
WHERE [r].[PropertyId] = @propertyId AND [r].[Status] = N'Confirmed'
2026-05-26 00:46:14.643 +03:00 [INF] CORS policy execution successful.
2026-05-26 00:46:14.645 +03:00 [INF] HTTP GET /api/Properties/1 responded 200 in 48.2151 ms
2026-05-26 00:46:14.649 +03:00 [INF] Executing OkObjectResult, writing value of type 'System.Collections.Generic.List`1[[<>f__AnonymousType13`3[[System.Int32, System.Private.CoreLib, Version=10.0.0.0, Culture=neutral, PublicKeyToken=7cec85d7bea7798e],[System.DateTime, System.Private.CoreLib, Version=10.0.0.0, Culture=neutral, PublicKeyToken=7cec85d7bea7798e],[System.DateTime, System.Private.CoreLib, Version=10.0.0.0, Culture=neutral, PublicKeyToken=7cec85d7bea7798e]], SmartParkingF.API, Version=1.0.0.0, Culture=neutral, PublicKeyToken=null]]'.
2026-05-26 00:46:14.649 +03:00 [INF] Executing endpoint 'SmartParkingF.API.Controllers.PropertiesController.GetProperty (SmartParkingF.API)'
2026-05-26 00:46:14.651 +03:00 [INF] Request finished HTTP/2 GET https://localhost:7144/api/Properties/1 - 200 null application/json; charset=utf-8 59.0637ms
2026-05-26 00:46:14.656 +03:00 [INF] Route matched with {action = "GetProperty", controller = "Properties"}. Executing controller action with signature System.Threading.Tasks.Task`1[Microsoft.AspNetCore.Mvc.ActionResult`1[SmartParkingF.API.Models.Property]] GetProperty(Int32) on controller SmartParkingF.API.Controllers.PropertiesController (SmartParkingF.API).
2026-05-26 00:46:14.658 +03:00 [INF] Executed action SmartParkingF.API.Controllers.ReservationsController.GetPropertyBookedDates (SmartParkingF.API) in 37.9751ms
2026-05-26 00:46:14.660 +03:00 [INF] Request starting HTTP/2 GET https://localhost:7144/api/Reservations/PropertyBookedDates/1 - null null
2026-05-26 00:46:14.662 +03:00 [INF] Executed endpoint 'SmartParkingF.API.Controllers.ReservationsController.GetPropertyBookedDates (SmartParkingF.API)'
2026-05-26 00:46:14.663 +03:00 [INF] Executed DbCommand (1ms) [Parameters=[@p='?' (DbType = Int32)], CommandType='"Text"', CommandTimeout='30']
SELECT TOP(1) [p].[Id], [p].[Bathrooms], [p].[Bedrooms], [p].[CreatedAt], [p].[Description], [p].[HasSmartParking], [p].[ImageUrl], [p].[IsSold], [p].[ListingType], [p].[Location], [p].[Name], [p].[Price], [p].[PricePerHour], [p].[PricePerNight], [p].[Rating], [p].[SalePrice], [p].[Title], [p].[TotalSpots]
FROM [Properties] AS [p]
WHERE [p].[Id] = @p
2026-05-26 00:46:14.666 +03:00 [INF] CORS policy execution successful.
2026-05-26 00:46:14.666 +03:00 [INF] HTTP GET /api/Reservations/PropertyBookedDates/1 responded 200 in 66.1116 ms
2026-05-26 00:46:14.669 +03:00 [INF] Executing OkObjectResult, writing value of type 'SmartParkingF.API.Models.Property'.
2026-05-26 00:46:14.679 +03:00 [INF] Executing endpoint 'SmartParkingF.API.Controllers.ReservationsController.GetPropertyBookedDates (SmartParkingF.API)'
2026-05-26 00:46:14.681 +03:00 [INF] Request finished HTTP/2 GET https://localhost:7144/api/Reservations/PropertyBookedDates/1 - 200 null application/json; charset=utf-8 88.6498ms
2026-05-26 00:46:14.683 +03:00 [INF] Executed action SmartParkingF.API.Controllers.PropertiesController.GetProperty (SmartParkingF.API) in 22.0567ms
2026-05-26 00:46:14.684 +03:00 [INF] Route matched with {action = "GetPropertyBookedDates", controller = "Reservations"}. Executing controller action with signature System.Threading.Tasks.Task`1[Microsoft.AspNetCore.Mvc.ActionResult`1[System.Collections.Generic.IEnumerable`1[System.Object]]] GetPropertyBookedDates(Int32) on controller SmartParkingF.API.Controllers.ReservationsController (SmartParkingF.API).
2026-05-26 00:46:14.689 +03:00 [INF] Executed endpoint 'SmartParkingF.API.Controllers.PropertiesController.GetProperty (SmartParkingF.API)'
2026-05-26 00:46:14.691 +03:00 [INF] HTTP GET /api/Properties/1 responded 200 in 47.8265 ms
2026-05-26 00:46:14.693 +03:00 [INF] Executed DbCommand (1ms) [Parameters=[@propertyId='?' (DbType = Int32)], CommandType='"Text"', CommandTimeout='30']
SELECT [r].[Id], [r].[StartTime], [r].[EndTime]
FROM [Reservations] AS [r]
WHERE [r].[PropertyId] = @propertyId AND [r].[Status] = N'Confirmed'
2026-05-26 00:46:14.693 +03:00 [INF] Request finished HTTP/2 GET https://localhost:7144/api/Properties/1 - 200 null application/json; charset=utf-8 53.5224ms
2026-05-26 00:46:14.695 +03:00 [INF] Executing OkObjectResult, writing value of type 'System.Collections.Generic.List`1[[<>f__AnonymousType13`3[[System.Int32, System.Private.CoreLib, Version=10.0.0.0, Culture=neutral, PublicKeyToken=7cec85d7bea7798e],[System.DateTime, System.Private.CoreLib, Version=10.0.0.0, Culture=neutral, PublicKeyToken=7cec85d7bea7798e],[System.DateTime, System.Private.CoreLib, Version=10.0.0.0, Culture=neutral, PublicKeyToken=7cec85d7bea7798e]], SmartParkingF.API, Version=1.0.0.0, Culture=neutral, PublicKeyToken=null]]'.
2026-05-26 00:46:14.703 +03:00 [INF] Executed action SmartParkingF.API.Controllers.ReservationsController.GetPropertyBookedDates (SmartParkingF.API) in 12.2061ms
2026-05-26 00:46:14.704 +03:00 [INF] Executed endpoint 'SmartParkingF.API.Controllers.ReservationsController.GetPropertyBookedDates (SmartParkingF.API)'
2026-05-26 00:46:14.706 +03:00 [INF] HTTP GET /api/Reservations/PropertyBookedDates/1 responded 200 in 40.2420 ms
2026-05-26 00:46:14.708 +03:00 [INF] Request finished HTTP/2 GET https://localhost:7144/api/Reservations/PropertyBookedDates/1 - 200 null application/json; charset=utf-8 48.3631ms
2026-05-26 00:46:27.227 +03:00 [INF] Request starting HTTP/2 GET https://localhost:7144/api/Properties - null null
2026-05-26 00:46:27.229 +03:00 [INF] Request starting HTTP/2 GET https://localhost:7144/api/Properties - null null
2026-05-26 00:46:27.233 +03:00 [INF] CORS policy execution successful.
2026-05-26 00:46:27.237 +03:00 [INF] CORS policy execution successful.
2026-05-26 00:46:27.238 +03:00 [INF] Executing endpoint 'SmartParkingF.API.Controllers.PropertiesController.GetProperties (SmartParkingF.API)'
2026-05-26 00:46:27.239 +03:00 [INF] Executing endpoint 'SmartParkingF.API.Controllers.PropertiesController.GetProperties (SmartParkingF.API)'
2026-05-26 00:46:27.241 +03:00 [INF] Route matched with {action = "GetProperties", controller = "Properties"}. Executing controller action with signature System.Threading.Tasks.Task`1[Microsoft.AspNetCore.Mvc.IActionResult] GetProperties() on controller SmartParkingF.API.Controllers.PropertiesController (SmartParkingF.API).
2026-05-26 00:46:27.242 +03:00 [INF] Route matched with {action = "GetProperties", controller = "Properties"}. Executing controller action with signature System.Threading.Tasks.Task`1[Microsoft.AspNetCore.Mvc.IActionResult] GetProperties() on controller SmartParkingF.API.Controllers.PropertiesController (SmartParkingF.API).
2026-05-26 00:46:27.246 +03:00 [INF] Executed DbCommand (1ms) [Parameters=[], CommandType='"Text"', CommandTimeout='30']
SELECT [p].[Id], [p].[Bathrooms], [p].[Bedrooms], [p].[CreatedAt], [p].[Description], [p].[HasSmartParking], [p].[ImageUrl], [p].[IsSold], [p].[ListingType], [p].[Location], [p].[Name], [p].[Price], [p].[PricePerHour], [p].[PricePerNight], [p].[Rating], [p].[SalePrice], [p].[Title], [p].[TotalSpots]
FROM [Properties] AS [p]
2026-05-26 00:46:27.248 +03:00 [INF] Executed DbCommand (1ms) [Parameters=[], CommandType='"Text"', CommandTimeout='30']
SELECT [p].[Id], [p].[Bathrooms], [p].[Bedrooms], [p].[CreatedAt], [p].[Description], [p].[HasSmartParking], [p].[ImageUrl], [p].[IsSold], [p].[ListingType], [p].[Location], [p].[Name], [p].[Price], [p].[PricePerHour], [p].[PricePerNight], [p].[Rating], [p].[SalePrice], [p].[Title], [p].[TotalSpots]
FROM [Properties] AS [p]
2026-05-26 00:46:27.249 +03:00 [INF] Executing OkObjectResult, writing value of type 'System.Collections.Generic.List`1[[SmartParkingF.API.Models.Property, SmartParkingF.API, Version=1.0.0.0, Culture=neutral, PublicKeyToken=null]]'.
2026-05-26 00:46:27.251 +03:00 [INF] Executing OkObjectResult, writing value of type 'System.Collections.Generic.List`1[[SmartParkingF.API.Models.Property, SmartParkingF.API, Version=1.0.0.0, Culture=neutral, PublicKeyToken=null]]'.
2026-05-26 00:46:27.253 +03:00 [INF] Executed action SmartParkingF.API.Controllers.PropertiesController.GetProperties (SmartParkingF.API) in 8.8121ms
2026-05-26 00:46:27.253 +03:00 [INF] Executed action SmartParkingF.API.Controllers.PropertiesController.GetProperties (SmartParkingF.API) in 7.5254ms
2026-05-26 00:46:27.254 +03:00 [INF] Executed endpoint 'SmartParkingF.API.Controllers.PropertiesController.GetProperties (SmartParkingF.API)'
2026-05-26 00:46:27.256 +03:00 [INF] Executed endpoint 'SmartParkingF.API.Controllers.PropertiesController.GetProperties (SmartParkingF.API)'
2026-05-26 00:46:27.257 +03:00 [INF] HTTP GET /api/Properties responded 200 in 23.2972 ms
2026-05-26 00:46:27.258 +03:00 [INF] HTTP GET /api/Properties responded 200 in 20.5898 ms
2026-05-26 00:46:27.259 +03:00 [INF] Request finished HTTP/2 GET https://localhost:7144/api/Properties - 499 null application/json; charset=utf-8 32.2037ms
2026-05-26 00:46:27.261 +03:00 [INF] Request finished HTTP/2 GET https://localhost:7144/api/Properties - 200 null application/json; charset=utf-8 32.3828ms
2026-05-26 00:46:30.313 +03:00 [INF] Request starting HTTP/2 OPTIONS https://localhost:7144/api/users - null null
2026-05-26 00:46:30.314 +03:00 [INF] Request starting HTTP/2 OPTIONS https://localhost:7144/api/users - null null
2026-05-26 00:46:30.316 +03:00 [INF] CORS policy execution successful.
2026-05-26 00:46:30.318 +03:00 [INF] CORS policy execution successful.
2026-05-26 00:46:30.319 +03:00 [INF] HTTP OPTIONS /api/users responded 204 in 2.8750 ms
2026-05-26 00:46:30.319 +03:00 [INF] HTTP OPTIONS /api/users responded 204 in 1.2526 ms
2026-05-26 00:46:30.321 +03:00 [INF] Request finished HTTP/2 OPTIONS https://localhost:7144/api/users - 204 null null 8.1268ms
2026-05-26 00:46:30.323 +03:00 [INF] Request finished HTTP/2 OPTIONS https://localhost:7144/api/users - 204 null null 9.1462ms
2026-05-26 00:46:30.323 +03:00 [INF] Request starting HTTP/2 GET https://localhost:7144/api/users - null null
2026-05-26 00:46:30.331 +03:00 [INF] CORS policy execution successful.
2026-05-26 00:46:30.332 +03:00 [INF] Executing endpoint 'SmartParkingF.API.Controllers.UsersController.GetUsers (SmartParkingF.API)'
2026-05-26 00:46:30.333 +03:00 [INF] Route matched with {action = "GetUsers", controller = "Users"}. Executing controller action with signature System.Threading.Tasks.Task`1[Microsoft.AspNetCore.Mvc.ActionResult`1[System.Collections.Generic.IEnumerable`1[System.Object]]] GetUsers() on controller SmartParkingF.API.Controllers.UsersController (SmartParkingF.API).
2026-05-26 00:46:30.337 +03:00 [INF] Executed DbCommand (2ms) [Parameters=[], CommandType='"Text"', CommandTimeout='30']
SELECT [u].[Id], [u].[FullName], [u].[Email], [u].[Phone], [u].[Role], [u].[Status], [u].[AccountType], [u].[CreatedAt], [u].[HasLinkedCard]
FROM [Users] AS [u]
2026-05-26 00:46:30.339 +03:00 [INF] Executing OkObjectResult, writing value of type 'System.Collections.Generic.List`1[[<>f__AnonymousType24`9[[System.Int32, System.Private.CoreLib, Version=10.0.0.0, Culture=neutral, PublicKeyToken=7cec85d7bea7798e],[System.String, System.Private.CoreLib, Version=10.0.0.0, Culture=neutral, PublicKeyToken=7cec85d7bea7798e],[System.String, System.Private.CoreLib, Version=10.0.0.0, Culture=neutral, PublicKeyToken=7cec85d7bea7798e],[System.String, System.Private.CoreLib, Version=10.0.0.0, Culture=neutral, PublicKeyToken=7cec85d7bea7798e],[System.String, System.Private.CoreLib, Version=10.0.0.0, Culture=neutral, PublicKeyToken=7cec85d7bea7798e],[System.String, System.Private.CoreLib, Version=10.0.0.0, Culture=neutral, PublicKeyToken=7cec85d7bea7798e],[System.String, System.Private.CoreLib, Version=10.0.0.0, Culture=neutral, PublicKeyToken=7cec85d7bea7798e],[System.DateTime, System.Private.CoreLib, Version=10.0.0.0, Culture=neutral, PublicKeyToken=7cec85d7bea7798e],[System.Boolean, System.Private.CoreLib, Version=10.0.0.0, Culture=neutral, PublicKeyToken=7cec85d7bea7798e]], SmartParkingF.API, Version=1.0.0.0, Culture=neutral, PublicKeyToken=null]]'.
2026-05-26 00:46:30.340 +03:00 [INF] Executed action SmartParkingF.API.Controllers.UsersController.GetUsers (SmartParkingF.API) in 6.0082ms
2026-05-26 00:46:30.342 +03:00 [INF] Request starting HTTP/2 GET https://localhost:7144/api/users - null null
2026-05-26 00:46:30.342 +03:00 [INF] Executed endpoint 'SmartParkingF.API.Controllers.UsersController.GetUsers (SmartParkingF.API)'
2026-05-26 00:46:30.345 +03:00 [INF] CORS policy execution successful.
2026-05-26 00:46:30.346 +03:00 [INF] HTTP GET /api/users responded 200 in 14.9912 ms
2026-05-26 00:46:30.347 +03:00 [INF] Executing endpoint 'SmartParkingF.API.Controllers.UsersController.GetUsers (SmartParkingF.API)'
2026-05-26 00:46:30.349 +03:00 [INF] Request finished HTTP/2 GET https://localhost:7144/api/users - 200 null application/json; charset=utf-8 26.3418ms
2026-05-26 00:46:30.350 +03:00 [INF] Route matched with {action = "GetUsers", controller = "Users"}. Executing controller action with signature System.Threading.Tasks.Task`1[Microsoft.AspNetCore.Mvc.ActionResult`1[System.Collections.Generic.IEnumerable`1[System.Object]]] GetUsers() on controller SmartParkingF.API.Controllers.UsersController (SmartParkingF.API).
2026-05-26 00:46:30.356 +03:00 [INF] Executed DbCommand (1ms) [Parameters=[], CommandType='"Text"', CommandTimeout='30']
SELECT [u].[Id], [u].[FullName], [u].[Email], [u].[Phone], [u].[Role], [u].[Status], [u].[AccountType], [u].[CreatedAt], [u].[HasLinkedCard]
FROM [Users] AS [u]
2026-05-26 00:46:30.358 +03:00 [INF] Executing OkObjectResult, writing value of type 'System.Collections.Generic.List`1[[<>f__AnonymousType24`9[[System.Int32, System.Private.CoreLib, Version=10.0.0.0, Culture=neutral, PublicKeyToken=7cec85d7bea7798e],[System.String, System.Private.CoreLib, Version=10.0.0.0, Culture=neutral, PublicKeyToken=7cec85d7bea7798e],[System.String, System.Private.CoreLib, Version=10.0.0.0, Culture=neutral, PublicKeyToken=7cec85d7bea7798e],[System.String, System.Private.CoreLib, Version=10.0.0.0, Culture=neutral, PublicKeyToken=7cec85d7bea7798e],[System.String, System.Private.CoreLib, Version=10.0.0.0, Culture=neutral, PublicKeyToken=7cec85d7bea7798e],[System.String, System.Private.CoreLib, Version=10.0.0.0, Culture=neutral, PublicKeyToken=7cec85d7bea7798e],[System.String, System.Private.CoreLib, Version=10.0.0.0, Culture=neutral, PublicKeyToken=7cec85d7bea7798e],[System.DateTime, System.Private.CoreLib, Version=10.0.0.0, Culture=neutral, PublicKeyToken=7cec85d7bea7798e],[System.Boolean, System.Private.CoreLib, Version=10.0.0.0, Culture=neutral, PublicKeyToken=7cec85d7bea7798e]], SmartParkingF.API, Version=1.0.0.0, Culture=neutral, PublicKeyToken=null]]'.
2026-05-26 00:46:30.360 +03:00 [INF] Executed action SmartParkingF.API.Controllers.UsersController.GetUsers (SmartParkingF.API) in 5.1487ms
2026-05-26 00:46:30.362 +03:00 [INF] Executed endpoint 'SmartParkingF.API.Controllers.UsersController.GetUsers (SmartParkingF.API)'
2026-05-26 00:46:30.363 +03:00 [INF] HTTP GET /api/users responded 200 in 18.2435 ms
2026-05-26 00:46:30.365 +03:00 [INF] Request finished HTTP/2 GET https://localhost:7144/api/users - 200 null application/json; charset=utf-8 23.2059ms
2026-05-26 00:46:31.696 +03:00 [INF] Request starting HTTP/2 GET https://localhost:7144/api/Properties - null null
2026-05-26 00:46:31.697 +03:00 [INF] Request starting HTTP/2 GET https://localhost:7144/api/Properties - null null
2026-05-26 00:46:31.700 +03:00 [INF] CORS policy execution successful.
2026-05-26 00:46:31.704 +03:00 [INF] CORS policy execution successful.
2026-05-26 00:46:31.705 +03:00 [INF] Executing endpoint 'SmartParkingF.API.Controllers.PropertiesController.GetProperties (SmartParkingF.API)'
2026-05-26 00:46:31.706 +03:00 [INF] Executing endpoint 'SmartParkingF.API.Controllers.PropertiesController.GetProperties (SmartParkingF.API)'
2026-05-26 00:46:31.707 +03:00 [INF] Route matched with {action = "GetProperties", controller = "Properties"}. Executing controller action with signature System.Threading.Tasks.Task`1[Microsoft.AspNetCore.Mvc.IActionResult] GetProperties() on controller SmartParkingF.API.Controllers.PropertiesController (SmartParkingF.API).
2026-05-26 00:46:31.708 +03:00 [INF] Route matched with {action = "GetProperties", controller = "Properties"}. Executing controller action with signature System.Threading.Tasks.Task`1[Microsoft.AspNetCore.Mvc.IActionResult] GetProperties() on controller SmartParkingF.API.Controllers.PropertiesController (SmartParkingF.API).
2026-05-26 00:46:31.711 +03:00 [INF] Executed DbCommand (1ms) [Parameters=[], CommandType='"Text"', CommandTimeout='30']
SELECT [p].[Id], [p].[Bathrooms], [p].[Bedrooms], [p].[CreatedAt], [p].[Description], [p].[HasSmartParking], [p].[ImageUrl], [p].[IsSold], [p].[ListingType], [p].[Location], [p].[Name], [p].[Price], [p].[PricePerHour], [p].[PricePerNight], [p].[Rating], [p].[SalePrice], [p].[Title], [p].[TotalSpots]
FROM [Properties] AS [p]
2026-05-26 00:46:31.713 +03:00 [INF] Executed DbCommand (1ms) [Parameters=[], CommandType='"Text"', CommandTimeout='30']
SELECT [p].[Id], [p].[Bathrooms], [p].[Bedrooms], [p].[CreatedAt], [p].[Description], [p].[HasSmartParking], [p].[ImageUrl], [p].[IsSold], [p].[ListingType], [p].[Location], [p].[Name], [p].[Price], [p].[PricePerHour], [p].[PricePerNight], [p].[Rating], [p].[SalePrice], [p].[Title], [p].[TotalSpots]
FROM [Properties] AS [p]
2026-05-26 00:46:31.714 +03:00 [INF] Executing OkObjectResult, writing value of type 'System.Collections.Generic.List`1[[SmartParkingF.API.Models.Property, SmartParkingF.API, Version=1.0.0.0, Culture=neutral, PublicKeyToken=null]]'.
2026-05-26 00:46:31.716 +03:00 [INF] Executing OkObjectResult, writing value of type 'System.Collections.Generic.List`1[[SmartParkingF.API.Models.Property, SmartParkingF.API, Version=1.0.0.0, Culture=neutral, PublicKeyToken=null]]'.
2026-05-26 00:46:31.718 +03:00 [INF] Executed action SmartParkingF.API.Controllers.PropertiesController.GetProperties (SmartParkingF.API) in 8.4795ms
2026-05-26 00:46:31.719 +03:00 [INF] Executed action SmartParkingF.API.Controllers.PropertiesController.GetProperties (SmartParkingF.API) in 7.2971ms
2026-05-26 00:46:31.720 +03:00 [INF] Executed endpoint 'SmartParkingF.API.Controllers.PropertiesController.GetProperties (SmartParkingF.API)'
2026-05-26 00:46:31.721 +03:00 [INF] Executed endpoint 'SmartParkingF.API.Controllers.PropertiesController.GetProperties (SmartParkingF.API)'
2026-05-26 00:46:31.722 +03:00 [INF] HTTP GET /api/Properties responded 200 in 22.0298 ms
2026-05-26 00:46:31.723 +03:00 [INF] HTTP GET /api/Properties responded 200 in 19.6443 ms
2026-05-26 00:46:31.725 +03:00 [INF] Request finished HTTP/2 GET https://localhost:7144/api/Properties - 499 null application/json; charset=utf-8 29.1944ms
2026-05-26 00:46:31.726 +03:00 [INF] Request finished HTTP/2 GET https://localhost:7144/api/Properties - 200 null application/json; charset=utf-8 29.5024ms
2026-05-26 00:46:33.473 +03:00 [INF] Request starting HTTP/2 GET https://localhost:7144/api/Properties/2 - null null
2026-05-26 00:46:33.476 +03:00 [INF] Request starting HTTP/2 GET https://localhost:7144/api/Reservations/PropertyBookedDates/2 - null null
2026-05-26 00:46:33.479 +03:00 [INF] CORS policy execution successful.
2026-05-26 00:46:33.483 +03:00 [INF] CORS policy execution successful.
2026-05-26 00:46:33.485 +03:00 [INF] Executing endpoint 'SmartParkingF.API.Controllers.PropertiesController.GetProperty (SmartParkingF.API)'
2026-05-26 00:46:33.486 +03:00 [INF] Executing endpoint 'SmartParkingF.API.Controllers.ReservationsController.GetPropertyBookedDates (SmartParkingF.API)'
2026-05-26 00:46:33.488 +03:00 [INF] Route matched with {action = "GetProperty", controller = "Properties"}. Executing controller action with signature System.Threading.Tasks.Task`1[Microsoft.AspNetCore.Mvc.ActionResult`1[SmartParkingF.API.Models.Property]] GetProperty(Int32) on controller SmartParkingF.API.Controllers.PropertiesController (SmartParkingF.API).
2026-05-26 00:46:33.489 +03:00 [INF] Route matched with {action = "GetPropertyBookedDates", controller = "Reservations"}. Executing controller action with signature System.Threading.Tasks.Task`1[Microsoft.AspNetCore.Mvc.ActionResult`1[System.Collections.Generic.IEnumerable`1[System.Object]]] GetPropertyBookedDates(Int32) on controller SmartParkingF.API.Controllers.ReservationsController (SmartParkingF.API).
2026-05-26 00:46:33.494 +03:00 [INF] Executed DbCommand (1ms) [Parameters=[@p='?' (DbType = Int32)], CommandType='"Text"', CommandTimeout='30']
SELECT TOP(1) [p].[Id], [p].[Bathrooms], [p].[Bedrooms], [p].[CreatedAt], [p].[Description], [p].[HasSmartParking], [p].[ImageUrl], [p].[IsSold], [p].[ListingType], [p].[Location], [p].[Name], [p].[Price], [p].[PricePerHour], [p].[PricePerNight], [p].[Rating], [p].[SalePrice], [p].[Title], [p].[TotalSpots]
FROM [Properties] AS [p]
WHERE [p].[Id] = @p
2026-05-26 00:46:33.495 +03:00 [INF] Executed DbCommand (1ms) [Parameters=[@propertyId='?' (DbType = Int32)], CommandType='"Text"', CommandTimeout='30']
SELECT [r].[Id], [r].[StartTime], [r].[EndTime]
FROM [Reservations] AS [r]
WHERE [r].[PropertyId] = @propertyId AND [r].[Status] = N'Confirmed'
2026-05-26 00:46:33.497 +03:00 [INF] Executing OkObjectResult, writing value of type 'SmartParkingF.API.Models.Property'.
2026-05-26 00:46:33.499 +03:00 [INF] Executing OkObjectResult, writing value of type 'System.Collections.Generic.List`1[[<>f__AnonymousType13`3[[System.Int32, System.Private.CoreLib, Version=10.0.0.0, Culture=neutral, PublicKeyToken=7cec85d7bea7798e],[System.DateTime, System.Private.CoreLib, Version=10.0.0.0, Culture=neutral, PublicKeyToken=7cec85d7bea7798e],[System.DateTime, System.Private.CoreLib, Version=10.0.0.0, Culture=neutral, PublicKeyToken=7cec85d7bea7798e]], SmartParkingF.API, Version=1.0.0.0, Culture=neutral, PublicKeyToken=null]]'.
2026-05-26 00:46:33.501 +03:00 [INF] Executed action SmartParkingF.API.Controllers.PropertiesController.GetProperty (SmartParkingF.API) in 9.1361ms
2026-05-26 00:46:33.502 +03:00 [INF] Request starting HTTP/2 GET https://localhost:7144/api/Properties/2 - null null
2026-05-26 00:46:33.502 +03:00 [INF] Executed action SmartParkingF.API.Controllers.ReservationsController.GetPropertyBookedDates (SmartParkingF.API) in 8.5565ms
2026-05-26 00:46:33.503 +03:00 [INF] Request starting HTTP/2 GET https://localhost:7144/api/Reservations/PropertyBookedDates/2 - null null
2026-05-26 00:46:33.504 +03:00 [INF] Executed endpoint 'SmartParkingF.API.Controllers.PropertiesController.GetProperty (SmartParkingF.API)'
2026-05-26 00:46:33.506 +03:00 [INF] CORS policy execution successful.
2026-05-26 00:46:33.507 +03:00 [INF] Executed endpoint 'SmartParkingF.API.Controllers.ReservationsController.GetPropertyBookedDates (SmartParkingF.API)'
2026-05-26 00:46:33.510 +03:00 [INF] CORS policy execution successful.
2026-05-26 00:46:33.511 +03:00 [INF] HTTP GET /api/Properties/2 responded 200 in 32.1821 ms
2026-05-26 00:46:33.512 +03:00 [INF] Executing endpoint 'SmartParkingF.API.Controllers.PropertiesController.GetProperty (SmartParkingF.API)'
2026-05-26 00:46:33.513 +03:00 [INF] HTTP GET /api/Reservations/PropertyBookedDates/2 responded 200 in 29.8036 ms
2026-05-26 00:46:33.514 +03:00 [INF] Executing endpoint 'SmartParkingF.API.Controllers.ReservationsController.GetPropertyBookedDates (SmartParkingF.API)'
2026-05-26 00:46:33.517 +03:00 [INF] Request finished HTTP/2 GET https://localhost:7144/api/Properties/2 - 200 null application/json; charset=utf-8 43.3338ms
2026-05-26 00:46:33.518 +03:00 [INF] Route matched with {action = "GetProperty", controller = "Properties"}. Executing controller action with signature System.Threading.Tasks.Task`1[Microsoft.AspNetCore.Mvc.ActionResult`1[SmartParkingF.API.Models.Property]] GetProperty(Int32) on controller SmartParkingF.API.Controllers.PropertiesController (SmartParkingF.API).
2026-05-26 00:46:33.520 +03:00 [INF] Request finished HTTP/2 GET https://localhost:7144/api/Reservations/PropertyBookedDates/2 - 200 null application/json; charset=utf-8 43.1422ms
2026-05-26 00:46:33.521 +03:00 [INF] Route matched with {action = "GetPropertyBookedDates", controller = "Reservations"}. Executing controller action with signature System.Threading.Tasks.Task`1[Microsoft.AspNetCore.Mvc.ActionResult`1[System.Collections.Generic.IEnumerable`1[System.Object]]] GetPropertyBookedDates(Int32) on controller SmartParkingF.API.Controllers.ReservationsController (SmartParkingF.API).
2026-05-26 00:46:33.527 +03:00 [INF] Executed DbCommand (1ms) [Parameters=[@p='?' (DbType = Int32)], CommandType='"Text"', CommandTimeout='30']
SELECT TOP(1) [p].[Id], [p].[Bathrooms], [p].[Bedrooms], [p].[CreatedAt], [p].[Description], [p].[HasSmartParking], [p].[ImageUrl], [p].[IsSold], [p].[ListingType], [p].[Location], [p].[Name], [p].[Price], [p].[PricePerHour], [p].[PricePerNight], [p].[Rating], [p].[SalePrice], [p].[Title], [p].[TotalSpots]
FROM [Properties] AS [p]
WHERE [p].[Id] = @p
2026-05-26 00:46:33.533 +03:00 [INF] Executed DbCommand (1ms) [Parameters=[@propertyId='?' (DbType = Int32)], CommandType='"Text"', CommandTimeout='30']
SELECT [r].[Id], [r].[StartTime], [r].[EndTime]
FROM [Reservations] AS [r]
WHERE [r].[PropertyId] = @propertyId AND [r].[Status] = N'Confirmed'
2026-05-26 00:46:33.533 +03:00 [INF] Executing OkObjectResult, writing value of type 'SmartParkingF.API.Models.Property'.
2026-05-26 00:46:33.535 +03:00 [INF] Executing OkObjectResult, writing value of type 'System.Collections.Generic.List`1[[<>f__AnonymousType13`3[[System.Int32, System.Private.CoreLib, Version=10.0.0.0, Culture=neutral, PublicKeyToken=7cec85d7bea7798e],[System.DateTime, System.Private.CoreLib, Version=10.0.0.0, Culture=neutral, PublicKeyToken=7cec85d7bea7798e],[System.DateTime, System.Private.CoreLib, Version=10.0.0.0, Culture=neutral, PublicKeyToken=7cec85d7bea7798e]], SmartParkingF.API, Version=1.0.0.0, Culture=neutral, PublicKeyToken=null]]'.
2026-05-26 00:46:33.536 +03:00 [INF] Executed action SmartParkingF.API.Controllers.PropertiesController.GetProperty (SmartParkingF.API) in 10.791ms
2026-05-26 00:46:33.550 +03:00 [INF] Executed endpoint 'SmartParkingF.API.Controllers.PropertiesController.GetProperty (SmartParkingF.API)'
2026-05-26 00:46:33.537 +03:00 [INF] Executed action SmartParkingF.API.Controllers.ReservationsController.GetPropertyBookedDates (SmartParkingF.API) in 6.8296ms
2026-05-26 00:46:33.552 +03:00 [INF] HTTP GET /api/Properties/2 responded 200 in 46.1823 ms
2026-05-26 00:46:33.555 +03:00 [INF] Executed endpoint 'SmartParkingF.API.Controllers.ReservationsController.GetPropertyBookedDates (SmartParkingF.API)'
2026-05-26 00:46:33.557 +03:00 [INF] Request finished HTTP/2 GET https://localhost:7144/api/Properties/2 - 200 null application/json; charset=utf-8 55.2343ms
2026-05-26 00:46:33.558 +03:00 [INF] HTTP GET /api/Reservations/PropertyBookedDates/2 responded 200 in 48.4139 ms
2026-05-26 00:46:33.562 +03:00 [INF] Request finished HTTP/2 GET https://localhost:7144/api/Reservations/PropertyBookedDates/2 - 200 null application/json; charset=utf-8 59.0465ms
2026-05-26 00:46:40.869 +03:00 [INF] Request starting HTTP/2 OPTIONS https://localhost:7144/api/ParkingSpots - null null
2026-05-26 00:46:40.876 +03:00 [INF] CORS policy execution successful.
2026-05-26 00:46:40.878 +03:00 [INF] HTTP OPTIONS /api/ParkingSpots responded 204 in 1.9473 ms
2026-05-26 00:46:40.883 +03:00 [INF] Request finished HTTP/2 OPTIONS https://localhost:7144/api/ParkingSpots - 204 null null 13.8967ms
2026-05-26 00:46:40.886 +03:00 [INF] Request starting HTTP/2 GET https://localhost:7144/api/ParkingSpots - null null
2026-05-26 00:46:40.893 +03:00 [INF] CORS policy execution successful.
2026-05-26 00:46:40.894 +03:00 [INF] Executing endpoint 'SmartParkingF.API.Controllers.ParkingSpotsController.GetAll (SmartParkingF.API)'
2026-05-26 00:46:40.896 +03:00 [INF] Route matched with {action = "GetAll", controller = "ParkingSpots"}. Executing controller action with signature System.Threading.Tasks.Task`1[Microsoft.AspNetCore.Mvc.ActionResult`1[System.Collections.Generic.IEnumerable`1[SmartParkingF.API.Models.ParkingSpot]]] GetAll() on controller SmartParkingF.API.Controllers.ParkingSpotsController (SmartParkingF.API).
2026-05-26 00:46:40.902 +03:00 [INF] Executed DbCommand (2ms) [Parameters=[], CommandType='"Text"', CommandTimeout='30']
SELECT [p].[Id], [p].[Location], [p].[PricePerHour], [p].[PricePerNight], [p].[PropertyId], [p].[SpotNumber], [p].[Status], [p].[Zone]
FROM [ParkingSpots] AS [p]
2026-05-26 00:46:40.905 +03:00 [INF] Executing ObjectResult, writing value of type 'System.Collections.Generic.List`1[[SmartParkingF.API.Models.ParkingSpot, SmartParkingF.API, Version=1.0.0.0, Culture=neutral, PublicKeyToken=null]]'.
2026-05-26 00:46:40.907 +03:00 [INF] Executed action SmartParkingF.API.Controllers.ParkingSpotsController.GetAll (SmartParkingF.API) in 7.8052ms
2026-05-26 00:46:40.908 +03:00 [INF] Executed endpoint 'SmartParkingF.API.Controllers.ParkingSpotsController.GetAll (SmartParkingF.API)'
2026-05-26 00:46:40.909 +03:00 [INF] HTTP GET /api/ParkingSpots responded 200 in 16.2297 ms
2026-05-26 00:46:40.911 +03:00 [INF] Request finished HTTP/2 GET https://localhost:7144/api/ParkingSpots - 200 null application/json; charset=utf-8 25.6331ms
2026-05-26 00:46:45.036 +03:00 [INF] Request starting HTTP/2 GET https://localhost:7144/api/ParkingSpots - null null
2026-05-26 00:46:45.045 +03:00 [INF] CORS policy execution successful.
2026-05-26 00:46:45.048 +03:00 [INF] Executing endpoint 'SmartParkingF.API.Controllers.ParkingSpotsController.GetAll (SmartParkingF.API)'
2026-05-26 00:46:45.052 +03:00 [INF] Route matched with {action = "GetAll", controller = "ParkingSpots"}. Executing controller action with signature System.Threading.Tasks.Task`1[Microsoft.AspNetCore.Mvc.ActionResult`1[System.Collections.Generic.IEnumerable`1[SmartParkingF.API.Models.ParkingSpot]]] GetAll() on controller SmartParkingF.API.Controllers.ParkingSpotsController (SmartParkingF.API).
2026-05-26 00:46:45.057 +03:00 [INF] Executed DbCommand (1ms) [Parameters=[], CommandType='"Text"', CommandTimeout='30']
SELECT [p].[Id], [p].[Location], [p].[PricePerHour], [p].[PricePerNight], [p].[PropertyId], [p].[SpotNumber], [p].[Status], [p].[Zone]
FROM [ParkingSpots] AS [p]
2026-05-26 00:46:45.062 +03:00 [INF] Executing ObjectResult, writing value of type 'System.Collections.Generic.List`1[[SmartParkingF.API.Models.ParkingSpot, SmartParkingF.API, Version=1.0.0.0, Culture=neutral, PublicKeyToken=null]]'.
2026-05-26 00:46:45.066 +03:00 [INF] Executed action SmartParkingF.API.Controllers.ParkingSpotsController.GetAll (SmartParkingF.API) in 9.8699ms
2026-05-26 00:46:45.069 +03:00 [INF] Executed endpoint 'SmartParkingF.API.Controllers.ParkingSpotsController.GetAll (SmartParkingF.API)'
2026-05-26 00:46:45.070 +03:00 [INF] HTTP GET /api/ParkingSpots responded 200 in 25.2643 ms
2026-05-26 00:46:45.073 +03:00 [INF] Request finished HTTP/2 GET https://localhost:7144/api/ParkingSpots - 200 null application/json; charset=utf-8 36.6114ms
2026-05-26 00:47:21.241 +03:00 [INF] Request starting HTTP/2 OPTIONS https://localhost:7144/api/ParkingSpots - null null
2026-05-26 00:47:21.253 +03:00 [INF] CORS policy execution successful.
2026-05-26 00:47:21.254 +03:00 [INF] HTTP OPTIONS /api/ParkingSpots responded 204 in 1.3473 ms
2026-05-26 00:47:21.256 +03:00 [INF] Request finished HTTP/2 OPTIONS https://localhost:7144/api/ParkingSpots - 204 null null 14.9704ms
2026-05-26 00:47:21.259 +03:00 [INF] Request starting HTTP/2 GET https://localhost:7144/api/ParkingSpots - null null
2026-05-26 00:47:21.263 +03:00 [INF] CORS policy execution successful.
2026-05-26 00:47:21.265 +03:00 [INF] Executing endpoint 'SmartParkingF.API.Controllers.ParkingSpotsController.GetAll (SmartParkingF.API)'
2026-05-26 00:47:21.266 +03:00 [INF] Route matched with {action = "GetAll", controller = "ParkingSpots"}. Executing controller action with signature System.Threading.Tasks.Task`1[Microsoft.AspNetCore.Mvc.ActionResult`1[System.Collections.Generic.IEnumerable`1[SmartParkingF.API.Models.ParkingSpot]]] GetAll() on controller SmartParkingF.API.Controllers.ParkingSpotsController (SmartParkingF.API).
2026-05-26 00:47:21.272 +03:00 [INF] Executed DbCommand (3ms) [Parameters=[], CommandType='"Text"', CommandTimeout='30']
SELECT [p].[Id], [p].[Location], [p].[PricePerHour], [p].[PricePerNight], [p].[PropertyId], [p].[SpotNumber], [p].[Status], [p].[Zone]
FROM [ParkingSpots] AS [p]
2026-05-26 00:47:21.275 +03:00 [INF] Executing ObjectResult, writing value of type 'System.Collections.Generic.List`1[[SmartParkingF.API.Models.ParkingSpot, SmartParkingF.API, Version=1.0.0.0, Culture=neutral, PublicKeyToken=null]]'.
2026-05-26 00:47:21.276 +03:00 [INF] Executed action SmartParkingF.API.Controllers.ParkingSpotsController.GetAll (SmartParkingF.API) in 8.4464ms
2026-05-26 00:47:21.278 +03:00 [INF] Executed endpoint 'SmartParkingF.API.Controllers.ParkingSpotsController.GetAll (SmartParkingF.API)'
2026-05-26 00:47:21.279 +03:00 [INF] HTTP GET /api/ParkingSpots responded 200 in 15.5639 ms
2026-05-26 00:47:21.282 +03:00 [INF] Request finished HTTP/2 GET https://localhost:7144/api/ParkingSpots - 200 null application/json; charset=utf-8 22.6759ms
2026-05-26 00:47:43.132 +03:00 [INF] Request starting HTTP/2 GET https://localhost:7144/api/ParkingSpots - null null
2026-05-26 00:47:43.318 +03:00 [INF] Executing endpoint 'SmartParkingF.API.Controllers.ParkingSpotsController.GetAll (SmartParkingF.API)'
2026-05-26 00:47:43.320 +03:00 [INF] Route matched with {action = "GetAll", controller = "ParkingSpots"}. Executing controller action with signature System.Threading.Tasks.Task`1[Microsoft.AspNetCore.Mvc.ActionResult`1[System.Collections.Generic.IEnumerable`1[SmartParkingF.API.Models.ParkingSpot]]] GetAll() on controller SmartParkingF.API.Controllers.ParkingSpotsController (SmartParkingF.API).
2026-05-26 00:47:43.323 +03:00 [INF] Executed DbCommand (1ms) [Parameters=[], CommandType='"Text"', CommandTimeout='30']
SELECT [p].[Id], [p].[Location], [p].[PricePerHour], [p].[PricePerNight], [p].[PropertyId], [p].[SpotNumber], [p].[Status], [p].[Zone]
FROM [ParkingSpots] AS [p]
2026-05-26 00:47:43.327 +03:00 [INF] Executing ObjectResult, writing value of type 'System.Collections.Generic.List`1[[SmartParkingF.API.Models.ParkingSpot, SmartParkingF.API, Version=1.0.0.0, Culture=neutral, PublicKeyToken=null]]'.
2026-05-26 00:47:43.342 +03:00 [INF] Executed action SmartParkingF.API.Controllers.ParkingSpotsController.GetAll (SmartParkingF.API) in 20.2027ms
2026-05-26 00:47:43.344 +03:00 [INF] Executed endpoint 'SmartParkingF.API.Controllers.ParkingSpotsController.GetAll (SmartParkingF.API)'
2026-05-26 00:47:43.345 +03:00 [INF] HTTP GET /api/ParkingSpots responded 200 in 26.5113 ms
2026-05-26 00:47:43.348 +03:00 [INF] Request finished HTTP/2 GET https://localhost:7144/api/ParkingSpots - 200 null application/json; charset=utf-8 216.6763ms
2026-05-26 00:47:43.389 +03:00 [INF] Request starting HTTP/2 GET https://localhost:7144/favicon.ico - null null
2026-05-26 00:47:43.392 +03:00 [INF] HTTP GET /favicon.ico responded 404 in 1.0679 ms
2026-05-26 00:47:43.394 +03:00 [INF] Request finished HTTP/2 GET https://localhost:7144/favicon.ico - 404 0 null 5.3264ms
2026-05-26 00:47:43.399 +03:00 [INF] Request reached the end of the middleware pipeline without being handled by application code. Request path: GET https://localhost:7144/favicon.ico, Response status code: 404
2026-05-26 00:51:09.562 +03:00 [INF] Request starting HTTP/2 OPTIONS https://localhost:7144/api/ParkingSpots - null null
2026-05-26 00:51:09.563 +03:00 [INF] Request starting HTTP/2 OPTIONS https://localhost:7144/api/ParkingSpots - null null
2026-05-26 00:51:09.568 +03:00 [INF] CORS policy execution successful.
2026-05-26 00:51:09.570 +03:00 [INF] CORS policy execution successful.
2026-05-26 00:51:09.571 +03:00 [INF] HTTP OPTIONS /api/ParkingSpots responded 204 in 2.8130 ms
2026-05-26 00:51:09.571 +03:00 [INF] HTTP OPTIONS /api/ParkingSpots responded 204 in 1.4574 ms
2026-05-26 00:51:09.573 +03:00 [INF] Request finished HTTP/2 OPTIONS https://localhost:7144/api/ParkingSpots - 204 null null 10.7153ms
2026-05-26 00:51:09.576 +03:00 [INF] Request starting HTTP/2 GET https://localhost:7144/api/ParkingSpots - null null
2026-05-26 00:51:09.613 +03:00 [INF] CORS policy execution successful.
2026-05-26 00:51:09.614 +03:00 [INF] Executing endpoint 'SmartParkingF.API.Controllers.ParkingSpotsController.GetAll (SmartParkingF.API)'
2026-05-26 00:51:09.575 +03:00 [INF] Request finished HTTP/2 OPTIONS https://localhost:7144/api/ParkingSpots - 204 null null 12.6007ms
2026-05-26 00:51:09.615 +03:00 [INF] Route matched with {action = "GetAll", controller = "ParkingSpots"}. Executing controller action with signature System.Threading.Tasks.Task`1[Microsoft.AspNetCore.Mvc.ActionResult`1[System.Collections.Generic.IEnumerable`1[SmartParkingF.API.Models.ParkingSpot]]] GetAll() on controller SmartParkingF.API.Controllers.ParkingSpotsController (SmartParkingF.API).
2026-05-26 00:51:09.622 +03:00 [INF] Executed DbCommand (2ms) [Parameters=[], CommandType='"Text"', CommandTimeout='30']
SELECT [p].[Id], [p].[Location], [p].[PricePerHour], [p].[PricePerNight], [p].[PropertyId], [p].[SpotNumber], [p].[Status], [p].[Zone]
FROM [ParkingSpots] AS [p]
2026-05-26 00:51:09.625 +03:00 [INF] Executing ObjectResult, writing value of type 'System.Collections.Generic.List`1[[SmartParkingF.API.Models.ParkingSpot, SmartParkingF.API, Version=1.0.0.0, Culture=neutral, PublicKeyToken=null]]'.
2026-05-26 00:51:09.626 +03:00 [INF] Executed action SmartParkingF.API.Controllers.ParkingSpotsController.GetAll (SmartParkingF.API) in 6.9791ms
2026-05-26 00:51:09.628 +03:00 [INF] Request starting HTTP/2 GET https://localhost:7144/api/ParkingSpots - null null
2026-05-26 00:51:09.628 +03:00 [INF] Executed endpoint 'SmartParkingF.API.Controllers.ParkingSpotsController.GetAll (SmartParkingF.API)'
2026-05-26 00:51:09.630 +03:00 [INF] CORS policy execution successful.
2026-05-26 00:51:09.631 +03:00 [INF] HTTP GET /api/ParkingSpots responded 200 in 18.1387 ms
2026-05-26 00:51:09.632 +03:00 [INF] Executing endpoint 'SmartParkingF.API.Controllers.ParkingSpotsController.GetAll (SmartParkingF.API)'
2026-05-26 00:51:09.634 +03:00 [INF] Request finished HTTP/2 GET https://localhost:7144/api/ParkingSpots - 200 null application/json; charset=utf-8 58.1598ms
2026-05-26 00:51:09.635 +03:00 [INF] Route matched with {action = "GetAll", controller = "ParkingSpots"}. Executing controller action with signature System.Threading.Tasks.Task`1[Microsoft.AspNetCore.Mvc.ActionResult`1[System.Collections.Generic.IEnumerable`1[SmartParkingF.API.Models.ParkingSpot]]] GetAll() on controller SmartParkingF.API.Controllers.ParkingSpotsController (SmartParkingF.API).
2026-05-26 00:51:09.641 +03:00 [INF] Executed DbCommand (1ms) [Parameters=[], CommandType='"Text"', CommandTimeout='30']
SELECT [p].[Id], [p].[Location], [p].[PricePerHour], [p].[PricePerNight], [p].[PropertyId], [p].[SpotNumber], [p].[Status], [p].[Zone]
FROM [ParkingSpots] AS [p]
2026-05-26 00:51:09.643 +03:00 [INF] Executing ObjectResult, writing value of type 'System.Collections.Generic.List`1[[SmartParkingF.API.Models.ParkingSpot, SmartParkingF.API, Version=1.0.0.0, Culture=neutral, PublicKeyToken=null]]'.
2026-05-26 00:51:09.644 +03:00 [INF] Executed action SmartParkingF.API.Controllers.ParkingSpotsController.GetAll (SmartParkingF.API) in 5.5103ms
2026-05-26 00:51:09.646 +03:00 [INF] Executed endpoint 'SmartParkingF.API.Controllers.ParkingSpotsController.GetAll (SmartParkingF.API)'
2026-05-26 00:51:09.647 +03:00 [INF] HTTP GET /api/ParkingSpots responded 200 in 16.4185 ms
2026-05-26 00:51:09.648 +03:00 [INF] Request finished HTTP/2 GET https://localhost:7144/api/ParkingSpots - 200 null application/json; charset=utf-8 20.6227ms
2026-05-26 00:51:19.072 +03:00 [INF] Request starting HTTP/2 OPTIONS https://localhost:7144/api/Reservations/Cancel/2 - null null
2026-05-26 00:51:19.082 +03:00 [INF] CORS policy execution successful.
2026-05-26 00:51:19.085 +03:00 [INF] HTTP OPTIONS /api/Reservations/Cancel/2 responded 204 in 2.6001 ms
2026-05-26 00:51:19.088 +03:00 [INF] Request finished HTTP/2 OPTIONS https://localhost:7144/api/Reservations/Cancel/2 - 204 null null 16.2223ms
2026-05-26 00:51:19.090 +03:00 [INF] Request starting HTTP/2 DELETE https://localhost:7144/api/Reservations/Cancel/2 - null null
2026-05-26 00:51:19.096 +03:00 [INF] CORS policy execution successful.
2026-05-26 00:51:19.097 +03:00 [INF] Executing endpoint 'SmartParkingF.API.Controllers.ReservationsController.CancelReservation (SmartParkingF.API)'
2026-05-26 00:51:19.110 +03:00 [INF] Route matched with {action = "CancelReservation", controller = "Reservations"}. Executing controller action with signature System.Threading.Tasks.Task`1[Microsoft.AspNetCore.Mvc.IActionResult] CancelReservation(Int32) on controller SmartParkingF.API.Controllers.ReservationsController (SmartParkingF.API).
2026-05-26 00:51:19.179 +03:00 [INF] Executed DbCommand (4ms) [Parameters=[@reservationId='?' (DbType = Int32)], CommandType='"Text"', CommandTimeout='30']
SELECT TOP(1) [r].[Id], [r].[BookingType], [r].[CarPlateNumber], [r].[CreatedAt], [r].[EndTime], [r].[ParkingSpotId], [r].[PropertyId], [r].[QrCodeData], [r].[StartTime], [r].[Status], [r].[TotalPrice], [r].[UserId], [p].[Id], [p].[Location], [p].[PricePerHour], [p].[PricePerNight], [p].[PropertyId], [p].[SpotNumber], [p].[Status], [p].[Zone]
FROM [Reservations] AS [r]
LEFT JOIN [ParkingSpots] AS [p] ON [r].[ParkingSpotId] = [p].[Id]
WHERE [r].[Id] = @reservationId
2026-05-26 00:51:19.184 +03:00 [INF] Executing NotFoundObjectResult, writing value of type '<>f__AnonymousType6`1[[System.String, System.Private.CoreLib, Version=10.0.0.0, Culture=neutral, PublicKeyToken=7cec85d7bea7798e]]'.
2026-05-26 00:51:19.186 +03:00 [INF] Executed action SmartParkingF.API.Controllers.ReservationsController.CancelReservation (SmartParkingF.API) in 74.0219ms
2026-05-26 00:51:19.188 +03:00 [INF] Executed endpoint 'SmartParkingF.API.Controllers.ReservationsController.CancelReservation (SmartParkingF.API)'
2026-05-26 00:51:19.189 +03:00 [INF] HTTP DELETE /api/Reservations/Cancel/2 responded 404 in 93.5173 ms
2026-05-26 00:51:19.191 +03:00 [INF] Request finished HTTP/2 DELETE https://localhost:7144/api/Reservations/Cancel/2 - 404 null application/json; charset=utf-8 100.8075ms
2026-05-26 00:51:23.355 +03:00 [INF] Request starting HTTP/2 DELETE https://localhost:7144/api/Reservations/Cancel/2 - null null
2026-05-26 00:51:23.361 +03:00 [INF] CORS policy execution successful.
2026-05-26 00:51:23.362 +03:00 [INF] Executing endpoint 'SmartParkingF.API.Controllers.ReservationsController.CancelReservation (SmartParkingF.API)'
2026-05-26 00:51:23.364 +03:00 [INF] Route matched with {action = "CancelReservation", controller = "Reservations"}. Executing controller action with signature System.Threading.Tasks.Task`1[Microsoft.AspNetCore.Mvc.IActionResult] CancelReservation(Int32) on controller SmartParkingF.API.Controllers.ReservationsController (SmartParkingF.API).
2026-05-26 00:51:23.378 +03:00 [INF] Executed DbCommand (1ms) [Parameters=[@reservationId='?' (DbType = Int32)], CommandType='"Text"', CommandTimeout='30']
SELECT TOP(1) [r].[Id], [r].[BookingType], [r].[CarPlateNumber], [r].[CreatedAt], [r].[EndTime], [r].[ParkingSpotId], [r].[PropertyId], [r].[QrCodeData], [r].[StartTime], [r].[Status], [r].[TotalPrice], [r].[UserId], [p].[Id], [p].[Location], [p].[PricePerHour], [p].[PricePerNight], [p].[PropertyId], [p].[SpotNumber], [p].[Status], [p].[Zone]
FROM [Reservations] AS [r]
LEFT JOIN [ParkingSpots] AS [p] ON [r].[ParkingSpotId] = [p].[Id]
WHERE [r].[Id] = @reservationId
2026-05-26 00:51:23.382 +03:00 [INF] Executing NotFoundObjectResult, writing value of type '<>f__AnonymousType6`1[[System.String, System.Private.CoreLib, Version=10.0.0.0, Culture=neutral, PublicKeyToken=7cec85d7bea7798e]]'.
2026-05-26 00:51:23.400 +03:00 [INF] Executed action SmartParkingF.API.Controllers.ReservationsController.CancelReservation (SmartParkingF.API) in 33.4412ms
2026-05-26 00:51:23.403 +03:00 [INF] Executed endpoint 'SmartParkingF.API.Controllers.ReservationsController.CancelReservation (SmartParkingF.API)'
2026-05-26 00:51:23.404 +03:00 [INF] HTTP DELETE /api/Reservations/Cancel/2 responded 404 in 43.3281 ms
2026-05-26 00:51:23.408 +03:00 [INF] Request finished HTTP/2 DELETE https://localhost:7144/api/Reservations/Cancel/2 - 404 null application/json; charset=utf-8 53.8445ms
2026-05-26 00:53:13.311 +03:00 [INF] Request starting HTTP/2 GET https://localhost:7144/api/Reservations - null null
2026-05-26 00:53:13.323 +03:00 [INF] Executing endpoint 'SmartParkingF.API.Controllers.ReservationsController.GetReservations (SmartParkingF.API)'
2026-05-26 00:53:13.338 +03:00 [INF] Route matched with {action = "GetReservations", controller = "Reservations"}. Executing controller action with signature System.Threading.Tasks.Task`1[Microsoft.AspNetCore.Mvc.ActionResult`1[System.Collections.Generic.IEnumerable`1[System.Object]]] GetReservations() on controller SmartParkingF.API.Controllers.ReservationsController (SmartParkingF.API).
2026-05-26 00:53:13.461 +03:00 [INF] Executed DbCommand (21ms) [Parameters=[], CommandType='"Text"', CommandTimeout='30']
SELECT [r].[Id], [r].[StartTime], [r].[EndTime], [r].[TotalPrice], [r].[Status], [r].[QrCodeData], [r].[CreatedAt], CASE
    WHEN [p].[Id] IS NOT NULL THEN [p].[SpotNumber]
    ELSE N'N/A'
END AS [SpotNumber], [p0].[Name] AS [PropertyName], [u].[Email] AS [UserEmail]
FROM [Reservations] AS [r]
LEFT JOIN [ParkingSpots] AS [p] ON [r].[ParkingSpotId] = [p].[Id]
INNER JOIN [Properties] AS [p0] ON [r].[PropertyId] = [p0].[Id]
INNER JOIN [Users] AS [u] ON [r].[UserId] = [u].[Id]
ORDER BY [r].[CreatedAt] DESC
2026-05-26 00:53:13.469 +03:00 [INF] Executing ObjectResult, writing value of type 'System.Collections.Generic.List`1[[<>f__AnonymousType10`10[[System.Int32, System.Private.CoreLib, Version=10.0.0.0, Culture=neutral, PublicKeyToken=7cec85d7bea7798e],[System.DateTime, System.Private.CoreLib, Version=10.0.0.0, Culture=neutral, PublicKeyToken=7cec85d7bea7798e],[System.DateTime, System.Private.CoreLib, Version=10.0.0.0, Culture=neutral, PublicKeyToken=7cec85d7bea7798e],[System.Decimal, System.Private.CoreLib, Version=10.0.0.0, Culture=neutral, PublicKeyToken=7cec85d7bea7798e],[System.String, System.Private.CoreLib, Version=10.0.0.0, Culture=neutral, PublicKeyToken=7cec85d7bea7798e],[System.String, System.Private.CoreLib, Version=10.0.0.0, Culture=neutral, PublicKeyToken=7cec85d7bea7798e],[System.DateTime, System.Private.CoreLib, Version=10.0.0.0, Culture=neutral, PublicKeyToken=7cec85d7bea7798e],[System.String, System.Private.CoreLib, Version=10.0.0.0, Culture=neutral, PublicKeyToken=7cec85d7bea7798e],[System.String, System.Private.CoreLib, Version=10.0.0.0, Culture=neutral, PublicKeyToken=7cec85d7bea7798e],[System.String, System.Private.CoreLib, Version=10.0.0.0, Culture=neutral, PublicKeyToken=7cec85d7bea7798e]], SmartParkingF.API, Version=1.0.0.0, Culture=neutral, PublicKeyToken=null]]'.
2026-05-26 00:53:13.476 +03:00 [INF] Executed action SmartParkingF.API.Controllers.ReservationsController.GetReservations (SmartParkingF.API) in 134.5736ms
2026-05-26 00:53:13.478 +03:00 [INF] Executed endpoint 'SmartParkingF.API.Controllers.ReservationsController.GetReservations (SmartParkingF.API)'
2026-05-26 00:53:13.479 +03:00 [INF] HTTP GET /api/Reservations responded 200 in 156.2918 ms
2026-05-26 00:53:13.487 +03:00 [INF] Request finished HTTP/2 GET https://localhost:7144/api/Reservations - 200 null application/json; charset=utf-8 176.62ms
2026-05-26 00:55:24.268 +03:00 [INF] Request starting HTTP/2 OPTIONS https://localhost:7144/api/ParkingSpots - null null
2026-05-26 00:55:24.268 +03:00 [INF] Request starting HTTP/2 OPTIONS https://localhost:7144/api/ParkingSpots - null null
2026-05-26 00:55:24.295 +03:00 [INF] CORS policy execution successful.
2026-05-26 00:55:24.298 +03:00 [INF] CORS policy execution successful.
2026-05-26 00:55:24.299 +03:00 [INF] HTTP OPTIONS /api/ParkingSpots responded 204 in 4.1647 ms
2026-05-26 00:55:24.300 +03:00 [INF] HTTP OPTIONS /api/ParkingSpots responded 204 in 2.0366 ms
2026-05-26 00:55:24.303 +03:00 [INF] Request finished HTTP/2 OPTIONS https://localhost:7144/api/ParkingSpots - 204 null null 35.0384ms
2026-05-26 00:55:24.305 +03:00 [INF] Request starting HTTP/2 GET https://localhost:7144/api/ParkingSpots - null null
2026-05-26 00:55:24.305 +03:00 [INF] Request finished HTTP/2 OPTIONS https://localhost:7144/api/ParkingSpots - 204 null null 37.3667ms
2026-05-26 00:55:24.313 +03:00 [INF] CORS policy execution successful.
2026-05-26 00:55:24.318 +03:00 [INF] Executing endpoint 'SmartParkingF.API.Controllers.ParkingSpotsController.GetAll (SmartParkingF.API)'
2026-05-26 00:55:24.320 +03:00 [INF] Route matched with {action = "GetAll", controller = "ParkingSpots"}. Executing controller action with signature System.Threading.Tasks.Task`1[Microsoft.AspNetCore.Mvc.ActionResult`1[System.Collections.Generic.IEnumerable`1[SmartParkingF.API.Models.ParkingSpot]]] GetAll() on controller SmartParkingF.API.Controllers.ParkingSpotsController (SmartParkingF.API).
2026-05-26 00:55:24.327 +03:00 [INF] Executed DbCommand (4ms) [Parameters=[], CommandType='"Text"', CommandTimeout='30']
SELECT [p].[Id], [p].[Location], [p].[PricePerHour], [p].[PricePerNight], [p].[PropertyId], [p].[SpotNumber], [p].[Status], [p].[Zone]
FROM [ParkingSpots] AS [p]
2026-05-26 00:55:24.331 +03:00 [INF] Executing ObjectResult, writing value of type 'System.Collections.Generic.List`1[[SmartParkingF.API.Models.ParkingSpot, SmartParkingF.API, Version=1.0.0.0, Culture=neutral, PublicKeyToken=null]]'.
2026-05-26 00:55:24.336 +03:00 [INF] Executed action SmartParkingF.API.Controllers.ParkingSpotsController.GetAll (SmartParkingF.API) in 13.6569ms
2026-05-26 00:55:24.339 +03:00 [INF] Request starting HTTP/2 GET https://localhost:7144/api/ParkingSpots - null null
2026-05-26 00:55:24.339 +03:00 [INF] Executed endpoint 'SmartParkingF.API.Controllers.ParkingSpotsController.GetAll (SmartParkingF.API)'
2026-05-26 00:55:24.342 +03:00 [INF] CORS policy execution successful.
2026-05-26 00:55:24.343 +03:00 [INF] HTTP GET /api/ParkingSpots responded 200 in 30.7235 ms
2026-05-26 00:55:24.345 +03:00 [INF] Executing endpoint 'SmartParkingF.API.Controllers.ParkingSpotsController.GetAll (SmartParkingF.API)'
2026-05-26 00:55:24.347 +03:00 [INF] Request finished HTTP/2 GET https://localhost:7144/api/ParkingSpots - 200 null application/json; charset=utf-8 42.026ms
2026-05-26 00:55:24.348 +03:00 [INF] Route matched with {action = "GetAll", controller = "ParkingSpots"}. Executing controller action with signature System.Threading.Tasks.Task`1[Microsoft.AspNetCore.Mvc.ActionResult`1[System.Collections.Generic.IEnumerable`1[SmartParkingF.API.Models.ParkingSpot]]] GetAll() on controller SmartParkingF.API.Controllers.ParkingSpotsController (SmartParkingF.API).
2026-05-26 00:55:24.354 +03:00 [INF] Executed DbCommand (1ms) [Parameters=[], CommandType='"Text"', CommandTimeout='30']
SELECT [p].[Id], [p].[Location], [p].[PricePerHour], [p].[PricePerNight], [p].[PropertyId], [p].[SpotNumber], [p].[Status], [p].[Zone]
FROM [ParkingSpots] AS [p]
2026-05-26 00:55:24.357 +03:00 [INF] Executing ObjectResult, writing value of type 'System.Collections.Generic.List`1[[SmartParkingF.API.Models.ParkingSpot, SmartParkingF.API, Version=1.0.0.0, Culture=neutral, PublicKeyToken=null]]'.
2026-05-26 00:55:24.359 +03:00 [INF] Executed action SmartParkingF.API.Controllers.ParkingSpotsController.GetAll (SmartParkingF.API) in 5.621ms
2026-05-26 00:55:24.360 +03:00 [INF] Executed endpoint 'SmartParkingF.API.Controllers.ParkingSpotsController.GetAll (SmartParkingF.API)'
2026-05-26 00:55:24.361 +03:00 [INF] HTTP GET /api/ParkingSpots responded 200 in 19.1880 ms
2026-05-26 00:55:24.364 +03:00 [INF] Request finished HTTP/2 GET https://localhost:7144/api/ParkingSpots - 200 null application/json; charset=utf-8 25.5659ms
2026-05-26 00:55:32.592 +03:00 [INF] Request starting HTTP/2 OPTIONS https://localhost:7144/api/ParkingSpots - null null
2026-05-26 00:55:32.594 +03:00 [INF] Request starting HTTP/2 OPTIONS https://localhost:7144/api/ParkingSpots - null null
2026-05-26 00:55:32.605 +03:00 [INF] CORS policy execution successful.
2026-05-26 00:55:32.607 +03:00 [INF] CORS policy execution successful.
2026-05-26 00:55:32.609 +03:00 [INF] HTTP OPTIONS /api/ParkingSpots responded 204 in 1.7338 ms
2026-05-26 00:55:32.608 +03:00 [INF] HTTP OPTIONS /api/ParkingSpots responded 204 in 3.6870 ms
2026-05-26 00:55:32.612 +03:00 [INF] Request finished HTTP/2 OPTIONS https://localhost:7144/api/ParkingSpots - 204 null null 19.9381ms
2026-05-26 00:55:32.613 +03:00 [INF] Request starting HTTP/2 GET https://localhost:7144/api/ParkingSpots - null null
2026-05-26 00:55:32.611 +03:00 [INF] Request finished HTTP/2 OPTIONS https://localhost:7144/api/ParkingSpots - 204 null null 17.1212ms
2026-05-26 00:55:32.675 +03:00 [INF] CORS policy execution successful.
2026-05-26 00:55:32.679 +03:00 [INF] Executing endpoint 'SmartParkingF.API.Controllers.ParkingSpotsController.GetAll (SmartParkingF.API)'
2026-05-26 00:55:32.681 +03:00 [INF] Route matched with {action = "GetAll", controller = "ParkingSpots"}. Executing controller action with signature System.Threading.Tasks.Task`1[Microsoft.AspNetCore.Mvc.ActionResult`1[System.Collections.Generic.IEnumerable`1[SmartParkingF.API.Models.ParkingSpot]]] GetAll() on controller SmartParkingF.API.Controllers.ParkingSpotsController (SmartParkingF.API).
2026-05-26 00:55:32.687 +03:00 [INF] Executed DbCommand (1ms) [Parameters=[], CommandType='"Text"', CommandTimeout='30']
SELECT [p].[Id], [p].[Location], [p].[PricePerHour], [p].[PricePerNight], [p].[PropertyId], [p].[SpotNumber], [p].[Status], [p].[Zone]
FROM [ParkingSpots] AS [p]
2026-05-26 00:55:32.691 +03:00 [INF] Executing ObjectResult, writing value of type 'System.Collections.Generic.List`1[[SmartParkingF.API.Models.ParkingSpot, SmartParkingF.API, Version=1.0.0.0, Culture=neutral, PublicKeyToken=null]]'.
2026-05-26 00:55:32.694 +03:00 [INF] Executed action SmartParkingF.API.Controllers.ParkingSpotsController.GetAll (SmartParkingF.API) in 8.697ms
2026-05-26 00:55:32.696 +03:00 [INF] Request starting HTTP/2 GET https://localhost:7144/api/ParkingSpots - null null
2026-05-26 00:55:32.711 +03:00 [INF] Executed endpoint 'SmartParkingF.API.Controllers.ParkingSpotsController.GetAll (SmartParkingF.API)'
2026-05-26 00:55:32.717 +03:00 [INF] CORS policy execution successful.
2026-05-26 00:55:32.721 +03:00 [INF] HTTP GET /api/ParkingSpots responded 200 in 46.1954 ms
2026-05-26 00:55:32.722 +03:00 [INF] Executing endpoint 'SmartParkingF.API.Controllers.ParkingSpotsController.GetAll (SmartParkingF.API)'
2026-05-26 00:55:32.725 +03:00 [INF] Request finished HTTP/2 GET https://localhost:7144/api/ParkingSpots - 200 null application/json; charset=utf-8 111.3789ms
2026-05-26 00:55:32.726 +03:00 [INF] Route matched with {action = "GetAll", controller = "ParkingSpots"}. Executing controller action with signature System.Threading.Tasks.Task`1[Microsoft.AspNetCore.Mvc.ActionResult`1[System.Collections.Generic.IEnumerable`1[SmartParkingF.API.Models.ParkingSpot]]] GetAll() on controller SmartParkingF.API.Controllers.ParkingSpotsController (SmartParkingF.API).
2026-05-26 00:55:32.746 +03:00 [INF] Executed DbCommand (3ms) [Parameters=[], CommandType='"Text"', CommandTimeout='30']
SELECT [p].[Id], [p].[Location], [p].[PricePerHour], [p].[PricePerNight], [p].[PropertyId], [p].[SpotNumber], [p].[Status], [p].[Zone]
FROM [ParkingSpots] AS [p]
2026-05-26 00:55:32.763 +03:00 [INF] Executing ObjectResult, writing value of type 'System.Collections.Generic.List`1[[SmartParkingF.API.Models.ParkingSpot, SmartParkingF.API, Version=1.0.0.0, Culture=neutral, PublicKeyToken=null]]'.
2026-05-26 00:55:32.769 +03:00 [INF] Executed action SmartParkingF.API.Controllers.ParkingSpotsController.GetAll (SmartParkingF.API) in 29.1033ms
2026-05-26 00:55:32.771 +03:00 [INF] Executed endpoint 'SmartParkingF.API.Controllers.ParkingSpotsController.GetAll (SmartParkingF.API)'
2026-05-26 00:55:32.774 +03:00 [INF] HTTP GET /api/ParkingSpots responded 200 in 57.0514 ms
2026-05-26 00:55:32.777 +03:00 [INF] Request finished HTTP/2 GET https://localhost:7144/api/ParkingSpots - 200 null application/json; charset=utf-8 80.497ms
2026-05-26 00:55:36.896 +03:00 [INF] Request starting HTTP/2 OPTIONS https://localhost:7144/api/Reservations - null null
2026-05-26 00:55:36.898 +03:00 [INF] CORS policy execution successful.
2026-05-26 00:55:36.899 +03:00 [INF] HTTP OPTIONS /api/Reservations responded 204 in 0.8366 ms
2026-05-26 00:55:36.901 +03:00 [INF] Request finished HTTP/2 OPTIONS https://localhost:7144/api/Reservations - 204 null null 5.8929ms
2026-05-26 00:55:36.903 +03:00 [INF] Request starting HTTP/2 POST https://localhost:7144/api/Reservations - application/json 128
2026-05-26 00:55:36.907 +03:00 [INF] CORS policy execution successful.
2026-05-26 00:55:36.908 +03:00 [INF] Executing endpoint 'SmartParkingF.API.Controllers.ReservationsController.PostReservation (SmartParkingF.API)'
2026-05-26 00:55:36.920 +03:00 [INF] Route matched with {action = "PostReservation", controller = "Reservations"}. Executing controller action with signature System.Threading.Tasks.Task`1[Microsoft.AspNetCore.Mvc.ActionResult] PostReservation(SmartParkingF.API.Models.ReservationDto) on controller SmartParkingF.API.Controllers.ReservationsController (SmartParkingF.API).
2026-05-26 00:55:36.952 +03:00 [INF] Executed DbCommand (3ms) [Parameters=[@p='?' (DbType = Int32)], CommandType='"Text"', CommandTimeout='30']
SELECT TOP(1) [p].[Id], [p].[Location], [p].[PricePerHour], [p].[PricePerNight], [p].[PropertyId], [p].[SpotNumber], [p].[Status], [p].[Zone]
FROM [ParkingSpots] AS [p]
WHERE [p].[Id] = @p
2026-05-26 00:55:36.956 +03:00 [INF] Executed DbCommand (2ms) [Parameters=[@p='?' (DbType = Int32)], CommandType='"Text"', CommandTimeout='30']
SELECT TOP(1) [p].[Id], [p].[Bathrooms], [p].[Bedrooms], [p].[CreatedAt], [p].[Description], [p].[HasSmartParking], [p].[ImageUrl], [p].[IsSold], [p].[ListingType], [p].[Location], [p].[Name], [p].[Price], [p].[PricePerHour], [p].[PricePerNight], [p].[Rating], [p].[SalePrice], [p].[Title], [p].[TotalSpots]
FROM [Properties] AS [p]
WHERE [p].[Id] = @p
2026-05-26 00:55:36.987 +03:00 [INF] Executed DbCommand (4ms) [Parameters=[@reservationDto_ParkingSpotId='?' (DbType = Int32), @reservationDto_StartDate='?' (DbType = DateTime2), @reservationDto_EndDate='?' (DbType = DateTime2)], CommandType='"Text"', CommandTimeout='30']
SELECT CASE
    WHEN EXISTS (
        SELECT 1
        FROM [Reservations] AS [r]
        WHERE [r].[ParkingSpotId] = @reservationDto_ParkingSpotId AND [r].[Status] = N'Confirmed' AND @reservationDto_StartDate < [r].[EndTime] AND @reservationDto_EndDate > [r].[StartTime]) THEN CAST(1 AS bit)
    ELSE CAST(0 AS bit)
END
2026-05-26 00:55:37.071 +03:00 [WRN] Savepoints are disabled because Multiple Active Result Sets (MARS) is enabled. If 'SaveChanges' fails, then the transaction cannot be automatically rolled back to a known clean state. Instead, the transaction should be rolled back by the application before retrying 'SaveChanges'. See https://go.microsoft.com/fwlink/?linkid=2149338 for more information and examples. To identify the code which triggers this warning, call 'ConfigureWarnings(w => w.Throw(SqlServerEventId.SavepointsDisabledBecauseOfMARS))'.
2026-05-26 00:55:37.080 +03:00 [INF] Executed DbCommand (8ms) [Parameters=[@p1='?' (DbType = Int32), @p0='?' (Size = 4000), @p2='?' (Size = 4000), @p3='?' (Size = 4000), @p4='?' (DbType = DateTime2), @p5='?' (DbType = DateTime2), @p6='?' (DbType = Int32), @p7='?' (DbType = Int32), @p8='?' (Size = 4000), @p9='?' (DbType = DateTime2), @p10='?' (Size = 4000), @p11='?' (Precision = 18) (Scale = 2) (DbType = Decimal), @p12='?' (DbType = Int32)], CommandType='"Text"', CommandTimeout='30']
SET NOCOUNT ON;
UPDATE [ParkingSpots] SET [Status] = @p0
OUTPUT 1
WHERE [Id] = @p1;
INSERT INTO [Reservations] ([BookingType], [CarPlateNumber], [CreatedAt], [EndTime], [ParkingSpotId], [PropertyId], [QrCodeData], [StartTime], [Status], [TotalPrice], [UserId])
OUTPUT INSERTED.[Id]
VALUES (@p2, @p3, @p4, @p5, @p6, @p7, @p8, @p9, @p10, @p11, @p12);
2026-05-26 00:55:37.091 +03:00 [INF] Executing OkObjectResult, writing value of type '<>f__AnonymousType15`3[[System.Boolean, System.Private.CoreLib, Version=10.0.0.0, Culture=neutral, PublicKeyToken=7cec85d7bea7798e],[System.String, System.Private.CoreLib, Version=10.0.0.0, Culture=neutral, PublicKeyToken=7cec85d7bea7798e],[System.Int32, System.Private.CoreLib, Version=10.0.0.0, Culture=neutral, PublicKeyToken=7cec85d7bea7798e]]'.
2026-05-26 00:55:37.095 +03:00 [INF] Executed action SmartParkingF.API.Controllers.ReservationsController.PostReservation (SmartParkingF.API) in 173.4014ms
2026-05-26 00:55:37.096 +03:00 [INF] Executed endpoint 'SmartParkingF.API.Controllers.ReservationsController.PostReservation (SmartParkingF.API)'
2026-05-26 00:55:37.097 +03:00 [INF] HTTP POST /api/Reservations responded 200 in 190.5819 ms
2026-05-26 00:55:37.099 +03:00 [INF] Request finished HTTP/2 POST https://localhost:7144/api/Reservations - 200 null application/json; charset=utf-8 195.9392ms
2026-05-26 00:55:38.001 +03:00 [INF] Request starting HTTP/2 OPTIONS https://localhost:7144/api/ParkingSpots - null null
2026-05-26 00:55:38.007 +03:00 [INF] CORS policy execution successful.
2026-05-26 00:55:38.009 +03:00 [INF] HTTP OPTIONS /api/ParkingSpots responded 204 in 1.7695 ms
2026-05-26 00:55:38.014 +03:00 [INF] Request finished HTTP/2 OPTIONS https://localhost:7144/api/ParkingSpots - 204 null null 12.8003ms
2026-05-26 00:55:38.016 +03:00 [INF] Request starting HTTP/2 GET https://localhost:7144/api/ParkingSpots - null null
2026-05-26 00:55:38.029 +03:00 [INF] CORS policy execution successful.
2026-05-26 00:55:38.031 +03:00 [INF] Executing endpoint 'SmartParkingF.API.Controllers.ParkingSpotsController.GetAll (SmartParkingF.API)'
2026-05-26 00:55:38.033 +03:00 [INF] Route matched with {action = "GetAll", controller = "ParkingSpots"}. Executing controller action with signature System.Threading.Tasks.Task`1[Microsoft.AspNetCore.Mvc.ActionResult`1[System.Collections.Generic.IEnumerable`1[SmartParkingF.API.Models.ParkingSpot]]] GetAll() on controller SmartParkingF.API.Controllers.ParkingSpotsController (SmartParkingF.API).
2026-05-26 00:55:38.037 +03:00 [INF] Executed DbCommand (1ms) [Parameters=[], CommandType='"Text"', CommandTimeout='30']
SELECT [p].[Id], [p].[Location], [p].[PricePerHour], [p].[PricePerNight], [p].[PropertyId], [p].[SpotNumber], [p].[Status], [p].[Zone]
FROM [ParkingSpots] AS [p]
2026-05-26 00:55:38.041 +03:00 [INF] Executing ObjectResult, writing value of type 'System.Collections.Generic.List`1[[SmartParkingF.API.Models.ParkingSpot, SmartParkingF.API, Version=1.0.0.0, Culture=neutral, PublicKeyToken=null]]'.
2026-05-26 00:55:38.043 +03:00 [INF] Executed action SmartParkingF.API.Controllers.ParkingSpotsController.GetAll (SmartParkingF.API) in 7.6015ms
2026-05-26 00:55:38.045 +03:00 [INF] Executed endpoint 'SmartParkingF.API.Controllers.ParkingSpotsController.GetAll (SmartParkingF.API)'
2026-05-26 00:55:38.046 +03:00 [INF] HTTP GET /api/ParkingSpots responded 200 in 16.4266 ms
2026-05-26 00:55:38.048 +03:00 [INF] Request finished HTTP/2 GET https://localhost:7144/api/ParkingSpots - 200 null application/json; charset=utf-8 31.4768ms
2026-05-26 00:57:29.275 +03:00 [INF] Request starting HTTP/2 OPTIONS https://localhost:7144/api/ParkingSpots - null null
2026-05-26 00:57:29.286 +03:00 [INF] CORS policy execution successful.
2026-05-26 00:57:29.287 +03:00 [INF] HTTP OPTIONS /api/ParkingSpots responded 204 in 1.7716 ms
2026-05-26 00:57:29.291 +03:00 [INF] Request finished HTTP/2 OPTIONS https://localhost:7144/api/ParkingSpots - 204 null null 16.4339ms
2026-05-26 00:57:29.294 +03:00 [INF] Request starting HTTP/2 GET https://localhost:7144/api/ParkingSpots - null null
2026-05-26 00:57:29.303 +03:00 [INF] CORS policy execution successful.
2026-05-26 00:57:29.304 +03:00 [INF] Executing endpoint 'SmartParkingF.API.Controllers.ParkingSpotsController.GetAll (SmartParkingF.API)'
2026-05-26 00:57:29.306 +03:00 [INF] Route matched with {action = "GetAll", controller = "ParkingSpots"}. Executing controller action with signature System.Threading.Tasks.Task`1[Microsoft.AspNetCore.Mvc.ActionResult`1[System.Collections.Generic.IEnumerable`1[SmartParkingF.API.Models.ParkingSpot]]] GetAll() on controller SmartParkingF.API.Controllers.ParkingSpotsController (SmartParkingF.API).
2026-05-26 00:57:29.317 +03:00 [INF] Executed DbCommand (6ms) [Parameters=[], CommandType='"Text"', CommandTimeout='30']
SELECT [p].[Id], [p].[Location], [p].[PricePerHour], [p].[PricePerNight], [p].[PropertyId], [p].[SpotNumber], [p].[Status], [p].[Zone]
FROM [ParkingSpots] AS [p]
2026-05-26 00:57:29.342 +03:00 [INF] Executing ObjectResult, writing value of type 'System.Collections.Generic.List`1[[SmartParkingF.API.Models.ParkingSpot, SmartParkingF.API, Version=1.0.0.0, Culture=neutral, PublicKeyToken=null]]'.
2026-05-26 00:57:29.343 +03:00 [INF] Executed action SmartParkingF.API.Controllers.ParkingSpotsController.GetAll (SmartParkingF.API) in 34.088ms
2026-05-26 00:57:29.345 +03:00 [INF] Executed endpoint 'SmartParkingF.API.Controllers.ParkingSpotsController.GetAll (SmartParkingF.API)'
2026-05-26 00:57:29.345 +03:00 [INF] HTTP GET /api/ParkingSpots responded 200 in 42.9868 ms
2026-05-26 00:57:29.347 +03:00 [INF] Request finished HTTP/2 GET https://localhost:7144/api/ParkingSpots - 200 null application/json; charset=utf-8 52.986ms
2026-05-26 00:58:11.273 +03:00 [INF] Request starting HTTP/2 OPTIONS https://localhost:7144/api/ParkingSpots - null null
2026-05-26 00:58:11.283 +03:00 [INF] CORS policy execution successful.
2026-05-26 00:58:11.284 +03:00 [INF] HTTP OPTIONS /api/ParkingSpots responded 204 in 1.4663 ms
2026-05-26 00:58:11.287 +03:00 [INF] Request finished HTTP/2 OPTIONS https://localhost:7144/api/ParkingSpots - 204 null null 14.1764ms
2026-05-26 00:58:11.289 +03:00 [INF] Request starting HTTP/2 GET https://localhost:7144/api/ParkingSpots - null null
2026-05-26 00:58:11.294 +03:00 [INF] CORS policy execution successful.
2026-05-26 00:58:11.296 +03:00 [INF] Executing endpoint 'SmartParkingF.API.Controllers.ParkingSpotsController.GetAll (SmartParkingF.API)'
2026-05-26 00:58:11.297 +03:00 [INF] Route matched with {action = "GetAll", controller = "ParkingSpots"}. Executing controller action with signature System.Threading.Tasks.Task`1[Microsoft.AspNetCore.Mvc.ActionResult`1[System.Collections.Generic.IEnumerable`1[SmartParkingF.API.Models.ParkingSpot]]] GetAll() on controller SmartParkingF.API.Controllers.ParkingSpotsController (SmartParkingF.API).
2026-05-26 00:58:11.304 +03:00 [INF] Executed DbCommand (3ms) [Parameters=[], CommandType='"Text"', CommandTimeout='30']
SELECT [p].[Id], [p].[Location], [p].[PricePerHour], [p].[PricePerNight], [p].[PropertyId], [p].[SpotNumber], [p].[Status], [p].[Zone]
FROM [ParkingSpots] AS [p]
2026-05-26 00:58:11.307 +03:00 [INF] Executing ObjectResult, writing value of type 'System.Collections.Generic.List`1[[SmartParkingF.API.Models.ParkingSpot, SmartParkingF.API, Version=1.0.0.0, Culture=neutral, PublicKeyToken=null]]'.
2026-05-26 00:58:11.309 +03:00 [INF] Executed action SmartParkingF.API.Controllers.ParkingSpotsController.GetAll (SmartParkingF.API) in 10.1103ms
2026-05-26 00:58:11.312 +03:00 [INF] Executed endpoint 'SmartParkingF.API.Controllers.ParkingSpotsController.GetAll (SmartParkingF.API)'
2026-05-26 00:58:11.314 +03:00 [INF] HTTP GET /api/ParkingSpots responded 200 in 19.4850 ms
2026-05-26 00:58:11.317 +03:00 [INF] Request finished HTTP/2 GET https://localhost:7144/api/ParkingSpots - 200 null application/json; charset=utf-8 27.5674ms
2026-05-26 00:58:11.325 +03:00 [INF] Request starting HTTP/2 OPTIONS https://localhost:7144/api/Reservations/user/1 - null null
2026-05-26 00:58:11.330 +03:00 [INF] CORS policy execution successful.
2026-05-26 00:58:11.331 +03:00 [INF] HTTP OPTIONS /api/Reservations/user/1 responded 204 in 1.3606 ms
2026-05-26 00:58:11.335 +03:00 [INF] Request finished HTTP/2 OPTIONS https://localhost:7144/api/Reservations/user/1 - 204 null null 10.571ms
2026-05-26 00:58:11.337 +03:00 [INF] Request starting HTTP/2 GET https://localhost:7144/api/Reservations/user/1 - null null
2026-05-26 00:58:11.345 +03:00 [INF] CORS policy execution successful.
2026-05-26 00:58:11.346 +03:00 [INF] Executing endpoint 'SmartParkingF.API.Controllers.ReservationsController.GetUserReservations (SmartParkingF.API)'
2026-05-26 00:58:11.360 +03:00 [INF] Route matched with {action = "GetUserReservations", controller = "Reservations"}. Executing controller action with signature System.Threading.Tasks.Task`1[Microsoft.AspNetCore.Mvc.ActionResult`1[System.Collections.Generic.IEnumerable`1[System.Object]]] GetUserReservations(Int32) on controller SmartParkingF.API.Controllers.ReservationsController (SmartParkingF.API).
2026-05-26 00:58:11.386 +03:00 [INF] Executed DbCommand (8ms) [Parameters=[@userId='?' (DbType = Int32)], CommandType='"Text"', CommandTimeout='30']
SELECT [r].[Id], [r].[StartTime], [r].[EndTime], [r].[TotalPrice], [r].[Status], [r].[QrCodeData], [r].[CreatedAt], [r].[ParkingSpotId], CASE
    WHEN [p].[Id] IS NOT NULL THEN [p].[SpotNumber]
    ELSE N'N/A'
END AS [SpotNumber], [r].[PropertyId], [p0].[Name] AS [PropertyName], [p0].[Location] AS [PropertyLocation]
FROM [Reservations] AS [r]
LEFT JOIN [ParkingSpots] AS [p] ON [r].[ParkingSpotId] = [p].[Id]
INNER JOIN [Properties] AS [p0] ON [r].[PropertyId] = [p0].[Id]
WHERE [r].[UserId] = @userId
ORDER BY [r].[CreatedAt] DESC
2026-05-26 00:58:11.390 +03:00 [INF] Executing OkObjectResult, writing value of type 'System.Collections.Generic.List`1[[<>f__AnonymousType11`12[[System.Int32, System.Private.CoreLib, Version=10.0.0.0, Culture=neutral, PublicKeyToken=7cec85d7bea7798e],[System.DateTime, System.Private.CoreLib, Version=10.0.0.0, Culture=neutral, PublicKeyToken=7cec85d7bea7798e],[System.DateTime, System.Private.CoreLib, Version=10.0.0.0, Culture=neutral, PublicKeyToken=7cec85d7bea7798e],[System.Decimal, System.Private.CoreLib, Version=10.0.0.0, Culture=neutral, PublicKeyToken=7cec85d7bea7798e],[System.String, System.Private.CoreLib, Version=10.0.0.0, Culture=neutral, PublicKeyToken=7cec85d7bea7798e],[System.String, System.Private.CoreLib, Version=10.0.0.0, Culture=neutral, PublicKeyToken=7cec85d7bea7798e],[System.DateTime, System.Private.CoreLib, Version=10.0.0.0, Culture=neutral, PublicKeyToken=7cec85d7bea7798e],[System.Nullable`1[[System.Int32, System.Private.CoreLib, Version=10.0.0.0, Culture=neutral, PublicKeyToken=7cec85d7bea7798e]], System.Private.CoreLib, Version=10.0.0.0, Culture=neutral, PublicKeyToken=7cec85d7bea7798e],[System.String, System.Private.CoreLib, Version=10.0.0.0, Culture=neutral, PublicKeyToken=7cec85d7bea7798e],[System.Int32, System.Private.CoreLib, Version=10.0.0.0, Culture=neutral, PublicKeyToken=7cec85d7bea7798e],[System.String, System.Private.CoreLib, Version=10.0.0.0, Culture=neutral, PublicKeyToken=7cec85d7bea7798e],[System.String, System.Private.CoreLib, Version=10.0.0.0, Culture=neutral, PublicKeyToken=7cec85d7bea7798e]], SmartParkingF.API, Version=1.0.0.0, Culture=neutral, PublicKeyToken=null]]'.
2026-05-26 00:58:11.399 +03:00 [INF] Executed action SmartParkingF.API.Controllers.ReservationsController.GetUserReservations (SmartParkingF.API) in 35.6956ms
2026-05-26 00:58:11.402 +03:00 [INF] Executed endpoint 'SmartParkingF.API.Controllers.ReservationsController.GetUserReservations (SmartParkingF.API)'
2026-05-26 00:58:11.404 +03:00 [INF] HTTP GET /api/Reservations/user/1 responded 200 in 58.9738 ms
2026-05-26 00:58:11.408 +03:00 [INF] Request finished HTTP/2 GET https://localhost:7144/api/Reservations/user/1 - 200 null application/json; charset=utf-8 70.9744ms
2026-05-26 00:58:20.335 +03:00 [INF] Request starting HTTP/2 OPTIONS https://localhost:7144/api/ParkingSpots - null null
2026-05-26 00:58:20.336 +03:00 [INF] Request starting HTTP/2 OPTIONS https://localhost:7144/api/ParkingSpots - null null
2026-05-26 00:58:20.356 +03:00 [INF] CORS policy execution successful.
2026-05-26 00:58:20.359 +03:00 [INF] CORS policy execution successful.
2026-05-26 00:58:20.362 +03:00 [INF] HTTP OPTIONS /api/ParkingSpots responded 204 in 5.5894 ms
2026-05-26 00:58:20.362 +03:00 [INF] HTTP OPTIONS /api/ParkingSpots responded 204 in 3.9415 ms
2026-05-26 00:58:20.388 +03:00 [INF] Request finished HTTP/2 OPTIONS https://localhost:7144/api/ParkingSpots - 204 null null 53.0885ms
2026-05-26 00:58:20.396 +03:00 [INF] Request starting HTTP/2 GET https://localhost:7144/api/ParkingSpots - null null
2026-05-26 00:58:20.397 +03:00 [INF] Request finished HTTP/2 OPTIONS https://localhost:7144/api/ParkingSpots - 204 null null 62.7137ms
2026-05-26 00:58:20.417 +03:00 [INF] CORS policy execution successful.
2026-05-26 00:58:20.424 +03:00 [INF] Executing endpoint 'SmartParkingF.API.Controllers.ParkingSpotsController.GetAll (SmartParkingF.API)'
2026-05-26 00:58:20.425 +03:00 [INF] Route matched with {action = "GetAll", controller = "ParkingSpots"}. Executing controller action with signature System.Threading.Tasks.Task`1[Microsoft.AspNetCore.Mvc.ActionResult`1[System.Collections.Generic.IEnumerable`1[SmartParkingF.API.Models.ParkingSpot]]] GetAll() on controller SmartParkingF.API.Controllers.ParkingSpotsController (SmartParkingF.API).
2026-05-26 00:58:20.431 +03:00 [INF] Executed DbCommand (3ms) [Parameters=[], CommandType='"Text"', CommandTimeout='30']
SELECT [p].[Id], [p].[Location], [p].[PricePerHour], [p].[PricePerNight], [p].[PropertyId], [p].[SpotNumber], [p].[Status], [p].[Zone]
FROM [ParkingSpots] AS [p]
2026-05-26 00:58:20.437 +03:00 [INF] Executing ObjectResult, writing value of type 'System.Collections.Generic.List`1[[SmartParkingF.API.Models.ParkingSpot, SmartParkingF.API, Version=1.0.0.0, Culture=neutral, PublicKeyToken=null]]'.
2026-05-26 00:58:20.440 +03:00 [INF] Executed action SmartParkingF.API.Controllers.ParkingSpotsController.GetAll (SmartParkingF.API) in 12.7755ms
2026-05-26 00:58:20.444 +03:00 [INF] Request starting HTTP/2 GET https://localhost:7144/api/ParkingSpots - null null
2026-05-26 00:58:20.447 +03:00 [INF] Executed endpoint 'SmartParkingF.API.Controllers.ParkingSpotsController.GetAll (SmartParkingF.API)'
2026-05-26 00:58:20.471 +03:00 [INF] CORS policy execution successful.
2026-05-26 00:58:20.472 +03:00 [INF] HTTP GET /api/ParkingSpots responded 200 in 54.9684 ms
2026-05-26 00:58:20.473 +03:00 [INF] Executing endpoint 'SmartParkingF.API.Controllers.ParkingSpotsController.GetAll (SmartParkingF.API)'
2026-05-26 00:58:20.475 +03:00 [INF] Request finished HTTP/2 GET https://localhost:7144/api/ParkingSpots - 200 null application/json; charset=utf-8 78.7343ms
2026-05-26 00:58:20.476 +03:00 [INF] Route matched with {action = "GetAll", controller = "ParkingSpots"}. Executing controller action with signature System.Threading.Tasks.Task`1[Microsoft.AspNetCore.Mvc.ActionResult`1[System.Collections.Generic.IEnumerable`1[SmartParkingF.API.Models.ParkingSpot]]] GetAll() on controller SmartParkingF.API.Controllers.ParkingSpotsController (SmartParkingF.API).
2026-05-26 00:58:20.482 +03:00 [INF] Request starting HTTP/2 OPTIONS https://localhost:7144/api/Reservations/user/1 - null null
2026-05-26 00:58:20.491 +03:00 [INF] Executed DbCommand (1ms) [Parameters=[], CommandType='"Text"', CommandTimeout='30']
SELECT [p].[Id], [p].[Location], [p].[PricePerHour], [p].[PricePerNight], [p].[PropertyId], [p].[SpotNumber], [p].[Status], [p].[Zone]
FROM [ParkingSpots] AS [p]
2026-05-26 00:58:20.492 +03:00 [INF] CORS policy execution successful.
2026-05-26 00:58:20.494 +03:00 [INF] HTTP OPTIONS /api/Reservations/user/1 responded 204 in 2.5832 ms
2026-05-26 00:58:20.494 +03:00 [INF] Executing ObjectResult, writing value of type 'System.Collections.Generic.List`1[[SmartParkingF.API.Models.ParkingSpot, SmartParkingF.API, Version=1.0.0.0, Culture=neutral, PublicKeyToken=null]]'.
2026-05-26 00:58:20.498 +03:00 [INF] Executed action SmartParkingF.API.Controllers.ParkingSpotsController.GetAll (SmartParkingF.API) in 8.6784ms
2026-05-26 00:58:20.501 +03:00 [INF] Executed endpoint 'SmartParkingF.API.Controllers.ParkingSpotsController.GetAll (SmartParkingF.API)'
2026-05-26 00:58:20.500 +03:00 [INF] Request starting HTTP/2 GET https://localhost:7144/api/Reservations/user/1 - null null
2026-05-26 00:58:20.496 +03:00 [INF] Request finished HTTP/2 OPTIONS https://localhost:7144/api/Reservations/user/1 - 204 null null 14.475ms
2026-05-26 00:58:20.505 +03:00 [INF] HTTP GET /api/ParkingSpots responded 200 in 33.9906 ms
2026-05-26 00:58:20.508 +03:00 [INF] CORS policy execution successful.
2026-05-26 00:58:20.513 +03:00 [INF] Request finished HTTP/2 GET https://localhost:7144/api/ParkingSpots - 200 null application/json; charset=utf-8 69.0816ms
2026-05-26 00:58:20.526 +03:00 [INF] Executing endpoint 'SmartParkingF.API.Controllers.ReservationsController.GetUserReservations (SmartParkingF.API)'
2026-05-26 00:58:20.531 +03:00 [INF] Route matched with {action = "GetUserReservations", controller = "Reservations"}. Executing controller action with signature System.Threading.Tasks.Task`1[Microsoft.AspNetCore.Mvc.ActionResult`1[System.Collections.Generic.IEnumerable`1[System.Object]]] GetUserReservations(Int32) on controller SmartParkingF.API.Controllers.ReservationsController (SmartParkingF.API).
2026-05-26 00:58:20.550 +03:00 [INF] Executed DbCommand (9ms) [Parameters=[@userId='?' (DbType = Int32)], CommandType='"Text"', CommandTimeout='30']
SELECT [r].[Id], [r].[StartTime], [r].[EndTime], [r].[TotalPrice], [r].[Status], [r].[QrCodeData], [r].[CreatedAt], [r].[ParkingSpotId], CASE
    WHEN [p].[Id] IS NOT NULL THEN [p].[SpotNumber]
    ELSE N'N/A'
END AS [SpotNumber], [r].[PropertyId], [p0].[Name] AS [PropertyName], [p0].[Location] AS [PropertyLocation]
FROM [Reservations] AS [r]
LEFT JOIN [ParkingSpots] AS [p] ON [r].[ParkingSpotId] = [p].[Id]
INNER JOIN [Properties] AS [p0] ON [r].[PropertyId] = [p0].[Id]
WHERE [r].[UserId] = @userId
ORDER BY [r].[CreatedAt] DESC
2026-05-26 00:58:20.553 +03:00 [INF] Executing OkObjectResult, writing value of type 'System.Collections.Generic.List`1[[<>f__AnonymousType11`12[[System.Int32, System.Private.CoreLib, Version=10.0.0.0, Culture=neutral, PublicKeyToken=7cec85d7bea7798e],[System.DateTime, System.Private.CoreLib, Version=10.0.0.0, Culture=neutral, PublicKeyToken=7cec85d7bea7798e],[System.DateTime, System.Private.CoreLib, Version=10.0.0.0, Culture=neutral, PublicKeyToken=7cec85d7bea7798e],[System.Decimal, System.Private.CoreLib, Version=10.0.0.0, Culture=neutral, PublicKeyToken=7cec85d7bea7798e],[System.String, System.Private.CoreLib, Version=10.0.0.0, Culture=neutral, PublicKeyToken=7cec85d7bea7798e],[System.String, System.Private.CoreLib, Version=10.0.0.0, Culture=neutral, PublicKeyToken=7cec85d7bea7798e],[System.DateTime, System.Private.CoreLib, Version=10.0.0.0, Culture=neutral, PublicKeyToken=7cec85d7bea7798e],[System.Nullable`1[[System.Int32, System.Private.CoreLib, Version=10.0.0.0, Culture=neutral, PublicKeyToken=7cec85d7bea7798e]], System.Private.CoreLib, Version=10.0.0.0, Culture=neutral, PublicKeyToken=7cec85d7bea7798e],[System.String, System.Private.CoreLib, Version=10.0.0.0, Culture=neutral, PublicKeyToken=7cec85d7bea7798e],[System.Int32, System.Private.CoreLib, Version=10.0.0.0, Culture=neutral, PublicKeyToken=7cec85d7bea7798e],[System.String, System.Private.CoreLib, Version=10.0.0.0, Culture=neutral, PublicKeyToken=7cec85d7bea7798e],[System.String, System.Private.CoreLib, Version=10.0.0.0, Culture=neutral, PublicKeyToken=7cec85d7bea7798e]], SmartParkingF.API, Version=1.0.0.0, Culture=neutral, PublicKeyToken=null]]'.
2026-05-26 00:58:20.556 +03:00 [INF] Executed action SmartParkingF.API.Controllers.ReservationsController.GetUserReservations (SmartParkingF.API) in 17.3276ms
2026-05-26 00:58:20.558 +03:00 [INF] Request starting HTTP/2 GET https://localhost:7144/api/Reservations/user/1 - null null
2026-05-26 00:58:20.559 +03:00 [INF] Executed endpoint 'SmartParkingF.API.Controllers.ReservationsController.GetUserReservations (SmartParkingF.API)'
2026-05-26 00:58:20.561 +03:00 [INF] CORS policy execution successful.
2026-05-26 00:58:20.563 +03:00 [INF] HTTP GET /api/Reservations/user/1 responded 200 in 54.8617 ms
2026-05-26 00:58:20.564 +03:00 [INF] Executing endpoint 'SmartParkingF.API.Controllers.ReservationsController.GetUserReservations (SmartParkingF.API)'
2026-05-26 00:58:20.568 +03:00 [INF] Request finished HTTP/2 GET https://localhost:7144/api/Reservations/user/1 - 200 null application/json; charset=utf-8 67.2583ms
2026-05-26 00:58:20.570 +03:00 [INF] Route matched with {action = "GetUserReservations", controller = "Reservations"}. Executing controller action with signature System.Threading.Tasks.Task`1[Microsoft.AspNetCore.Mvc.ActionResult`1[System.Collections.Generic.IEnumerable`1[System.Object]]] GetUserReservations(Int32) on controller SmartParkingF.API.Controllers.ReservationsController (SmartParkingF.API).
2026-05-26 00:58:20.580 +03:00 [INF] Executed DbCommand (1ms) [Parameters=[@userId='?' (DbType = Int32)], CommandType='"Text"', CommandTimeout='30']
SELECT [r].[Id], [r].[StartTime], [r].[EndTime], [r].[TotalPrice], [r].[Status], [r].[QrCodeData], [r].[CreatedAt], [r].[ParkingSpotId], CASE
    WHEN [p].[Id] IS NOT NULL THEN [p].[SpotNumber]
    ELSE N'N/A'
END AS [SpotNumber], [r].[PropertyId], [p0].[Name] AS [PropertyName], [p0].[Location] AS [PropertyLocation]
FROM [Reservations] AS [r]
LEFT JOIN [ParkingSpots] AS [p] ON [r].[ParkingSpotId] = [p].[Id]
INNER JOIN [Properties] AS [p0] ON [r].[PropertyId] = [p0].[Id]
WHERE [r].[UserId] = @userId
ORDER BY [r].[CreatedAt] DESC
2026-05-26 00:58:20.583 +03:00 [INF] Executing OkObjectResult, writing value of type 'System.Collections.Generic.List`1[[<>f__AnonymousType11`12[[System.Int32, System.Private.CoreLib, Version=10.0.0.0, Culture=neutral, PublicKeyToken=7cec85d7bea7798e],[System.DateTime, System.Private.CoreLib, Version=10.0.0.0, Culture=neutral, PublicKeyToken=7cec85d7bea7798e],[System.DateTime, System.Private.CoreLib, Version=10.0.0.0, Culture=neutral, PublicKeyToken=7cec85d7bea7798e],[System.Decimal, System.Private.CoreLib, Version=10.0.0.0, Culture=neutral, PublicKeyToken=7cec85d7bea7798e],[System.String, System.Private.CoreLib, Version=10.0.0.0, Culture=neutral, PublicKeyToken=7cec85d7bea7798e],[System.String, System.Private.CoreLib, Version=10.0.0.0, Culture=neutral, PublicKeyToken=7cec85d7bea7798e],[System.DateTime, System.Private.CoreLib, Version=10.0.0.0, Culture=neutral, PublicKeyToken=7cec85d7bea7798e],[System.Nullable`1[[System.Int32, System.Private.CoreLib, Version=10.0.0.0, Culture=neutral, PublicKeyToken=7cec85d7bea7798e]], System.Private.CoreLib, Version=10.0.0.0, Culture=neutral, PublicKeyToken=7cec85d7bea7798e],[System.String, System.Private.CoreLib, Version=10.0.0.0, Culture=neutral, PublicKeyToken=7cec85d7bea7798e],[System.Int32, System.Private.CoreLib, Version=10.0.0.0, Culture=neutral, PublicKeyToken=7cec85d7bea7798e],[System.String, System.Private.CoreLib, Version=10.0.0.0, Culture=neutral, PublicKeyToken=7cec85d7bea7798e],[System.String, System.Private.CoreLib, Version=10.0.0.0, Culture=neutral, PublicKeyToken=7cec85d7bea7798e]], SmartParkingF.API, Version=1.0.0.0, Culture=neutral, PublicKeyToken=null]]'.
2026-05-26 00:58:20.585 +03:00 [INF] Executed action SmartParkingF.API.Controllers.ReservationsController.GetUserReservations (SmartParkingF.API) in 7.1674ms
2026-05-26 00:58:20.587 +03:00 [INF] Executed endpoint 'SmartParkingF.API.Controllers.ReservationsController.GetUserReservations (SmartParkingF.API)'
2026-05-26 00:58:20.588 +03:00 [INF] HTTP GET /api/Reservations/user/1 responded 200 in 26.6464 ms
2026-05-26 00:58:20.590 +03:00 [INF] Request finished HTTP/2 GET https://localhost:7144/api/Reservations/user/1 - 200 null application/json; charset=utf-8 32.5223ms
2026-05-26 00:58:32.010 +03:00 [INF] Request starting HTTP/2 OPTIONS https://localhost:7144/api/Reservations/Cancel/9 - null null
2026-05-26 00:58:32.018 +03:00 [INF] CORS policy execution successful.
2026-05-26 00:58:32.020 +03:00 [INF] HTTP OPTIONS /api/Reservations/Cancel/9 responded 204 in 1.8277 ms
2026-05-26 00:58:32.023 +03:00 [INF] Request finished HTTP/2 OPTIONS https://localhost:7144/api/Reservations/Cancel/9 - 204 null null 13.2546ms
2026-05-26 00:58:32.025 +03:00 [INF] Request starting HTTP/2 DELETE https://localhost:7144/api/Reservations/Cancel/9 - null null
2026-05-26 00:58:32.031 +03:00 [INF] CORS policy execution successful.
2026-05-26 00:58:32.032 +03:00 [INF] Executing endpoint 'SmartParkingF.API.Controllers.ReservationsController.CancelReservation (SmartParkingF.API)'
2026-05-26 00:58:32.034 +03:00 [INF] Route matched with {action = "CancelReservation", controller = "Reservations"}. Executing controller action with signature System.Threading.Tasks.Task`1[Microsoft.AspNetCore.Mvc.IActionResult] CancelReservation(Int32) on controller SmartParkingF.API.Controllers.ReservationsController (SmartParkingF.API).
2026-05-26 00:58:32.041 +03:00 [INF] Executed DbCommand (4ms) [Parameters=[@reservationId='?' (DbType = Int32)], CommandType='"Text"', CommandTimeout='30']
SELECT TOP(1) [r].[Id], [r].[BookingType], [r].[CarPlateNumber], [r].[CreatedAt], [r].[EndTime], [r].[ParkingSpotId], [r].[PropertyId], [r].[QrCodeData], [r].[StartTime], [r].[Status], [r].[TotalPrice], [r].[UserId], [p].[Id], [p].[Location], [p].[PricePerHour], [p].[PricePerNight], [p].[PropertyId], [p].[SpotNumber], [p].[Status], [p].[Zone]
FROM [Reservations] AS [r]
LEFT JOIN [ParkingSpots] AS [p] ON [r].[ParkingSpotId] = [p].[Id]
WHERE [r].[Id] = @reservationId
2026-05-26 00:58:32.045 +03:00 [WRN] Savepoints are disabled because Multiple Active Result Sets (MARS) is enabled. If 'SaveChanges' fails, then the transaction cannot be automatically rolled back to a known clean state. Instead, the transaction should be rolled back by the application before retrying 'SaveChanges'. See https://go.microsoft.com/fwlink/?linkid=2149338 for more information and examples. To identify the code which triggers this warning, call 'ConfigureWarnings(w => w.Throw(SqlServerEventId.SavepointsDisabledBecauseOfMARS))'.
2026-05-26 00:58:32.053 +03:00 [INF] Executed DbCommand (6ms) [Parameters=[@p1='?' (DbType = Int32), @p0='?' (Size = 4000), @p3='?' (DbType = Int32), @p2='?' (Size = 4000)], CommandType='"Text"', CommandTimeout='30']
SET NOCOUNT ON;
UPDATE [ParkingSpots] SET [Status] = @p0
OUTPUT 1
WHERE [Id] = @p1;
UPDATE [Reservations] SET [Status] = @p2
OUTPUT 1
WHERE [Id] = @p3;
2026-05-26 00:58:32.056 +03:00 [INF] Executing OkObjectResult, writing value of type '<>f__AnonymousType14`2[[System.Boolean, System.Private.CoreLib, Version=10.0.0.0, Culture=neutral, PublicKeyToken=7cec85d7bea7798e],[System.String, System.Private.CoreLib, Version=10.0.0.0, Culture=neutral, PublicKeyToken=7cec85d7bea7798e]]'.
2026-05-26 00:58:32.059 +03:00 [INF] Executed action SmartParkingF.API.Controllers.ReservationsController.CancelReservation (SmartParkingF.API) in 23.1902ms
2026-05-26 00:58:32.061 +03:00 [INF] Executed endpoint 'SmartParkingF.API.Controllers.ReservationsController.CancelReservation (SmartParkingF.API)'
2026-05-26 00:58:32.062 +03:00 [INF] HTTP DELETE /api/Reservations/Cancel/9 responded 200 in 31.4902 ms
2026-05-26 00:58:32.064 +03:00 [INF] Request finished HTTP/2 DELETE https://localhost:7144/api/Reservations/Cancel/9 - 200 null application/json; charset=utf-8 38.9384ms
2026-05-26 00:58:37.928 +03:00 [INF] Request starting HTTP/2 OPTIONS https://localhost:7144/api/ParkingSpots - null null
2026-05-26 00:58:37.937 +03:00 [INF] CORS policy execution successful.
2026-05-26 00:58:37.939 +03:00 [INF] HTTP OPTIONS /api/ParkingSpots responded 204 in 1.9310 ms
2026-05-26 00:58:37.944 +03:00 [INF] Request finished HTTP/2 OPTIONS https://localhost:7144/api/ParkingSpots - 204 null null 15.9581ms
2026-05-26 00:58:37.947 +03:00 [INF] Request starting HTTP/2 GET https://localhost:7144/api/ParkingSpots - null null
2026-05-26 00:58:37.957 +03:00 [INF] CORS policy execution successful.
2026-05-26 00:58:37.959 +03:00 [INF] Executing endpoint 'SmartParkingF.API.Controllers.ParkingSpotsController.GetAll (SmartParkingF.API)'
2026-05-26 00:58:37.960 +03:00 [INF] Route matched with {action = "GetAll", controller = "ParkingSpots"}. Executing controller action with signature System.Threading.Tasks.Task`1[Microsoft.AspNetCore.Mvc.ActionResult`1[System.Collections.Generic.IEnumerable`1[SmartParkingF.API.Models.ParkingSpot]]] GetAll() on controller SmartParkingF.API.Controllers.ParkingSpotsController (SmartParkingF.API).
2026-05-26 00:58:37.964 +03:00 [INF] Executed DbCommand (1ms) [Parameters=[], CommandType='"Text"', CommandTimeout='30']
SELECT [p].[Id], [p].[Location], [p].[PricePerHour], [p].[PricePerNight], [p].[PropertyId], [p].[SpotNumber], [p].[Status], [p].[Zone]
FROM [ParkingSpots] AS [p]
2026-05-26 00:58:37.969 +03:00 [INF] Executing ObjectResult, writing value of type 'System.Collections.Generic.List`1[[SmartParkingF.API.Models.ParkingSpot, SmartParkingF.API, Version=1.0.0.0, Culture=neutral, PublicKeyToken=null]]'.
2026-05-26 00:58:37.971 +03:00 [INF] Executed action SmartParkingF.API.Controllers.ParkingSpotsController.GetAll (SmartParkingF.API) in 9.0436ms
2026-05-26 00:58:37.973 +03:00 [INF] Executed endpoint 'SmartParkingF.API.Controllers.ParkingSpotsController.GetAll (SmartParkingF.API)'
2026-05-26 00:58:37.974 +03:00 [INF] HTTP GET /api/ParkingSpots responded 200 in 16.5386 ms
2026-05-26 00:58:37.978 +03:00 [INF] Request finished HTTP/2 GET https://localhost:7144/api/ParkingSpots - 200 null application/json; charset=utf-8 30.6523ms
2026-05-26 00:58:37.985 +03:00 [INF] Request starting HTTP/2 OPTIONS https://localhost:7144/api/Reservations/user/1 - null null
2026-05-26 00:58:37.991 +03:00 [INF] CORS policy execution successful.
2026-05-26 00:58:37.992 +03:00 [INF] HTTP OPTIONS /api/Reservations/user/1 responded 204 in 0.9364 ms
2026-05-26 00:58:37.994 +03:00 [INF] Request finished HTTP/2 OPTIONS https://localhost:7144/api/Reservations/user/1 - 204 null null 8.7987ms
2026-05-26 00:58:37.996 +03:00 [INF] Request starting HTTP/2 GET https://localhost:7144/api/Reservations/user/1 - null null
2026-05-26 00:58:38.000 +03:00 [INF] CORS policy execution successful.
2026-05-26 00:58:38.001 +03:00 [INF] Executing endpoint 'SmartParkingF.API.Controllers.ReservationsController.GetUserReservations (SmartParkingF.API)'
2026-05-26 00:58:38.003 +03:00 [INF] Route matched with {action = "GetUserReservations", controller = "Reservations"}. Executing controller action with signature System.Threading.Tasks.Task`1[Microsoft.AspNetCore.Mvc.ActionResult`1[System.Collections.Generic.IEnumerable`1[System.Object]]] GetUserReservations(Int32) on controller SmartParkingF.API.Controllers.ReservationsController (SmartParkingF.API).
2026-05-26 00:58:38.033 +03:00 [INF] Executed DbCommand (4ms) [Parameters=[@userId='?' (DbType = Int32)], CommandType='"Text"', CommandTimeout='30']
SELECT [r].[Id], [r].[StartTime], [r].[EndTime], [r].[TotalPrice], [r].[Status], [r].[QrCodeData], [r].[CreatedAt], [r].[ParkingSpotId], CASE
    WHEN [p].[Id] IS NOT NULL THEN [p].[SpotNumber]
    ELSE N'N/A'
END AS [SpotNumber], [r].[PropertyId], [p0].[Name] AS [PropertyName], [p0].[Location] AS [PropertyLocation]
FROM [Reservations] AS [r]
LEFT JOIN [ParkingSpots] AS [p] ON [r].[ParkingSpotId] = [p].[Id]
INNER JOIN [Properties] AS [p0] ON [r].[PropertyId] = [p0].[Id]
WHERE [r].[UserId] = @userId
ORDER BY [r].[CreatedAt] DESC
2026-05-26 00:58:38.036 +03:00 [INF] Executing OkObjectResult, writing value of type 'System.Collections.Generic.List`1[[<>f__AnonymousType11`12[[System.Int32, System.Private.CoreLib, Version=10.0.0.0, Culture=neutral, PublicKeyToken=7cec85d7bea7798e],[System.DateTime, System.Private.CoreLib, Version=10.0.0.0, Culture=neutral, PublicKeyToken=7cec85d7bea7798e],[System.DateTime, System.Private.CoreLib, Version=10.0.0.0, Culture=neutral, PublicKeyToken=7cec85d7bea7798e],[System.Decimal, System.Private.CoreLib, Version=10.0.0.0, Culture=neutral, PublicKeyToken=7cec85d7bea7798e],[System.String, System.Private.CoreLib, Version=10.0.0.0, Culture=neutral, PublicKeyToken=7cec85d7bea7798e],[System.String, System.Private.CoreLib, Version=10.0.0.0, Culture=neutral, PublicKeyToken=7cec85d7bea7798e],[System.DateTime, System.Private.CoreLib, Version=10.0.0.0, Culture=neutral, PublicKeyToken=7cec85d7bea7798e],[System.Nullable`1[[System.Int32, System.Private.CoreLib, Version=10.0.0.0, Culture=neutral, PublicKeyToken=7cec85d7bea7798e]], System.Private.CoreLib, Version=10.0.0.0, Culture=neutral, PublicKeyToken=7cec85d7bea7798e],[System.String, System.Private.CoreLib, Version=10.0.0.0, Culture=neutral, PublicKeyToken=7cec85d7bea7798e],[System.Int32, System.Private.CoreLib, Version=10.0.0.0, Culture=neutral, PublicKeyToken=7cec85d7bea7798e],[System.String, System.Private.CoreLib, Version=10.0.0.0, Culture=neutral, PublicKeyToken=7cec85d7bea7798e],[System.String, System.Private.CoreLib, Version=10.0.0.0, Culture=neutral, PublicKeyToken=7cec85d7bea7798e]], SmartParkingF.API, Version=1.0.0.0, Culture=neutral, PublicKeyToken=null]]'.
2026-05-26 00:58:38.038 +03:00 [INF] Executed action SmartParkingF.API.Controllers.ReservationsController.GetUserReservations (SmartParkingF.API) in 10.4934ms
2026-05-26 00:58:38.043 +03:00 [INF] Executed endpoint 'SmartParkingF.API.Controllers.ReservationsController.GetUserReservations (SmartParkingF.API)'
2026-05-26 00:58:38.044 +03:00 [INF] HTTP GET /api/Reservations/user/1 responded 200 in 44.3143 ms
2026-05-26 00:58:38.046 +03:00 [INF] Request finished HTTP/2 GET https://localhost:7144/api/Reservations/user/1 - 200 null application/json; charset=utf-8 50.3649ms
2026-05-26 00:58:47.151 +03:00 [INF] Request starting HTTP/2 OPTIONS https://localhost:7144/api/Reservations/Cancel/8 - null null
2026-05-26 00:58:47.157 +03:00 [INF] CORS policy execution successful.
2026-05-26 00:58:47.159 +03:00 [INF] HTTP OPTIONS /api/Reservations/Cancel/8 responded 204 in 1.7947 ms
2026-05-26 00:58:47.162 +03:00 [INF] Request finished HTTP/2 OPTIONS https://localhost:7144/api/Reservations/Cancel/8 - 204 null null 11.6529ms
2026-05-26 00:58:47.165 +03:00 [INF] Request starting HTTP/2 DELETE https://localhost:7144/api/Reservations/Cancel/8 - null null
2026-05-26 00:58:47.170 +03:00 [INF] CORS policy execution successful.
2026-05-26 00:58:47.172 +03:00 [INF] Executing endpoint 'SmartParkingF.API.Controllers.ReservationsController.CancelReservation (SmartParkingF.API)'
2026-05-26 00:58:47.174 +03:00 [INF] Route matched with {action = "CancelReservation", controller = "Reservations"}. Executing controller action with signature System.Threading.Tasks.Task`1[Microsoft.AspNetCore.Mvc.IActionResult] CancelReservation(Int32) on controller SmartParkingF.API.Controllers.ReservationsController (SmartParkingF.API).
2026-05-26 00:58:47.178 +03:00 [INF] Executed DbCommand (1ms) [Parameters=[@reservationId='?' (DbType = Int32)], CommandType='"Text"', CommandTimeout='30']
SELECT TOP(1) [r].[Id], [r].[BookingType], [r].[CarPlateNumber], [r].[CreatedAt], [r].[EndTime], [r].[ParkingSpotId], [r].[PropertyId], [r].[QrCodeData], [r].[StartTime], [r].[Status], [r].[TotalPrice], [r].[UserId], [p].[Id], [p].[Location], [p].[PricePerHour], [p].[PricePerNight], [p].[PropertyId], [p].[SpotNumber], [p].[Status], [p].[Zone]
FROM [Reservations] AS [r]
LEFT JOIN [ParkingSpots] AS [p] ON [r].[ParkingSpotId] = [p].[Id]
WHERE [r].[Id] = @reservationId
2026-05-26 00:58:47.181 +03:00 [WRN] Savepoints are disabled because Multiple Active Result Sets (MARS) is enabled. If 'SaveChanges' fails, then the transaction cannot be automatically rolled back to a known clean state. Instead, the transaction should be rolled back by the application before retrying 'SaveChanges'. See https://go.microsoft.com/fwlink/?linkid=2149338 for more information and examples. To identify the code which triggers this warning, call 'ConfigureWarnings(w => w.Throw(SqlServerEventId.SavepointsDisabledBecauseOfMARS))'.
2026-05-26 00:58:47.184 +03:00 [INF] Executed DbCommand (1ms) [Parameters=[@p1='?' (DbType = Int32), @p0='?' (Size = 4000), @p3='?' (DbType = Int32), @p2='?' (Size = 4000)], CommandType='"Text"', CommandTimeout='30']
SET NOCOUNT ON;
UPDATE [ParkingSpots] SET [Status] = @p0
OUTPUT 1
WHERE [Id] = @p1;
UPDATE [Reservations] SET [Status] = @p2
OUTPUT 1
WHERE [Id] = @p3;
2026-05-26 00:58:47.187 +03:00 [INF] Executing OkObjectResult, writing value of type '<>f__AnonymousType14`2[[System.Boolean, System.Private.CoreLib, Version=10.0.0.0, Culture=neutral, PublicKeyToken=7cec85d7bea7798e],[System.String, System.Private.CoreLib, Version=10.0.0.0, Culture=neutral, PublicKeyToken=7cec85d7bea7798e]]'.
2026-05-26 00:58:47.188 +03:00 [INF] Executed action SmartParkingF.API.Controllers.ReservationsController.CancelReservation (SmartParkingF.API) in 12.5131ms
2026-05-26 00:58:47.190 +03:00 [INF] Executed endpoint 'SmartParkingF.API.Controllers.ReservationsController.CancelReservation (SmartParkingF.API)'
2026-05-26 00:58:47.191 +03:00 [INF] HTTP DELETE /api/Reservations/Cancel/8 responded 200 in 20.3943 ms
2026-05-26 00:58:47.193 +03:00 [INF] Request finished HTTP/2 DELETE https://localhost:7144/api/Reservations/Cancel/8 - 200 null application/json; charset=utf-8 28.0142ms
2026-05-26 00:58:48.312 +03:00 [INF] Request starting HTTP/2 OPTIONS https://localhost:7144/api/ParkingSpots - null null
2026-05-26 00:58:48.318 +03:00 [INF] CORS policy execution successful.
2026-05-26 00:58:48.319 +03:00 [INF] HTTP OPTIONS /api/ParkingSpots responded 204 in 1.0916 ms
2026-05-26 00:58:48.322 +03:00 [INF] Request finished HTTP/2 OPTIONS https://localhost:7144/api/ParkingSpots - 204 null null 9.6447ms
2026-05-26 00:58:48.324 +03:00 [INF] Request starting HTTP/2 GET https://localhost:7144/api/ParkingSpots - null null
2026-05-26 00:58:48.329 +03:00 [INF] CORS policy execution successful.
2026-05-26 00:58:48.330 +03:00 [INF] Executing endpoint 'SmartParkingF.API.Controllers.ParkingSpotsController.GetAll (SmartParkingF.API)'
2026-05-26 00:58:48.331 +03:00 [INF] Route matched with {action = "GetAll", controller = "ParkingSpots"}. Executing controller action with signature System.Threading.Tasks.Task`1[Microsoft.AspNetCore.Mvc.ActionResult`1[System.Collections.Generic.IEnumerable`1[SmartParkingF.API.Models.ParkingSpot]]] GetAll() on controller SmartParkingF.API.Controllers.ParkingSpotsController (SmartParkingF.API).
2026-05-26 00:58:48.335 +03:00 [INF] Executed DbCommand (1ms) [Parameters=[], CommandType='"Text"', CommandTimeout='30']
SELECT [p].[Id], [p].[Location], [p].[PricePerHour], [p].[PricePerNight], [p].[PropertyId], [p].[SpotNumber], [p].[Status], [p].[Zone]
FROM [ParkingSpots] AS [p]
2026-05-26 00:58:48.338 +03:00 [INF] Executing ObjectResult, writing value of type 'System.Collections.Generic.List`1[[SmartParkingF.API.Models.ParkingSpot, SmartParkingF.API, Version=1.0.0.0, Culture=neutral, PublicKeyToken=null]]'.
2026-05-26 00:58:48.340 +03:00 [INF] Executed action SmartParkingF.API.Controllers.ParkingSpotsController.GetAll (SmartParkingF.API) in 6.4586ms
2026-05-26 00:58:48.342 +03:00 [INF] Executed endpoint 'SmartParkingF.API.Controllers.ParkingSpotsController.GetAll (SmartParkingF.API)'
2026-05-26 00:58:48.343 +03:00 [INF] HTTP GET /api/ParkingSpots responded 200 in 13.7216 ms
2026-05-26 00:58:48.345 +03:00 [INF] Request finished HTTP/2 GET https://localhost:7144/api/ParkingSpots - 200 null application/json; charset=utf-8 20.5145ms
2026-05-26 00:58:48.349 +03:00 [INF] Request starting HTTP/2 OPTIONS https://localhost:7144/api/Reservations/user/1 - null null
2026-05-26 00:58:48.353 +03:00 [INF] CORS policy execution successful.
2026-05-26 00:58:48.353 +03:00 [INF] HTTP OPTIONS /api/Reservations/user/1 responded 204 in 0.8918 ms
2026-05-26 00:58:48.356 +03:00 [INF] Request finished HTTP/2 OPTIONS https://localhost:7144/api/Reservations/user/1 - 204 null null 6.8121ms
2026-05-26 00:58:48.358 +03:00 [INF] Request starting HTTP/2 GET https://localhost:7144/api/Reservations/user/1 - null null
2026-05-26 00:58:48.361 +03:00 [INF] CORS policy execution successful.
2026-05-26 00:58:48.363 +03:00 [INF] Executing endpoint 'SmartParkingF.API.Controllers.ReservationsController.GetUserReservations (SmartParkingF.API)'
2026-05-26 00:58:48.364 +03:00 [INF] Route matched with {action = "GetUserReservations", controller = "Reservations"}. Executing controller action with signature System.Threading.Tasks.Task`1[Microsoft.AspNetCore.Mvc.ActionResult`1[System.Collections.Generic.IEnumerable`1[System.Object]]] GetUserReservations(Int32) on controller SmartParkingF.API.Controllers.ReservationsController (SmartParkingF.API).
2026-05-26 00:58:48.368 +03:00 [INF] Executed DbCommand (1ms) [Parameters=[@userId='?' (DbType = Int32)], CommandType='"Text"', CommandTimeout='30']
SELECT [r].[Id], [r].[StartTime], [r].[EndTime], [r].[TotalPrice], [r].[Status], [r].[QrCodeData], [r].[CreatedAt], [r].[ParkingSpotId], CASE
    WHEN [p].[Id] IS NOT NULL THEN [p].[SpotNumber]
    ELSE N'N/A'
END AS [SpotNumber], [r].[PropertyId], [p0].[Name] AS [PropertyName], [p0].[Location] AS [PropertyLocation]
FROM [Reservations] AS [r]
LEFT JOIN [ParkingSpots] AS [p] ON [r].[ParkingSpotId] = [p].[Id]
INNER JOIN [Properties] AS [p0] ON [r].[PropertyId] = [p0].[Id]
WHERE [r].[UserId] = @userId
ORDER BY [r].[CreatedAt] DESC
2026-05-26 00:58:48.371 +03:00 [INF] Executing OkObjectResult, writing value of type 'System.Collections.Generic.List`1[[<>f__AnonymousType11`12[[System.Int32, System.Private.CoreLib, Version=10.0.0.0, Culture=neutral, PublicKeyToken=7cec85d7bea7798e],[System.DateTime, System.Private.CoreLib, Version=10.0.0.0, Culture=neutral, PublicKeyToken=7cec85d7bea7798e],[System.DateTime, System.Private.CoreLib, Version=10.0.0.0, Culture=neutral, PublicKeyToken=7cec85d7bea7798e],[System.Decimal, System.Private.CoreLib, Version=10.0.0.0, Culture=neutral, PublicKeyToken=7cec85d7bea7798e],[System.String, System.Private.CoreLib, Version=10.0.0.0, Culture=neutral, PublicKeyToken=7cec85d7bea7798e],[System.String, System.Private.CoreLib, Version=10.0.0.0, Culture=neutral, PublicKeyToken=7cec85d7bea7798e],[System.DateTime, System.Private.CoreLib, Version=10.0.0.0, Culture=neutral, PublicKeyToken=7cec85d7bea7798e],[System.Nullable`1[[System.Int32, System.Private.CoreLib, Version=10.0.0.0, Culture=neutral, PublicKeyToken=7cec85d7bea7798e]], System.Private.CoreLib, Version=10.0.0.0, Culture=neutral, PublicKeyToken=7cec85d7bea7798e],[System.String, System.Private.CoreLib, Version=10.0.0.0, Culture=neutral, PublicKeyToken=7cec85d7bea7798e],[System.Int32, System.Private.CoreLib, Version=10.0.0.0, Culture=neutral, PublicKeyToken=7cec85d7bea7798e],[System.String, System.Private.CoreLib, Version=10.0.0.0, Culture=neutral, PublicKeyToken=7cec85d7bea7798e],[System.String, System.Private.CoreLib, Version=10.0.0.0, Culture=neutral, PublicKeyToken=7cec85d7bea7798e]], SmartParkingF.API, Version=1.0.0.0, Culture=neutral, PublicKeyToken=null]]'.
2026-05-26 00:58:48.373 +03:00 [INF] Executed action SmartParkingF.API.Controllers.ReservationsController.GetUserReservations (SmartParkingF.API) in 6.0987ms
2026-05-26 00:58:48.374 +03:00 [INF] Executed endpoint 'SmartParkingF.API.Controllers.ReservationsController.GetUserReservations (SmartParkingF.API)'
2026-05-26 00:58:48.375 +03:00 [INF] HTTP GET /api/Reservations/user/1 responded 200 in 13.5016 ms
2026-05-26 00:58:48.377 +03:00 [INF] Request finished HTTP/2 GET https://localhost:7144/api/Reservations/user/1 - 200 null application/json; charset=utf-8 19.1662ms
2026-05-26 00:58:56.227 +03:00 [INF] Request starting HTTP/2 GET https://localhost:7144/api/dashboard/stats - null null
2026-05-26 00:58:56.231 +03:00 [INF] CORS policy execution successful.
2026-05-26 00:58:56.233 +03:00 [INF] Executing endpoint 'SmartParkingF.API.Controllers.DashboardController.GetStats (SmartParkingF.API)'
2026-05-26 00:58:56.234 +03:00 [INF] Route matched with {action = "GetStats", controller = "Dashboard"}. Executing controller action with signature System.Threading.Tasks.Task`1[Microsoft.AspNetCore.Mvc.IActionResult] GetStats() on controller SmartParkingF.API.Controllers.DashboardController (SmartParkingF.API).
2026-05-26 00:58:56.240 +03:00 [INF] Executed DbCommand (3ms) [Parameters=[], CommandType='"Text"', CommandTimeout='30']
SELECT COALESCE(SUM([r].[TotalPrice]), 0.0)
FROM [Reservations] AS [r]
WHERE [r].[Status] = N'Confirmed'
2026-05-26 00:58:56.245 +03:00 [INF] Executed DbCommand (2ms) [Parameters=[], CommandType='"Text"', CommandTimeout='30']
SELECT COUNT(*)
FROM [Reservations] AS [r]
WHERE [r].[Status] = N'Confirmed'
2026-05-26 00:58:56.250 +03:00 [INF] Executed DbCommand (3ms) [Parameters=[], CommandType='"Text"', CommandTimeout='30']
SELECT COUNT(*)
FROM [ParkingSpots] AS [p]
2026-05-26 00:58:56.255 +03:00 [INF] Executed DbCommand (3ms) [Parameters=[], CommandType='"Text"', CommandTimeout='30']
SELECT COUNT(*)
FROM [ParkingSpots] AS [p]
WHERE [p].[Status] = N'Busy'
2026-05-26 00:58:56.259 +03:00 [INF] Executed DbCommand (2ms) [Parameters=[], CommandType='"Text"', CommandTimeout='30']
SELECT COUNT(*)
FROM [Users] AS [u]
2026-05-26 00:58:56.262 +03:00 [INF] Executing OkObjectResult, writing value of type '<>f__AnonymousType0`6[[System.Decimal, System.Private.CoreLib, Version=10.0.0.0, Culture=neutral, PublicKeyToken=7cec85d7bea7798e],[System.Int32, System.Private.CoreLib, Version=10.0.0.0, Culture=neutral, PublicKeyToken=7cec85d7bea7798e],[System.Int32, System.Private.CoreLib, Version=10.0.0.0, Culture=neutral, PublicKeyToken=7cec85d7bea7798e],[System.Int32, System.Private.CoreLib, Version=10.0.0.0, Culture=neutral, PublicKeyToken=7cec85d7bea7798e],[System.Int32, System.Private.CoreLib, Version=10.0.0.0, Culture=neutral, PublicKeyToken=7cec85d7bea7798e],[System.Int32, System.Private.CoreLib, Version=10.0.0.0, Culture=neutral, PublicKeyToken=7cec85d7bea7798e]]'.
2026-05-26 00:58:56.264 +03:00 [INF] Executed action SmartParkingF.API.Controllers.DashboardController.GetStats (SmartParkingF.API) in 27.1771ms
2026-05-26 00:58:56.266 +03:00 [INF] Request starting HTTP/2 GET https://localhost:7144/api/dashboard/stats - null null
2026-05-26 00:58:56.266 +03:00 [INF] Executed endpoint 'SmartParkingF.API.Controllers.DashboardController.GetStats (SmartParkingF.API)'
2026-05-26 00:58:56.270 +03:00 [INF] CORS policy execution successful.
2026-05-26 00:58:56.271 +03:00 [INF] HTTP GET /api/dashboard/stats responded 200 in 39.6973 ms
2026-05-26 00:58:56.272 +03:00 [INF] Executing endpoint 'SmartParkingF.API.Controllers.DashboardController.GetStats (SmartParkingF.API)'
2026-05-26 00:58:56.273 +03:00 [INF] Request finished HTTP/2 GET https://localhost:7144/api/dashboard/stats - 200 null application/json; charset=utf-8 46.4165ms
2026-05-26 00:58:56.275 +03:00 [INF] Route matched with {action = "GetStats", controller = "Dashboard"}. Executing controller action with signature System.Threading.Tasks.Task`1[Microsoft.AspNetCore.Mvc.IActionResult] GetStats() on controller SmartParkingF.API.Controllers.DashboardController (SmartParkingF.API).
2026-05-26 00:58:56.281 +03:00 [INF] Executed DbCommand (1ms) [Parameters=[], CommandType='"Text"', CommandTimeout='30']
SELECT COALESCE(SUM([r].[TotalPrice]), 0.0)
FROM [Reservations] AS [r]
WHERE [r].[Status] = N'Confirmed'
2026-05-26 00:58:56.285 +03:00 [INF] Executed DbCommand (1ms) [Parameters=[], CommandType='"Text"', CommandTimeout='30']
SELECT COUNT(*)
FROM [Reservations] AS [r]
WHERE [r].[Status] = N'Confirmed'
2026-05-26 00:58:56.288 +03:00 [INF] Executed DbCommand (0ms) [Parameters=[], CommandType='"Text"', CommandTimeout='30']
SELECT COUNT(*)
FROM [ParkingSpots] AS [p]
2026-05-26 00:58:56.291 +03:00 [INF] Executed DbCommand (1ms) [Parameters=[], CommandType='"Text"', CommandTimeout='30']
SELECT COUNT(*)
FROM [ParkingSpots] AS [p]
WHERE [p].[Status] = N'Busy'
2026-05-26 00:58:56.295 +03:00 [INF] Executed DbCommand (1ms) [Parameters=[], CommandType='"Text"', CommandTimeout='30']
SELECT COUNT(*)
FROM [Users] AS [u]
2026-05-26 00:58:56.297 +03:00 [INF] Executing OkObjectResult, writing value of type '<>f__AnonymousType0`6[[System.Decimal, System.Private.CoreLib, Version=10.0.0.0, Culture=neutral, PublicKeyToken=7cec85d7bea7798e],[System.Int32, System.Private.CoreLib, Version=10.0.0.0, Culture=neutral, PublicKeyToken=7cec85d7bea7798e],[System.Int32, System.Private.CoreLib, Version=10.0.0.0, Culture=neutral, PublicKeyToken=7cec85d7bea7798e],[System.Int32, System.Private.CoreLib, Version=10.0.0.0, Culture=neutral, PublicKeyToken=7cec85d7bea7798e],[System.Int32, System.Private.CoreLib, Version=10.0.0.0, Culture=neutral, PublicKeyToken=7cec85d7bea7798e],[System.Int32, System.Private.CoreLib, Version=10.0.0.0, Culture=neutral, PublicKeyToken=7cec85d7bea7798e]]'.
2026-05-26 00:58:56.298 +03:00 [INF] Executed action SmartParkingF.API.Controllers.DashboardController.GetStats (SmartParkingF.API) in 17.891ms
2026-05-26 00:58:56.300 +03:00 [INF] Executed endpoint 'SmartParkingF.API.Controllers.DashboardController.GetStats (SmartParkingF.API)'
2026-05-26 00:58:56.301 +03:00 [INF] HTTP GET /api/dashboard/stats responded 200 in 31.3648 ms
2026-05-26 00:58:56.303 +03:00 [INF] Request finished HTTP/2 GET https://localhost:7144/api/dashboard/stats - 200 null application/json; charset=utf-8 37.2318ms
2026-05-26 00:58:57.313 +03:00 [INF] Request starting HTTP/2 GET https://localhost:7144/api/Properties - null null
2026-05-26 00:58:57.314 +03:00 [INF] Request starting HTTP/2 GET https://localhost:7144/api/Properties - null null
2026-05-26 00:58:57.316 +03:00 [INF] CORS policy execution successful.
2026-05-26 00:58:57.319 +03:00 [INF] CORS policy execution successful.
2026-05-26 00:58:57.319 +03:00 [INF] Executing endpoint 'SmartParkingF.API.Controllers.PropertiesController.GetProperties (SmartParkingF.API)'
2026-05-26 00:58:57.320 +03:00 [INF] Executing endpoint 'SmartParkingF.API.Controllers.PropertiesController.GetProperties (SmartParkingF.API)'
2026-05-26 00:58:57.321 +03:00 [INF] Route matched with {action = "GetProperties", controller = "Properties"}. Executing controller action with signature System.Threading.Tasks.Task`1[Microsoft.AspNetCore.Mvc.IActionResult] GetProperties() on controller SmartParkingF.API.Controllers.PropertiesController (SmartParkingF.API).
2026-05-26 00:58:57.322 +03:00 [INF] Route matched with {action = "GetProperties", controller = "Properties"}. Executing controller action with signature System.Threading.Tasks.Task`1[Microsoft.AspNetCore.Mvc.IActionResult] GetProperties() on controller SmartParkingF.API.Controllers.PropertiesController (SmartParkingF.API).
2026-05-26 00:58:57.326 +03:00 [INF] Executed DbCommand (2ms) [Parameters=[], CommandType='"Text"', CommandTimeout='30']
SELECT [p].[Id], [p].[Bathrooms], [p].[Bedrooms], [p].[CreatedAt], [p].[Description], [p].[HasSmartParking], [p].[ImageUrl], [p].[IsSold], [p].[ListingType], [p].[Location], [p].[Name], [p].[Price], [p].[PricePerHour], [p].[PricePerNight], [p].[Rating], [p].[SalePrice], [p].[Title], [p].[TotalSpots]
FROM [Properties] AS [p]
2026-05-26 00:58:57.332 +03:00 [INF] Executing OkObjectResult, writing value of type 'System.Collections.Generic.List`1[[SmartParkingF.API.Models.Property, SmartParkingF.API, Version=1.0.0.0, Culture=neutral, PublicKeyToken=null]]'.
2026-05-26 00:58:57.334 +03:00 [INF] Executed action SmartParkingF.API.Controllers.PropertiesController.GetProperties (SmartParkingF.API) in 10.1691ms
2026-05-26 00:58:57.336 +03:00 [INF] Executed endpoint 'SmartParkingF.API.Controllers.PropertiesController.GetProperties (SmartParkingF.API)'
2026-05-26 00:58:57.339 +03:00 [INF] Executed DbCommand (3ms) [Parameters=[], CommandType='"Text"', CommandTimeout='30']
SELECT [p].[Id], [p].[Bathrooms], [p].[Bedrooms], [p].[CreatedAt], [p].[Description], [p].[HasSmartParking], [p].[ImageUrl], [p].[IsSold], [p].[ListingType], [p].[Location], [p].[Name], [p].[Price], [p].[PricePerHour], [p].[PricePerNight], [p].[Rating], [p].[SalePrice], [p].[Title], [p].[TotalSpots]
FROM [Properties] AS [p]
2026-05-26 00:58:57.339 +03:00 [INF] HTTP GET /api/Properties responded 200 in 23.2435 ms
2026-05-26 00:58:57.341 +03:00 [INF] Executing OkObjectResult, writing value of type 'System.Collections.Generic.List`1[[SmartParkingF.API.Models.Property, SmartParkingF.API, Version=1.0.0.0, Culture=neutral, PublicKeyToken=null]]'.
2026-05-26 00:58:57.343 +03:00 [INF] Request finished HTTP/2 GET https://localhost:7144/api/Properties - 499 null application/json; charset=utf-8 30.6703ms
2026-05-26 00:58:57.345 +03:00 [INF] Executed action SmartParkingF.API.Controllers.PropertiesController.GetProperties (SmartParkingF.API) in 19.388ms
2026-05-26 00:58:57.350 +03:00 [INF] Executed endpoint 'SmartParkingF.API.Controllers.PropertiesController.GetProperties (SmartParkingF.API)'
2026-05-26 00:58:57.352 +03:00 [INF] HTTP GET /api/Properties responded 200 in 32.8486 ms
2026-05-26 00:58:57.353 +03:00 [INF] Request finished HTTP/2 GET https://localhost:7144/api/Properties - 200 null application/json; charset=utf-8 39.2762ms
2026-05-26 01:01:31.473 +03:00 [INF] Executed DbCommand (16ms) [Parameters=[], CommandType='"Text"', CommandTimeout='30']
SELECT 1
2026-05-26 01:01:31.538 +03:00 [INF] Executed DbCommand (9ms) [Parameters=[], CommandType='"Text"', CommandTimeout='60']
IF SERVERPROPERTY('EngineEdition') <> 5
BEGIN
    ALTER DATABASE [SmartParkingDB] SET SINGLE_USER WITH ROLLBACK IMMEDIATE;
END;
2026-05-26 01:01:31.569 +03:00 [INF] Executed DbCommand (31ms) [Parameters=[], CommandType='"Text"', CommandTimeout='60']
DROP DATABASE [SmartParkingDB];
2026-05-26 01:02:09.769 +03:00 [INF] Executed DbCommand (232ms) [Parameters=[], CommandType='"Text"', CommandTimeout='60']
CREATE DATABASE [SmartParkingDB];
2026-05-26 01:02:09.868 +03:00 [INF] Executed DbCommand (53ms) [Parameters=[], CommandType='"Text"', CommandTimeout='60']
IF SERVERPROPERTY('EngineEdition') <> 5
BEGIN
    ALTER DATABASE [SmartParkingDB] SET READ_COMMITTED_SNAPSHOT ON;
END;
2026-05-26 01:02:09.893 +03:00 [INF] Executed DbCommand (10ms) [Parameters=[], CommandType='"Text"', CommandTimeout='30']
SELECT 1
2026-05-26 01:02:09.898 +03:00 [INF] Acquiring an exclusive lock for migration application. See https://aka.ms/efcore-docs-migrations-lock for more information if this takes too long.
2026-05-26 01:02:09.927 +03:00 [INF] Executed DbCommand (25ms) [Parameters=[], CommandType='"Text"', CommandTimeout='30']
DECLARE @result int;
EXEC @result = sp_getapplock @Resource = '__EFMigrationsLock', @LockOwner = 'Session', @LockMode = 'Exclusive';
SELECT @result
2026-05-26 01:02:10.002 +03:00 [INF] Executed DbCommand (8ms) [Parameters=[], CommandType='"Text"', CommandTimeout='30']
IF OBJECT_ID(N'[__EFMigrationsHistory]') IS NULL
BEGIN
    CREATE TABLE [__EFMigrationsHistory] (
        [MigrationId] nvarchar(150) NOT NULL,
        [ProductVersion] nvarchar(32) NOT NULL,
        CONSTRAINT [PK___EFMigrationsHistory] PRIMARY KEY ([MigrationId])
    );
END;
2026-05-26 01:02:10.012 +03:00 [INF] Executed DbCommand (0ms) [Parameters=[], CommandType='"Text"', CommandTimeout='30']
SELECT 1
2026-05-26 01:02:10.013 +03:00 [INF] Executed DbCommand (0ms) [Parameters=[], CommandType='"Text"', CommandTimeout='30']
SELECT OBJECT_ID(N'[__EFMigrationsHistory]');
2026-05-26 01:02:10.025 +03:00 [INF] Executed DbCommand (10ms) [Parameters=[], CommandType='"Text"', CommandTimeout='30']
SELECT [MigrationId], [ProductVersion]
FROM [__EFMigrationsHistory]
ORDER BY [MigrationId];
2026-05-26 01:02:10.037 +03:00 [INF] Applying migration '20260525220154_InitialCreate'.
2026-05-26 01:02:10.120 +03:00 [INF] Executed DbCommand (3ms) [Parameters=[], CommandType='"Text"', CommandTimeout='30']
CREATE TABLE [Properties] (
    [Id] int NOT NULL IDENTITY,
    [Name] nvarchar(max) NOT NULL,
    [Title] nvarchar(max) NOT NULL,
    [Location] nvarchar(max) NOT NULL,
    [Description] nvarchar(max) NOT NULL,
    [Price] decimal(18,2) NOT NULL,
    [PricePerNight] decimal(18,2) NOT NULL,
    [PricePerHour] decimal(18,2) NOT NULL,
    [ListingType] nvarchar(max) NOT NULL,
    [SalePrice] decimal(18,2) NULL,
    [IsSold] bit NOT NULL,
    [TotalSpots] int NOT NULL,
    [Bedrooms] int NOT NULL,
    [Bathrooms] int NOT NULL,
    [Rating] float NOT NULL,
    [HasSmartParking] bit NOT NULL,
    [ImageUrl] nvarchar(max) NOT NULL,
    [CreatedAt] datetime2 NOT NULL,
    CONSTRAINT [PK_Properties] PRIMARY KEY ([Id])
);
2026-05-26 01:02:10.123 +03:00 [INF] Executed DbCommand (3ms) [Parameters=[], CommandType='"Text"', CommandTimeout='30']
CREATE TABLE [SystemSettings] (
    [Id] int NOT NULL IDENTITY,
    [ProjectName] nvarchar(max) NOT NULL,
    [SupportEmail] nvarchar(max) NOT NULL,
    [IsMaintenanceMode] bit NOT NULL,
    [BookingPermissions] nvarchar(max) NOT NULL,
    [ApiSecurityKey] nvarchar(max) NULL,
    [LastBackupDate] datetime2 NOT NULL,
    CONSTRAINT [PK_SystemSettings] PRIMARY KEY ([Id])
);
2026-05-26 01:02:10.126 +03:00 [INF] Executed DbCommand (3ms) [Parameters=[], CommandType='"Text"', CommandTimeout='30']
CREATE TABLE [Users] (
    [Id] int NOT NULL IDENTITY,
    [FullName] nvarchar(100) NOT NULL,
    [Email] nvarchar(450) NOT NULL,
    [PasswordHash] nvarchar(max) NOT NULL,
    [Phone] nvarchar(max) NULL,
    [CarPlateNumber] nvarchar(20) NULL,
    [AccountType] nvarchar(max) NOT NULL,
    [Role] nvarchar(max) NOT NULL,
    [Status] nvarchar(max) NOT NULL,
    [CreatedAt] datetime2 NOT NULL,
    [RefreshToken] nvarchar(max) NULL,
    [RefreshTokenExpiryTime] datetime2 NULL,
    [CardLastFourDigits] nvarchar(max) NULL,
    [HasLinkedCard] bit NOT NULL,
    CONSTRAINT [PK_Users] PRIMARY KEY ([Id])
);
2026-05-26 01:02:10.129 +03:00 [INF] Executed DbCommand (3ms) [Parameters=[], CommandType='"Text"', CommandTimeout='30']
CREATE TABLE [ParkingSpots] (
    [Id] int NOT NULL IDENTITY,
    [SpotNumber] nvarchar(max) NOT NULL,
    [Zone] nvarchar(max) NULL,
    [Location] nvarchar(max) NULL,
    [Status] nvarchar(max) NOT NULL,
    [PricePerHour] decimal(18,2) NOT NULL,
    [PricePerNight] decimal(18,2) NOT NULL,
    [PropertyId] int NOT NULL,
    CONSTRAINT [PK_ParkingSpots] PRIMARY KEY ([Id]),
    CONSTRAINT [FK_ParkingSpots_Properties_PropertyId] FOREIGN KEY ([PropertyId]) REFERENCES [Properties] ([Id]) ON DELETE CASCADE
);
2026-05-26 01:02:10.133 +03:00 [INF] Executed DbCommand (4ms) [Parameters=[], CommandType='"Text"', CommandTimeout='30']
CREATE TABLE [Sales] (
    [Id] int NOT NULL IDENTITY,
    [PropertyId] int NOT NULL,
    [BuyerId] int NOT NULL,
    [SalePrice] decimal(18,2) NOT NULL,
    [PaymentMethod] nvarchar(max) NOT NULL,
    [Status] nvarchar(max) NOT NULL,
    [CreatedAt] datetime2 NOT NULL,
    [CompletedAt] datetime2 NULL,
    CONSTRAINT [PK_Sales] PRIMARY KEY ([Id]),
    CONSTRAINT [FK_Sales_Properties_PropertyId] FOREIGN KEY ([PropertyId]) REFERENCES [Properties] ([Id]) ON DELETE NO ACTION,
    CONSTRAINT [FK_Sales_Users_BuyerId] FOREIGN KEY ([BuyerId]) REFERENCES [Users] ([Id]) ON DELETE NO ACTION
);
2026-05-26 01:02:10.138 +03:00 [INF] Executed DbCommand (4ms) [Parameters=[], CommandType='"Text"', CommandTimeout='30']
CREATE TABLE [Reservations] (
    [Id] int NOT NULL IDENTITY,
    [ParkingSpotId] int NULL,
    [PropertyId] int NOT NULL,
    [UserId] int NOT NULL,
    [StartTime] datetime2 NOT NULL,
    [EndTime] datetime2 NOT NULL,
    [TotalPrice] decimal(18,2) NOT NULL,
    [Status] nvarchar(max) NOT NULL,
    [QrCodeData] nvarchar(max) NULL,
    [CarPlateNumber] nvarchar(max) NULL,
    [BookingType] nvarchar(max) NULL,
    [CreatedAt] datetime2 NOT NULL,
    CONSTRAINT [PK_Reservations] PRIMARY KEY ([Id]),
    CONSTRAINT [FK_Reservations_ParkingSpots_ParkingSpotId] FOREIGN KEY ([ParkingSpotId]) REFERENCES [ParkingSpots] ([Id]) ON DELETE NO ACTION,
    CONSTRAINT [FK_Reservations_Properties_PropertyId] FOREIGN KEY ([PropertyId]) REFERENCES [Properties] ([Id]) ON DELETE NO ACTION,
    CONSTRAINT [FK_Reservations_Users_UserId] FOREIGN KEY ([UserId]) REFERENCES [Users] ([Id]) ON DELETE CASCADE
);
2026-05-26 01:02:11.022 +03:00 [INF] Executed DbCommand (83ms) [Parameters=[], CommandType='"Text"', CommandTimeout='30']
IF EXISTS (SELECT * FROM [sys].[identity_columns] WHERE [name] IN (N'Id', N'Bathrooms', N'Bedrooms', N'CreatedAt', N'Description', N'HasSmartParking', N'ImageUrl', N'IsSold', N'ListingType', N'Location', N'Name', N'Price', N'PricePerHour', N'PricePerNight', N'Rating', N'SalePrice', N'Title', N'TotalSpots') AND [object_id] = OBJECT_ID(N'[Properties]'))
    SET IDENTITY_INSERT [Properties] ON;
INSERT INTO [Properties] ([Id], [Bathrooms], [Bedrooms], [CreatedAt], [Description], [HasSmartParking], [ImageUrl], [IsSold], [ListingType], [Location], [Name], [Price], [PricePerHour], [PricePerNight], [Rating], [SalePrice], [Title], [TotalSpots])
VALUES (1, 3, 4, '2026-04-30T00:00:00.0000000', N'Smart Villa with private parking', CAST(1 AS bit), N'https://images.unsplash.com/photo-1506521781263-d8422e82f27a', CAST(0 AS bit), N'Both', N'Beverly Hills, Cairo', N'Luxury Modern Villa', 1250.0, 150.0, 1250.0, 4.9000000000000004E0, 2500000.0, N'Luxury Modern Villa', 90);
IF EXISTS (SELECT * FROM [sys].[identity_columns] WHERE [name] IN (N'Id', N'Bathrooms', N'Bedrooms', N'CreatedAt', N'Description', N'HasSmartParking', N'ImageUrl', N'IsSold', N'ListingType', N'Location', N'Name', N'Price', N'PricePerHour', N'PricePerNight', N'Rating', N'SalePrice', N'Title', N'TotalSpots') AND [object_id] = OBJECT_ID(N'[Properties]'))
    SET IDENTITY_INSERT [Properties] OFF;
2026-05-26 01:02:11.103 +03:00 [INF] Executed DbCommand (80ms) [Parameters=[], CommandType='"Text"', CommandTimeout='30']
IF EXISTS (SELECT * FROM [sys].[identity_columns] WHERE [name] IN (N'Id', N'Location', N'PricePerHour', N'PricePerNight', N'PropertyId', N'SpotNumber', N'Status', N'Zone') AND [object_id] = OBJECT_ID(N'[ParkingSpots]'))
    SET IDENTITY_INSERT [ParkingSpots] ON;
INSERT INTO [ParkingSpots] ([Id], [Location], [PricePerHour], [PricePerNight], [PropertyId], [SpotNumber], [Status], [Zone])
VALUES (1, N'Ground Floor', 5.0, 50.0, 1, N'A1', N'Available', N'A'),
(2, N'Ground Floor', 5.0, 50.0, 1, N'A2', N'Available', N'A'),
(3, N'Ground Floor', 5.0, 50.0, 1, N'A3', N'Available', N'A'),
(4, N'Ground Floor', 5.0, 50.0, 1, N'A4', N'Available', N'A'),
(5, N'Ground Floor', 5.0, 50.0, 1, N'A5', N'Available', N'A'),
(6, N'Ground Floor', 5.0, 50.0, 1, N'A6', N'Available', N'A'),
(7, N'Ground Floor', 5.0, 50.0, 1, N'A7', N'Available', N'A'),
(8, N'Ground Floor', 5.0, 50.0, 1, N'A8', N'Available', N'A'),
(9, N'Ground Floor', 5.0, 50.0, 1, N'A9', N'Available', N'A'),
(10, N'Ground Floor', 5.0, 50.0, 1, N'A10', N'Available', N'A'),
(11, N'Ground Floor', 5.0, 50.0, 1, N'A11', N'Available', N'A'),
(12, N'Ground Floor', 5.0, 50.0, 1, N'A12', N'Available', N'A'),
(13, N'Ground Floor', 5.0, 50.0, 1, N'A13', N'Available', N'A'),
(14, N'Ground Floor', 5.0, 50.0, 1, N'A14', N'Available', N'A'),
(15, N'Ground Floor', 5.0, 50.0, 1, N'A15', N'Available', N'A'),
(16, N'Ground Floor', 5.0, 50.0, 1, N'A16', N'Available', N'A'),
(17, N'Ground Floor', 5.0, 50.0, 1, N'A17', N'Available', N'A'),
(18, N'Ground Floor', 5.0, 50.0, 1, N'A18', N'Available', N'A'),
(19, N'Ground Floor', 5.0, 50.0, 1, N'A19', N'Available', N'A'),
(20, N'Ground Floor', 5.0, 50.0, 1, N'A20', N'Available', N'A'),
(21, N'Ground Floor', 5.0, 50.0, 1, N'A21', N'Available', N'A'),
(22, N'Ground Floor', 5.0, 50.0, 1, N'A22', N'Available', N'A'),
(23, N'Ground Floor', 5.0, 50.0, 1, N'A23', N'Available', N'A'),
(24, N'Ground Floor', 5.0, 50.0, 1, N'A24', N'Available', N'A'),
(25, N'Ground Floor', 5.0, 50.0, 1, N'A25', N'Available', N'A'),
(26, N'Ground Floor', 5.0, 50.0, 1, N'A26', N'Available', N'A'),
(27, N'Ground Floor', 5.0, 50.0, 1, N'A27', N'Available', N'A'),
(28, N'Ground Floor', 5.0, 50.0, 1, N'A28', N'Available', N'A'),
(29, N'Ground Floor', 5.0, 50.0, 1, N'A29', N'Available', N'A'),
(30, N'Ground Floor', 5.0, 50.0, 1, N'A30', N'Available', N'A'),
(31, N'First Floor', 10.0, 80.0, 1, N'B1', N'Available', N'B'),
(32, N'First Floor', 10.0, 80.0, 1, N'B2', N'Available', N'B'),
(33, N'First Floor', 10.0, 80.0, 1, N'B3', N'Available', N'B'),
(34, N'First Floor', 10.0, 80.0, 1, N'B4', N'Available', N'B'),
(35, N'First Floor', 10.0, 80.0, 1, N'B5', N'Available', N'B'),
(36, N'First Floor', 10.0, 80.0, 1, N'B6', N'Available', N'B'),
(37, N'First Floor', 10.0, 80.0, 1, N'B7', N'Available', N'B'),
(38, N'First Floor', 10.0, 80.0, 1, N'B8', N'Available', N'B'),
(39, N'First Floor', 10.0, 80.0, 1, N'B9', N'Available', N'B'),
(40, N'First Floor', 10.0, 80.0, 1, N'B10', N'Available', N'B'),
(41, N'First Floor', 10.0, 80.0, 1, N'B11', N'Available', N'B'),
(42, N'First Floor', 10.0, 80.0, 1, N'B12', N'Available', N'B');
INSERT INTO [ParkingSpots] ([Id], [Location], [PricePerHour], [PricePerNight], [PropertyId], [SpotNumber], [Status], [Zone])
VALUES (43, N'First Floor', 10.0, 80.0, 1, N'B13', N'Available', N'B'),
(44, N'First Floor', 10.0, 80.0, 1, N'B14', N'Available', N'B'),
(45, N'First Floor', 10.0, 80.0, 1, N'B15', N'Available', N'B'),
(46, N'First Floor', 10.0, 80.0, 1, N'B16', N'Available', N'B'),
(47, N'First Floor', 10.0, 80.0, 1, N'B17', N'Available', N'B'),
(48, N'First Floor', 10.0, 80.0, 1, N'B18', N'Available', N'B'),
(49, N'First Floor', 10.0, 80.0, 1, N'B19', N'Available', N'B'),
(50, N'First Floor', 10.0, 80.0, 1, N'B20', N'Available', N'B'),
(51, N'First Floor', 10.0, 80.0, 1, N'B21', N'Available', N'B'),
(52, N'First Floor', 10.0, 80.0, 1, N'B22', N'Available', N'B'),
(53, N'First Floor', 10.0, 80.0, 1, N'B23', N'Available', N'B'),
(54, N'First Floor', 10.0, 80.0, 1, N'B24', N'Available', N'B'),
(55, N'First Floor', 10.0, 80.0, 1, N'B25', N'Available', N'B'),
(56, N'First Floor', 10.0, 80.0, 1, N'B26', N'Available', N'B'),
(57, N'First Floor', 10.0, 80.0, 1, N'B27', N'Available', N'B'),
(58, N'First Floor', 10.0, 80.0, 1, N'B28', N'Available', N'B'),
(59, N'First Floor', 10.0, 80.0, 1, N'B29', N'Available', N'B'),
(60, N'First Floor', 10.0, 80.0, 1, N'B30', N'Available', N'B'),
(61, N'VIP Section', 15.0, 120.0, 1, N'C1', N'Available', N'C'),
(62, N'VIP Section', 15.0, 120.0, 1, N'C2', N'Available', N'C'),
(63, N'VIP Section', 15.0, 120.0, 1, N'C3', N'Available', N'C'),
(64, N'VIP Section', 15.0, 120.0, 1, N'C4', N'Available', N'C'),
(65, N'VIP Section', 15.0, 120.0, 1, N'C5', N'Available', N'C'),
(66, N'VIP Section', 15.0, 120.0, 1, N'C6', N'Available', N'C'),
(67, N'VIP Section', 15.0, 120.0, 1, N'C7', N'Available', N'C'),
(68, N'VIP Section', 15.0, 120.0, 1, N'C8', N'Available', N'C'),
(69, N'VIP Section', 15.0, 120.0, 1, N'C9', N'Available', N'C'),
(70, N'VIP Section', 15.0, 120.0, 1, N'C10', N'Available', N'C'),
(71, N'VIP Section', 15.0, 120.0, 1, N'C11', N'Available', N'C'),
(72, N'VIP Section', 15.0, 120.0, 1, N'C12', N'Available', N'C'),
(73, N'VIP Section', 15.0, 120.0, 1, N'C13', N'Available', N'C'),
(74, N'VIP Section', 15.0, 120.0, 1, N'C14', N'Available', N'C'),
(75, N'VIP Section', 15.0, 120.0, 1, N'C15', N'Available', N'C'),
(76, N'VIP Section', 15.0, 120.0, 1, N'C16', N'Available', N'C'),
(77, N'VIP Section', 15.0, 120.0, 1, N'C17', N'Available', N'C'),
(78, N'VIP Section', 15.0, 120.0, 1, N'C18', N'Available', N'C'),
(79, N'VIP Section', 15.0, 120.0, 1, N'C19', N'Available', N'C'),
(80, N'VIP Section', 15.0, 120.0, 1, N'C20', N'Available', N'C'),
(81, N'VIP Section', 15.0, 120.0, 1, N'C21', N'Available', N'C'),
(82, N'VIP Section', 15.0, 120.0, 1, N'C22', N'Available', N'C'),
(83, N'VIP Section', 15.0, 120.0, 1, N'C23', N'Available', N'C'),
(84, N'VIP Section', 15.0, 120.0, 1, N'C24', N'Available', N'C');
INSERT INTO [ParkingSpots] ([Id], [Location], [PricePerHour], [PricePerNight], [PropertyId], [SpotNumber], [Status], [Zone])
VALUES (85, N'VIP Section', 15.0, 120.0, 1, N'C25', N'Available', N'C'),
(86, N'VIP Section', 15.0, 120.0, 1, N'C26', N'Available', N'C'),
(87, N'VIP Section', 15.0, 120.0, 1, N'C27', N'Available', N'C'),
(88, N'VIP Section', 15.0, 120.0, 1, N'C28', N'Available', N'C'),
(89, N'VIP Section', 15.0, 120.0, 1, N'C29', N'Available', N'C'),
(90, N'VIP Section', 15.0, 120.0, 1, N'C30', N'Available', N'C');
IF EXISTS (SELECT * FROM [sys].[identity_columns] WHERE [name] IN (N'Id', N'Location', N'PricePerHour', N'PricePerNight', N'PropertyId', N'SpotNumber', N'Status', N'Zone') AND [object_id] = OBJECT_ID(N'[ParkingSpots]'))
    SET IDENTITY_INSERT [ParkingSpots] OFF;
2026-05-26 01:02:16.091 +03:00 [INF] Executed DbCommand (6ms) [Parameters=[], CommandType='"Text"', CommandTimeout='30']
CREATE INDEX [IX_ParkingSpots_PropertyId] ON [ParkingSpots] ([PropertyId]);
2026-05-26 01:02:16.092 +03:00 [INF] Executed DbCommand (1ms) [Parameters=[], CommandType='"Text"', CommandTimeout='30']
CREATE INDEX [IX_Reservations_ParkingSpotId] ON [Reservations] ([ParkingSpotId]);
2026-05-26 01:02:16.093 +03:00 [INF] Executed DbCommand (1ms) [Parameters=[], CommandType='"Text"', CommandTimeout='30']
CREATE INDEX [IX_Reservations_PropertyId] ON [Reservations] ([PropertyId]);
2026-05-26 01:02:16.095 +03:00 [INF] Executed DbCommand (1ms) [Parameters=[], CommandType='"Text"', CommandTimeout='30']
CREATE INDEX [IX_Reservations_UserId] ON [Reservations] ([UserId]);
2026-05-26 01:02:16.096 +03:00 [INF] Executed DbCommand (1ms) [Parameters=[], CommandType='"Text"', CommandTimeout='30']
CREATE INDEX [IX_Sales_BuyerId] ON [Sales] ([BuyerId]);
2026-05-26 01:02:16.098 +03:00 [INF] Executed DbCommand (1ms) [Parameters=[], CommandType='"Text"', CommandTimeout='30']
CREATE INDEX [IX_Sales_PropertyId] ON [Sales] ([PropertyId]);
2026-05-26 01:02:16.099 +03:00 [INF] Executed DbCommand (1ms) [Parameters=[], CommandType='"Text"', CommandTimeout='30']
CREATE UNIQUE INDEX [IX_Users_Email] ON [Users] ([Email]);
2026-05-26 01:02:16.102 +03:00 [INF] Executed DbCommand (3ms) [Parameters=[], CommandType='"Text"', CommandTimeout='30']
INSERT INTO [__EFMigrationsHistory] ([MigrationId], [ProductVersion])
VALUES (N'20260525220154_InitialCreate', N'10.0.7');
2026-05-26 01:02:16.108 +03:00 [INF] Executed DbCommand (4ms) [Parameters=[], CommandType='"Text"', CommandTimeout='30']
DECLARE @result int;
EXEC @result = sp_releaseapplock @Resource = '__EFMigrationsLock', @LockOwner = 'Session';
SELECT @result
2026-05-26 01:02:25.040 +03:00 [INF] Executed DbCommand (23ms) [Parameters=[], CommandType='"Text"', CommandTimeout='30']
SELECT 1
2026-05-26 01:02:25.099 +03:00 [INF] Acquiring an exclusive lock for migration application. See https://aka.ms/efcore-docs-migrations-lock for more information if this takes too long.
2026-05-26 01:02:25.125 +03:00 [INF] Executed DbCommand (20ms) [Parameters=[], CommandType='"Text"', CommandTimeout='30']
DECLARE @result int;
EXEC @result = sp_getapplock @Resource = '__EFMigrationsLock', @LockOwner = 'Session', @LockMode = 'Exclusive';
SELECT @result
2026-05-26 01:02:25.228 +03:00 [INF] Executed DbCommand (2ms) [Parameters=[], CommandType='"Text"', CommandTimeout='30']
IF OBJECT_ID(N'[__EFMigrationsHistory]') IS NULL
BEGIN
    CREATE TABLE [__EFMigrationsHistory] (
        [MigrationId] nvarchar(150) NOT NULL,
        [ProductVersion] nvarchar(32) NOT NULL,
        CONSTRAINT [PK___EFMigrationsHistory] PRIMARY KEY ([MigrationId])
    );
END;
2026-05-26 01:02:25.239 +03:00 [INF] Executed DbCommand (0ms) [Parameters=[], CommandType='"Text"', CommandTimeout='30']
SELECT 1
2026-05-26 01:02:25.242 +03:00 [INF] Executed DbCommand (0ms) [Parameters=[], CommandType='"Text"', CommandTimeout='30']
SELECT OBJECT_ID(N'[__EFMigrationsHistory]');
2026-05-26 01:02:25.255 +03:00 [INF] Executed DbCommand (8ms) [Parameters=[], CommandType='"Text"', CommandTimeout='30']
SELECT [MigrationId], [ProductVersion]
FROM [__EFMigrationsHistory]
ORDER BY [MigrationId];
2026-05-26 01:02:25.267 +03:00 [INF] No migrations were applied. The database is already up to date.
2026-05-26 01:02:25.270 +03:00 [INF] Executed DbCommand (1ms) [Parameters=[], CommandType='"Text"', CommandTimeout='30']
DECLARE @result int;
EXEC @result = sp_releaseapplock @Resource = '__EFMigrationsLock', @LockOwner = 'Session';
SELECT @result
2026-05-26 01:02:25.529 +03:00 [INF] Executed DbCommand (4ms) [Parameters=[], CommandType='"Text"', CommandTimeout='30']
SELECT CASE
    WHEN EXISTS (
        SELECT 1
        FROM [Users] AS [u]) THEN CAST(1 AS bit)
    ELSE CAST(0 AS bit)
END
2026-05-26 01:02:26.467 +03:00 [INF] Executed DbCommand (31ms) [Parameters=[@p0='?' (Size = 4000), @p1='?' (Size = 20), @p2='?' (Size = 4000), @p3='?' (DbType = DateTime2), @p4='?' (Size = 450), @p5='?' (Size = 100), @p6='?' (DbType = Boolean), @p7='?' (Size = 4000), @p8='?' (Size = 4000), @p9='?' (Size = 4000), @p10='?' (DbType = DateTime2), @p11='?' (Size = 4000), @p12='?' (Size = 4000), @p13='?' (Size = 4000), @p14='?' (Size = 20), @p15='?' (Size = 4000), @p16='?' (DbType = DateTime2), @p17='?' (Size = 450), @p18='?' (Size = 100), @p19='?' (DbType = Boolean), @p20='?' (Size = 4000), @p21='?' (Size = 4000), @p22='?' (Size = 4000), @p23='?' (DbType = DateTime2), @p24='?' (Size = 4000), @p25='?' (Size = 4000)], CommandType='"Text"', CommandTimeout='30']
SET IMPLICIT_TRANSACTIONS OFF;
SET NOCOUNT ON;
MERGE [Users] USING (
VALUES (@p0, @p1, @p2, @p3, @p4, @p5, @p6, @p7, @p8, @p9, @p10, @p11, @p12, 0),
(@p13, @p14, @p15, @p16, @p17, @p18, @p19, @p20, @p21, @p22, @p23, @p24, @p25, 1)) AS i ([AccountType], [CarPlateNumber], [CardLastFourDigits], [CreatedAt], [Email], [FullName], [HasLinkedCard], [PasswordHash], [Phone], [RefreshToken], [RefreshTokenExpiryTime], [Role], [Status], _Position) ON 1=0
WHEN NOT MATCHED THEN
INSERT ([AccountType], [CarPlateNumber], [CardLastFourDigits], [CreatedAt], [Email], [FullName], [HasLinkedCard], [PasswordHash], [Phone], [RefreshToken], [RefreshTokenExpiryTime], [Role], [Status])
VALUES (i.[AccountType], i.[CarPlateNumber], i.[CardLastFourDigits], i.[CreatedAt], i.[Email], i.[FullName], i.[HasLinkedCard], i.[PasswordHash], i.[Phone], i.[RefreshToken], i.[RefreshTokenExpiryTime], i.[Role], i.[Status])
OUTPUT INSERTED.[Id], i._Position;
2026-05-26 01:02:26.491 +03:00 [INF] Seed users created successfully
2026-05-26 01:02:26.500 +03:00 [INF] Executed DbCommand (3ms) [Parameters=[], CommandType='"Text"', CommandTimeout='30']
SELECT CASE
    WHEN EXISTS (
        SELECT 1
        FROM [Properties] AS [p]) THEN CAST(1 AS bit)
    ELSE CAST(0 AS bit)
END
2026-05-26 01:02:26.511 +03:00 [WRN] The query uses the 'First'/'FirstOrDefault' operator without 'OrderBy' and filter operators. This may lead to unpredictable results.
2026-05-26 01:02:26.556 +03:00 [INF] Executed DbCommand (2ms) [Parameters=[], CommandType='"Text"', CommandTimeout='30']
SELECT TOP(1) [p].[Id], [p].[Bathrooms], [p].[Bedrooms], [p].[CreatedAt], [p].[Description], [p].[HasSmartParking], [p].[ImageUrl], [p].[IsSold], [p].[ListingType], [p].[Location], [p].[Name], [p].[Price], [p].[PricePerHour], [p].[PricePerNight], [p].[Rating], [p].[SalePrice], [p].[Title], [p].[TotalSpots]
FROM [Properties] AS [p]
2026-05-26 01:02:26.650 +03:00 [INF] Executed DbCommand (2ms) [Parameters=[], CommandType='"Text"', CommandTimeout='30']
SELECT COUNT(*)
FROM [ParkingSpots] AS [p]
2026-05-26 01:02:26.659 +03:00 [INF] Executed DbCommand (3ms) [Parameters=[], CommandType='"Text"', CommandTimeout='30']
SELECT CASE
    WHEN EXISTS (
        SELECT 1
        FROM [Reservations] AS [r]) THEN CAST(1 AS bit)
    ELSE CAST(0 AS bit)
END
2026-05-26 01:02:26.663 +03:00 [WRN] The query uses the 'First'/'FirstOrDefault' operator without 'OrderBy' and filter operators. This may lead to unpredictable results.
2026-05-26 01:02:26.674 +03:00 [INF] Executed DbCommand (3ms) [Parameters=[], CommandType='"Text"', CommandTimeout='30']
SELECT TOP(1) [p].[Id], [p].[Location], [p].[PricePerHour], [p].[PricePerNight], [p].[PropertyId], [p].[SpotNumber], [p].[Status], [p].[Zone]
FROM [ParkingSpots] AS [p]
2026-05-26 01:02:26.793 +03:00 [INF] Executed DbCommand (4ms) [Parameters=[@p0='?' (Size = 4000), @p1='?' (Size = 4000), @p2='?' (DbType = DateTime2), @p3='?' (DbType = DateTime2), @p4='?' (DbType = Int32), @p5='?' (DbType = Int32), @p6='?' (Size = 4000), @p7='?' (DbType = DateTime2), @p8='?' (Size = 4000), @p9='?' (Precision = 18) (Scale = 2) (DbType = Decimal), @p10='?' (DbType = Int32)], CommandType='"Text"', CommandTimeout='30']
SET IMPLICIT_TRANSACTIONS OFF;
SET NOCOUNT ON;
INSERT INTO [Reservations] ([BookingType], [CarPlateNumber], [CreatedAt], [EndTime], [ParkingSpotId], [PropertyId], [QrCodeData], [StartTime], [Status], [TotalPrice], [UserId])
OUTPUT INSERTED.[Id]
VALUES (@p0, @p1, @p2, @p3, @p4, @p5, @p6, @p7, @p8, @p9, @p10);
2026-05-26 01:02:26.824 +03:00 [ERR] An exception occurred in the database while saving changes for context type 'SmartParkingF.API.Data.ApplicationDbContext'.
Microsoft.EntityFrameworkCore.DbUpdateException: An error occurred while saving the entity changes. See the inner exception for details.
 ---> Microsoft.Data.SqlClient.SqlException (0x80131904): The INSERT statement conflicted with the FOREIGN KEY constraint "FK_Reservations_Users_UserId". The conflict occurred in database "SmartParkingDB", table "dbo.Users", column 'Id'.
   at Microsoft.Data.SqlClient.SqlConnection.OnError(SqlException exception, Boolean breakConnection, Action`1 wrapCloseInAction)
   at Microsoft.Data.SqlClient.SqlInternalConnection.OnError(SqlException exception, Boolean breakConnection, Action`1 wrapCloseInAction)
   at Microsoft.Data.SqlClient.TdsParser.ThrowExceptionAndWarning(TdsParserStateObject stateObj, SqlCommand command, Boolean callerHasConnectionLock, Boolean asyncClose)
   at Microsoft.Data.SqlClient.TdsParser.TryRun(RunBehavior runBehavior, SqlCommand cmdHandler, SqlDataReader dataStream, BulkCopySimpleResultSet bulkCopyHandler, TdsParserStateObject stateObj, Boolean& dataReady)
   at Microsoft.Data.SqlClient.SqlDataReader.TryHasMoreRows(Boolean& moreRows)
   at Microsoft.Data.SqlClient.SqlDataReader.TryReadInternal(Boolean setTimeout, Boolean& more)
   at Microsoft.Data.SqlClient.SqlDataReader.Read()
   at Microsoft.EntityFrameworkCore.Storage.RelationalDataReader.Read()
   at Microsoft.EntityFrameworkCore.Update.AffectedCountModificationCommandBatch.ConsumeResultSet(Int32 startCommandIndex, RelationalDataReader reader)
ClientConnectionId:0f40c011-dad8-4786-939f-3781c395cabc
Error Number:547,State:0,Class:16
   --- End of inner exception stack trace ---
   at Microsoft.EntityFrameworkCore.Update.AffectedCountModificationCommandBatch.ConsumeResultSet(Int32 startCommandIndex, RelationalDataReader reader)
   at Microsoft.EntityFrameworkCore.Update.AffectedCountModificationCommandBatch.Consume(RelationalDataReader reader)
   at Microsoft.EntityFrameworkCore.Update.ReaderModificationCommandBatch.Execute(IRelationalConnection connection)
   at Microsoft.EntityFrameworkCore.SqlServer.Update.Internal.SqlServerModificationCommandBatch.Execute(IRelationalConnection connection)
   at Microsoft.EntityFrameworkCore.Update.Internal.BatchExecutor.Execute(IEnumerable`1 commandBatches, IRelationalConnection connection)
   at Microsoft.EntityFrameworkCore.Storage.RelationalDatabase.SaveChanges(IList`1 entries)
   at Microsoft.EntityFrameworkCore.ChangeTracking.Internal.StateManager.SaveChanges(IList`1 entriesToSave)
   at Microsoft.EntityFrameworkCore.ChangeTracking.Internal.StateManager.SaveChanges(StateManager stateManager, Boolean acceptAllChangesOnSuccess)
   at Microsoft.EntityFrameworkCore.ChangeTracking.Internal.StateManager.<>c.<SaveChanges>b__114_0(DbContext _, ValueTuple`2 t)
   at Microsoft.EntityFrameworkCore.SqlServer.Storage.Internal.SqlServerExecutionStrategy.Execute[TState,TResult](TState state, Func`3 operation, Func`3 verifySucceeded)
   at Microsoft.EntityFrameworkCore.ChangeTracking.Internal.StateManager.SaveChanges(Boolean acceptAllChangesOnSuccess)
   at Microsoft.EntityFrameworkCore.DbContext.SaveChanges(Boolean acceptAllChangesOnSuccess)
Microsoft.EntityFrameworkCore.DbUpdateException: An error occurred while saving the entity changes. See the inner exception for details.
 ---> Microsoft.Data.SqlClient.SqlException (0x80131904): The INSERT statement conflicted with the FOREIGN KEY constraint "FK_Reservations_Users_UserId". The conflict occurred in database "SmartParkingDB", table "dbo.Users", column 'Id'.
   at Microsoft.Data.SqlClient.SqlConnection.OnError(SqlException exception, Boolean breakConnection, Action`1 wrapCloseInAction)
   at Microsoft.Data.SqlClient.SqlInternalConnection.OnError(SqlException exception, Boolean breakConnection, Action`1 wrapCloseInAction)
   at Microsoft.Data.SqlClient.TdsParser.ThrowExceptionAndWarning(TdsParserStateObject stateObj, SqlCommand command, Boolean callerHasConnectionLock, Boolean asyncClose)
   at Microsoft.Data.SqlClient.TdsParser.TryRun(RunBehavior runBehavior, SqlCommand cmdHandler, SqlDataReader dataStream, BulkCopySimpleResultSet bulkCopyHandler, TdsParserStateObject stateObj, Boolean& dataReady)
   at Microsoft.Data.SqlClient.SqlDataReader.TryHasMoreRows(Boolean& moreRows)
   at Microsoft.Data.SqlClient.SqlDataReader.TryReadInternal(Boolean setTimeout, Boolean& more)
   at Microsoft.Data.SqlClient.SqlDataReader.Read()
   at Microsoft.EntityFrameworkCore.Storage.RelationalDataReader.Read()
   at Microsoft.EntityFrameworkCore.Update.AffectedCountModificationCommandBatch.ConsumeResultSet(Int32 startCommandIndex, RelationalDataReader reader)
ClientConnectionId:0f40c011-dad8-4786-939f-3781c395cabc
Error Number:547,State:0,Class:16
   --- End of inner exception stack trace ---
   at Microsoft.EntityFrameworkCore.Update.AffectedCountModificationCommandBatch.ConsumeResultSet(Int32 startCommandIndex, RelationalDataReader reader)
   at Microsoft.EntityFrameworkCore.Update.AffectedCountModificationCommandBatch.Consume(RelationalDataReader reader)
   at Microsoft.EntityFrameworkCore.Update.ReaderModificationCommandBatch.Execute(IRelationalConnection connection)
   at Microsoft.EntityFrameworkCore.SqlServer.Update.Internal.SqlServerModificationCommandBatch.Execute(IRelationalConnection connection)
   at Microsoft.EntityFrameworkCore.Update.Internal.BatchExecutor.Execute(IEnumerable`1 commandBatches, IRelationalConnection connection)
   at Microsoft.EntityFrameworkCore.Storage.RelationalDatabase.SaveChanges(IList`1 entries)
   at Microsoft.EntityFrameworkCore.ChangeTracking.Internal.StateManager.SaveChanges(IList`1 entriesToSave)
   at Microsoft.EntityFrameworkCore.ChangeTracking.Internal.StateManager.SaveChanges(StateManager stateManager, Boolean acceptAllChangesOnSuccess)
   at Microsoft.EntityFrameworkCore.ChangeTracking.Internal.StateManager.<>c.<SaveChanges>b__114_0(DbContext _, ValueTuple`2 t)
   at Microsoft.EntityFrameworkCore.SqlServer.Storage.Internal.SqlServerExecutionStrategy.Execute[TState,TResult](TState state, Func`3 operation, Func`3 verifySucceeded)
   at Microsoft.EntityFrameworkCore.ChangeTracking.Internal.StateManager.SaveChanges(Boolean acceptAllChangesOnSuccess)
   at Microsoft.EntityFrameworkCore.DbContext.SaveChanges(Boolean acceptAllChangesOnSuccess)
2026-05-26 01:02:26.855 +03:00 [ERR] An error occurred while seeding the database
Microsoft.EntityFrameworkCore.DbUpdateException: An error occurred while saving the entity changes. See the inner exception for details.
 ---> Microsoft.Data.SqlClient.SqlException (0x80131904): The INSERT statement conflicted with the FOREIGN KEY constraint "FK_Reservations_Users_UserId". The conflict occurred in database "SmartParkingDB", table "dbo.Users", column 'Id'.
   at Microsoft.Data.SqlClient.SqlConnection.OnError(SqlException exception, Boolean breakConnection, Action`1 wrapCloseInAction)
   at Microsoft.Data.SqlClient.SqlInternalConnection.OnError(SqlException exception, Boolean breakConnection, Action`1 wrapCloseInAction)
   at Microsoft.Data.SqlClient.TdsParser.ThrowExceptionAndWarning(TdsParserStateObject stateObj, SqlCommand command, Boolean callerHasConnectionLock, Boolean asyncClose)
   at Microsoft.Data.SqlClient.TdsParser.TryRun(RunBehavior runBehavior, SqlCommand cmdHandler, SqlDataReader dataStream, BulkCopySimpleResultSet bulkCopyHandler, TdsParserStateObject stateObj, Boolean& dataReady)
   at Microsoft.Data.SqlClient.SqlDataReader.TryHasMoreRows(Boolean& moreRows)
   at Microsoft.Data.SqlClient.SqlDataReader.TryReadInternal(Boolean setTimeout, Boolean& more)
   at Microsoft.Data.SqlClient.SqlDataReader.Read()
   at Microsoft.EntityFrameworkCore.Storage.RelationalDataReader.Read()
   at Microsoft.EntityFrameworkCore.Update.AffectedCountModificationCommandBatch.ConsumeResultSet(Int32 startCommandIndex, RelationalDataReader reader)
ClientConnectionId:0f40c011-dad8-4786-939f-3781c395cabc
Error Number:547,State:0,Class:16
   --- End of inner exception stack trace ---
   at Microsoft.EntityFrameworkCore.Update.AffectedCountModificationCommandBatch.ConsumeResultSet(Int32 startCommandIndex, RelationalDataReader reader)
   at Microsoft.EntityFrameworkCore.Update.AffectedCountModificationCommandBatch.Consume(RelationalDataReader reader)
   at Microsoft.EntityFrameworkCore.Update.ReaderModificationCommandBatch.Execute(IRelationalConnection connection)
   at Microsoft.EntityFrameworkCore.SqlServer.Update.Internal.SqlServerModificationCommandBatch.Execute(IRelationalConnection connection)
   at Microsoft.EntityFrameworkCore.Update.Internal.BatchExecutor.Execute(IEnumerable`1 commandBatches, IRelationalConnection connection)
   at Microsoft.EntityFrameworkCore.Storage.RelationalDatabase.SaveChanges(IList`1 entries)
   at Microsoft.EntityFrameworkCore.ChangeTracking.Internal.StateManager.SaveChanges(IList`1 entriesToSave)
   at Microsoft.EntityFrameworkCore.ChangeTracking.Internal.StateManager.SaveChanges(StateManager stateManager, Boolean acceptAllChangesOnSuccess)
   at Microsoft.EntityFrameworkCore.ChangeTracking.Internal.StateManager.<>c.<SaveChanges>b__114_0(DbContext _, ValueTuple`2 t)
   at Microsoft.EntityFrameworkCore.SqlServer.Storage.Internal.SqlServerExecutionStrategy.Execute[TState,TResult](TState state, Func`3 operation, Func`3 verifySucceeded)
   at Microsoft.EntityFrameworkCore.ChangeTracking.Internal.StateManager.SaveChanges(Boolean acceptAllChangesOnSuccess)
   at Microsoft.EntityFrameworkCore.DbContext.SaveChanges(Boolean acceptAllChangesOnSuccess)
   at Microsoft.EntityFrameworkCore.DbContext.SaveChanges()
   at Program.<Main>$(String[] args) in C:\Users\DELL\OneDrive\Desktop\New folder (3) (3)\New folder (3)\SmartParkingandProperty\SmartParkingF.API-main\SmartParkingF.API-main\Program.cs:line 186
2026-05-26 01:02:26.906 +03:00 [INF] User profile is available. Using 'C:\Users\DELL\AppData\Local\ASP.NET\DataProtection-Keys' as key repository and Windows DPAPI to encrypt keys at rest.
2026-05-26 01:02:27.178 +03:00 [INF] Now listening on: https://localhost:7144
2026-05-26 01:02:27.180 +03:00 [INF] Now listening on: http://localhost:5144
2026-05-26 01:02:27.270 +03:00 [INF] Application started. Press Ctrl+C to shut down.
2026-05-26 01:02:27.271 +03:00 [INF] Hosting environment: Development
2026-05-26 01:02:27.273 +03:00 [INF] Content root path: C:\Users\DELL\OneDrive\Desktop\New folder (3) (3)\New folder (3)\SmartParkingandProperty\SmartParkingF.API-main\SmartParkingF.API-main
2026-05-26 01:02:53.207 +03:00 [INF] Request starting HTTP/2 GET https://localhost:7144/api/Properties - null null
2026-05-26 01:02:53.253 +03:00 [INF] CORS policy execution successful.
2026-05-26 01:02:53.368 +03:00 [INF] Executing endpoint 'SmartParkingF.API.Controllers.PropertiesController.GetProperties (SmartParkingF.API)'
2026-05-26 01:02:53.394 +03:00 [INF] Route matched with {action = "GetProperties", controller = "Properties"}. Executing controller action with signature System.Threading.Tasks.Task`1[Microsoft.AspNetCore.Mvc.IActionResult] GetProperties() on controller SmartParkingF.API.Controllers.PropertiesController (SmartParkingF.API).
2026-05-26 01:02:53.503 +03:00 [INF] Executed DbCommand (25ms) [Parameters=[], CommandType='"Text"', CommandTimeout='30']
SELECT [p].[Id], [p].[Bathrooms], [p].[Bedrooms], [p].[CreatedAt], [p].[Description], [p].[HasSmartParking], [p].[ImageUrl], [p].[IsSold], [p].[ListingType], [p].[Location], [p].[Name], [p].[Price], [p].[PricePerHour], [p].[PricePerNight], [p].[Rating], [p].[SalePrice], [p].[Title], [p].[TotalSpots]
FROM [Properties] AS [p]
2026-05-26 01:02:53.571 +03:00 [INF] Executing OkObjectResult, writing value of type 'System.Collections.Generic.List`1[[SmartParkingF.API.Models.Property, SmartParkingF.API, Version=1.0.0.0, Culture=neutral, PublicKeyToken=null]]'.
2026-05-26 01:02:53.640 +03:00 [INF] Executed action SmartParkingF.API.Controllers.PropertiesController.GetProperties (SmartParkingF.API) in 238.8128ms
2026-05-26 01:02:53.643 +03:00 [INF] Executed endpoint 'SmartParkingF.API.Controllers.PropertiesController.GetProperties (SmartParkingF.API)'
2026-05-26 01:02:53.648 +03:00 [INF] HTTP GET /api/Properties responded 200 in 396.8930 ms
2026-05-26 01:02:53.671 +03:00 [INF] Request finished HTTP/2 GET https://localhost:7144/api/Properties - 200 null application/json; charset=utf-8 471.467ms
2026-05-26 01:02:59.725 +03:00 [INF] Request starting HTTP/2 OPTIONS https://localhost:7144/api/users - null null
2026-05-26 01:02:59.725 +03:00 [INF] Request starting HTTP/2 OPTIONS https://localhost:7144/api/users - null null
2026-05-26 01:02:59.730 +03:00 [INF] CORS policy execution successful.
2026-05-26 01:02:59.733 +03:00 [INF] CORS policy execution successful.
2026-05-26 01:02:59.736 +03:00 [INF] HTTP OPTIONS /api/users responded 204 in 6.4334 ms
2026-05-26 01:02:59.736 +03:00 [INF] HTTP OPTIONS /api/users responded 204 in 3.7230 ms
2026-05-26 01:02:59.739 +03:00 [INF] Request finished HTTP/2 OPTIONS https://localhost:7144/api/users - 204 null null 14.36ms
2026-05-26 01:02:59.740 +03:00 [INF] Request finished HTTP/2 OPTIONS https://localhost:7144/api/users - 204 null null 16.0441ms
2026-05-26 01:02:59.741 +03:00 [INF] Request starting HTTP/2 GET https://localhost:7144/api/users - null null
2026-05-26 01:02:59.749 +03:00 [INF] CORS policy execution successful.
2026-05-26 01:02:59.849 +03:00 [INF] Executing endpoint 'SmartParkingF.API.Controllers.UsersController.GetUsers (SmartParkingF.API)'
2026-05-26 01:02:59.860 +03:00 [INF] Route matched with {action = "GetUsers", controller = "Users"}. Executing controller action with signature System.Threading.Tasks.Task`1[Microsoft.AspNetCore.Mvc.ActionResult`1[System.Collections.Generic.IEnumerable`1[System.Object]]] GetUsers() on controller SmartParkingF.API.Controllers.UsersController (SmartParkingF.API).
2026-05-26 01:02:59.990 +03:00 [INF] Executed DbCommand (2ms) [Parameters=[], CommandType='"Text"', CommandTimeout='30']
SELECT [u].[Id], [u].[FullName], [u].[Email], [u].[Phone], [u].[Role], [u].[Status], [u].[AccountType], [u].[CreatedAt], [u].[HasLinkedCard]
FROM [Users] AS [u]
2026-05-26 01:02:59.996 +03:00 [INF] Executing OkObjectResult, writing value of type 'System.Collections.Generic.List`1[[<>f__AnonymousType24`9[[System.Int32, System.Private.CoreLib, Version=10.0.0.0, Culture=neutral, PublicKeyToken=7cec85d7bea7798e],[System.String, System.Private.CoreLib, Version=10.0.0.0, Culture=neutral, PublicKeyToken=7cec85d7bea7798e],[System.String, System.Private.CoreLib, Version=10.0.0.0, Culture=neutral, PublicKeyToken=7cec85d7bea7798e],[System.String, System.Private.CoreLib, Version=10.0.0.0, Culture=neutral, PublicKeyToken=7cec85d7bea7798e],[System.String, System.Private.CoreLib, Version=10.0.0.0, Culture=neutral, PublicKeyToken=7cec85d7bea7798e],[System.String, System.Private.CoreLib, Version=10.0.0.0, Culture=neutral, PublicKeyToken=7cec85d7bea7798e],[System.String, System.Private.CoreLib, Version=10.0.0.0, Culture=neutral, PublicKeyToken=7cec85d7bea7798e],[System.DateTime, System.Private.CoreLib, Version=10.0.0.0, Culture=neutral, PublicKeyToken=7cec85d7bea7798e],[System.Boolean, System.Private.CoreLib, Version=10.0.0.0, Culture=neutral, PublicKeyToken=7cec85d7bea7798e]], SmartParkingF.API, Version=1.0.0.0, Culture=neutral, PublicKeyToken=null]]'.
2026-05-26 01:03:00.004 +03:00 [INF] Executed action SmartParkingF.API.Controllers.UsersController.GetUsers (SmartParkingF.API) in 141.8422ms
2026-05-26 01:03:00.006 +03:00 [INF] Executed endpoint 'SmartParkingF.API.Controllers.UsersController.GetUsers (SmartParkingF.API)'
2026-05-26 01:03:00.007 +03:00 [INF] Request starting HTTP/2 GET https://localhost:7144/api/users - null null
2026-05-26 01:03:00.008 +03:00 [INF] HTTP GET /api/users responded 200 in 258.8907 ms
2026-05-26 01:03:00.011 +03:00 [INF] CORS policy execution successful.
2026-05-26 01:03:00.013 +03:00 [INF] Request finished HTTP/2 GET https://localhost:7144/api/users - 200 null application/json; charset=utf-8 272.0665ms
2026-05-26 01:03:00.021 +03:00 [INF] Executing endpoint 'SmartParkingF.API.Controllers.UsersController.GetUsers (SmartParkingF.API)'
2026-05-26 01:03:00.023 +03:00 [INF] Route matched with {action = "GetUsers", controller = "Users"}. Executing controller action with signature System.Threading.Tasks.Task`1[Microsoft.AspNetCore.Mvc.ActionResult`1[System.Collections.Generic.IEnumerable`1[System.Object]]] GetUsers() on controller SmartParkingF.API.Controllers.UsersController (SmartParkingF.API).
2026-05-26 01:03:00.032 +03:00 [INF] Executed DbCommand (1ms) [Parameters=[], CommandType='"Text"', CommandTimeout='30']
SELECT [u].[Id], [u].[FullName], [u].[Email], [u].[Phone], [u].[Role], [u].[Status], [u].[AccountType], [u].[CreatedAt], [u].[HasLinkedCard]
FROM [Users] AS [u]
2026-05-26 01:03:00.035 +03:00 [INF] Executing OkObjectResult, writing value of type 'System.Collections.Generic.List`1[[<>f__AnonymousType24`9[[System.Int32, System.Private.CoreLib, Version=10.0.0.0, Culture=neutral, PublicKeyToken=7cec85d7bea7798e],[System.String, System.Private.CoreLib, Version=10.0.0.0, Culture=neutral, PublicKeyToken=7cec85d7bea7798e],[System.String, System.Private.CoreLib, Version=10.0.0.0, Culture=neutral, PublicKeyToken=7cec85d7bea7798e],[System.String, System.Private.CoreLib, Version=10.0.0.0, Culture=neutral, PublicKeyToken=7cec85d7bea7798e],[System.String, System.Private.CoreLib, Version=10.0.0.0, Culture=neutral, PublicKeyToken=7cec85d7bea7798e],[System.String, System.Private.CoreLib, Version=10.0.0.0, Culture=neutral, PublicKeyToken=7cec85d7bea7798e],[System.String, System.Private.CoreLib, Version=10.0.0.0, Culture=neutral, PublicKeyToken=7cec85d7bea7798e],[System.DateTime, System.Private.CoreLib, Version=10.0.0.0, Culture=neutral, PublicKeyToken=7cec85d7bea7798e],[System.Boolean, System.Private.CoreLib, Version=10.0.0.0, Culture=neutral, PublicKeyToken=7cec85d7bea7798e]], SmartParkingF.API, Version=1.0.0.0, Culture=neutral, PublicKeyToken=null]]'.
2026-05-26 01:03:00.037 +03:00 [INF] Executed action SmartParkingF.API.Controllers.UsersController.GetUsers (SmartParkingF.API) in 12.046ms
2026-05-26 01:03:00.038 +03:00 [INF] Executed endpoint 'SmartParkingF.API.Controllers.UsersController.GetUsers (SmartParkingF.API)'
2026-05-26 01:03:00.039 +03:00 [INF] HTTP GET /api/users responded 200 in 28.6666 ms
2026-05-26 01:03:00.041 +03:00 [INF] Request finished HTTP/2 GET https://localhost:7144/api/users - 200 null application/json; charset=utf-8 33.9021ms
2026-05-26 01:03:04.849 +03:00 [INF] Request starting HTTP/2 OPTIONS https://localhost:7144/api/users/2 - null null
2026-05-26 01:03:04.858 +03:00 [INF] CORS policy execution successful.
2026-05-26 01:03:04.860 +03:00 [INF] HTTP OPTIONS /api/users/2 responded 204 in 2.0374 ms
2026-05-26 01:03:04.865 +03:00 [INF] Request finished HTTP/2 OPTIONS https://localhost:7144/api/users/2 - 204 null null 16.8302ms
2026-05-26 01:03:04.868 +03:00 [INF] Request starting HTTP/2 DELETE https://localhost:7144/api/users/2 - null null
2026-05-26 01:03:04.875 +03:00 [INF] CORS policy execution successful.
2026-05-26 01:03:04.879 +03:00 [INF] Executing endpoint 'SmartParkingF.API.Controllers.UsersController.DeleteUser (SmartParkingF.API)'
2026-05-26 01:03:04.928 +03:00 [INF] Route matched with {action = "DeleteUser", controller = "Users"}. Executing controller action with signature System.Threading.Tasks.Task`1[Microsoft.AspNetCore.Mvc.IActionResult] DeleteUser(Int32) on controller SmartParkingF.API.Controllers.UsersController (SmartParkingF.API).
2026-05-26 01:03:05.061 +03:00 [INF] Executed DbCommand (6ms) [Parameters=[@p='?' (DbType = Int32)], CommandType='"Text"', CommandTimeout='30']
SELECT TOP(1) [u].[Id], [u].[AccountType], [u].[CarPlateNumber], [u].[CardLastFourDigits], [u].[CreatedAt], [u].[Email], [u].[FullName], [u].[HasLinkedCard], [u].[PasswordHash], [u].[Phone], [u].[RefreshToken], [u].[RefreshTokenExpiryTime], [u].[Role], [u].[Status]
FROM [Users] AS [u]
WHERE [u].[Id] = @p
2026-05-26 01:03:05.129 +03:00 [INF] Executed DbCommand (10ms) [Parameters=[@p0='?' (DbType = Int32)], CommandType='"Text"', CommandTimeout='30']
SET IMPLICIT_TRANSACTIONS OFF;
SET NOCOUNT ON;
DELETE FROM [Users]
OUTPUT 1
WHERE [Id] = @p0;
2026-05-26 01:03:05.152 +03:00 [INF] User 2 deleted by admin
2026-05-26 01:03:05.154 +03:00 [INF] Executing OkObjectResult, writing value of type '<>f__AnonymousType6`1[[System.String, System.Private.CoreLib, Version=10.0.0.0, Culture=neutral, PublicKeyToken=7cec85d7bea7798e]]'.
2026-05-26 01:03:05.158 +03:00 [INF] Executed action SmartParkingF.API.Controllers.UsersController.DeleteUser (SmartParkingF.API) in 227.7748ms
2026-05-26 01:03:05.161 +03:00 [INF] Executed endpoint 'SmartParkingF.API.Controllers.UsersController.DeleteUser (SmartParkingF.API)'
2026-05-26 01:03:05.163 +03:00 [INF] HTTP DELETE /api/users/2 responded 200 in 287.7192 ms
2026-05-26 01:03:05.166 +03:00 [INF] Request finished HTTP/2 DELETE https://localhost:7144/api/users/2 - 200 null application/json; charset=utf-8 297.8453ms
2026-05-26 01:03:07.228 +03:00 [INF] Request starting HTTP/2 GET https://localhost:7144/api/Properties - null null
2026-05-26 01:03:07.231 +03:00 [INF] Request starting HTTP/2 GET https://localhost:7144/api/Properties - null null
2026-05-26 01:03:07.234 +03:00 [INF] CORS policy execution successful.
2026-05-26 01:03:07.237 +03:00 [INF] CORS policy execution successful.
2026-05-26 01:03:07.238 +03:00 [INF] Executing endpoint 'SmartParkingF.API.Controllers.PropertiesController.GetProperties (SmartParkingF.API)'
2026-05-26 01:03:07.239 +03:00 [INF] Executing endpoint 'SmartParkingF.API.Controllers.PropertiesController.GetProperties (SmartParkingF.API)'
2026-05-26 01:03:07.240 +03:00 [INF] Route matched with {action = "GetProperties", controller = "Properties"}. Executing controller action with signature System.Threading.Tasks.Task`1[Microsoft.AspNetCore.Mvc.IActionResult] GetProperties() on controller SmartParkingF.API.Controllers.PropertiesController (SmartParkingF.API).
2026-05-26 01:03:07.241 +03:00 [INF] Route matched with {action = "GetProperties", controller = "Properties"}. Executing controller action with signature System.Threading.Tasks.Task`1[Microsoft.AspNetCore.Mvc.IActionResult] GetProperties() on controller SmartParkingF.API.Controllers.PropertiesController (SmartParkingF.API).
2026-05-26 01:03:07.245 +03:00 [INF] Executed DbCommand (1ms) [Parameters=[], CommandType='"Text"', CommandTimeout='30']
SELECT [p].[Id], [p].[Bathrooms], [p].[Bedrooms], [p].[CreatedAt], [p].[Description], [p].[HasSmartParking], [p].[ImageUrl], [p].[IsSold], [p].[ListingType], [p].[Location], [p].[Name], [p].[Price], [p].[PricePerHour], [p].[PricePerNight], [p].[Rating], [p].[SalePrice], [p].[Title], [p].[TotalSpots]
FROM [Properties] AS [p]
2026-05-26 01:03:07.252 +03:00 [INF] Executing OkObjectResult, writing value of type 'System.Collections.Generic.List`1[[SmartParkingF.API.Models.Property, SmartParkingF.API, Version=1.0.0.0, Culture=neutral, PublicKeyToken=null]]'.
2026-05-26 01:03:07.258 +03:00 [INF] Executed action SmartParkingF.API.Controllers.PropertiesController.GetProperties (SmartParkingF.API) in 14.766ms
2026-05-26 01:03:07.262 +03:00 [INF] Executed endpoint 'SmartParkingF.API.Controllers.PropertiesController.GetProperties (SmartParkingF.API)'
2026-05-26 01:03:07.263 +03:00 [INF] HTTP GET /api/Properties responded 200 in 28.7661 ms
2026-05-26 01:03:07.263 +03:00 [INF] Executed DbCommand (1ms) [Parameters=[], CommandType='"Text"', CommandTimeout='30']
SELECT [p].[Id], [p].[Bathrooms], [p].[Bedrooms], [p].[CreatedAt], [p].[Description], [p].[HasSmartParking], [p].[ImageUrl], [p].[IsSold], [p].[ListingType], [p].[Location], [p].[Name], [p].[Price], [p].[PricePerHour], [p].[PricePerNight], [p].[Rating], [p].[SalePrice], [p].[Title], [p].[TotalSpots]
FROM [Properties] AS [p]
2026-05-26 01:03:07.265 +03:00 [INF] Request finished HTTP/2 GET https://localhost:7144/api/Properties - 499 null application/json; charset=utf-8 36.7476ms
2026-05-26 01:03:07.268 +03:00 [INF] Executing OkObjectResult, writing value of type 'System.Collections.Generic.List`1[[SmartParkingF.API.Models.Property, SmartParkingF.API, Version=1.0.0.0, Culture=neutral, PublicKeyToken=null]]'.
2026-05-26 01:03:07.272 +03:00 [INF] Executed action SmartParkingF.API.Controllers.PropertiesController.GetProperties (SmartParkingF.API) in 26.9107ms
2026-05-26 01:03:07.274 +03:00 [INF] Executed endpoint 'SmartParkingF.API.Controllers.PropertiesController.GetProperties (SmartParkingF.API)'
2026-05-26 01:03:07.275 +03:00 [INF] HTTP GET /api/Properties responded 200 in 37.9268 ms
2026-05-26 01:03:07.277 +03:00 [INF] Request finished HTTP/2 GET https://localhost:7144/api/Properties - 200 null application/json; charset=utf-8 46.5426ms
2026-05-26 01:03:09.282 +03:00 [INF] Request starting HTTP/2 GET https://localhost:7144/api/Properties/1 - null null
2026-05-26 01:03:09.284 +03:00 [INF] Request starting HTTP/2 GET https://localhost:7144/api/Reservations/PropertyBookedDates/1 - null null
2026-05-26 01:03:09.289 +03:00 [INF] CORS policy execution successful.
2026-05-26 01:03:09.291 +03:00 [INF] CORS policy execution successful.
2026-05-26 01:03:09.292 +03:00 [INF] Executing endpoint 'SmartParkingF.API.Controllers.PropertiesController.GetProperty (SmartParkingF.API)'
2026-05-26 01:03:09.293 +03:00 [INF] Executing endpoint 'SmartParkingF.API.Controllers.ReservationsController.GetPropertyBookedDates (SmartParkingF.API)'
2026-05-26 01:03:09.305 +03:00 [INF] Route matched with {action = "GetPropertyBookedDates", controller = "Reservations"}. Executing controller action with signature System.Threading.Tasks.Task`1[Microsoft.AspNetCore.Mvc.ActionResult`1[System.Collections.Generic.IEnumerable`1[System.Object]]] GetPropertyBookedDates(Int32) on controller SmartParkingF.API.Controllers.ReservationsController (SmartParkingF.API).
2026-05-26 01:03:09.305 +03:00 [INF] Route matched with {action = "GetProperty", controller = "Properties"}. Executing controller action with signature System.Threading.Tasks.Task`1[Microsoft.AspNetCore.Mvc.ActionResult`1[SmartParkingF.API.Models.Property]] GetProperty(Int32) on controller SmartParkingF.API.Controllers.PropertiesController (SmartParkingF.API).
2026-05-26 01:03:09.325 +03:00 [INF] Executed DbCommand (3ms) [Parameters=[@p='?' (DbType = Int32)], CommandType='"Text"', CommandTimeout='30']
SELECT TOP(1) [p].[Id], [p].[Bathrooms], [p].[Bedrooms], [p].[CreatedAt], [p].[Description], [p].[HasSmartParking], [p].[ImageUrl], [p].[IsSold], [p].[ListingType], [p].[Location], [p].[Name], [p].[Price], [p].[PricePerHour], [p].[PricePerNight], [p].[Rating], [p].[SalePrice], [p].[Title], [p].[TotalSpots]
FROM [Properties] AS [p]
WHERE [p].[Id] = @p
2026-05-26 01:03:09.329 +03:00 [INF] Executing OkObjectResult, writing value of type 'SmartParkingF.API.Models.Property'.
2026-05-26 01:03:09.331 +03:00 [INF] Executed action SmartParkingF.API.Controllers.PropertiesController.GetProperty (SmartParkingF.API) in 21.8502ms
2026-05-26 01:03:09.333 +03:00 [INF] Executed endpoint 'SmartParkingF.API.Controllers.PropertiesController.GetProperty (SmartParkingF.API)'
2026-05-26 01:03:09.333 +03:00 [INF] Request starting HTTP/2 GET https://localhost:7144/api/Properties/1 - null null
2026-05-26 01:03:09.335 +03:00 [INF] HTTP GET /api/Properties/1 responded 200 in 45.9257 ms
2026-05-26 01:03:09.335 +03:00 [INF] Executed DbCommand (4ms) [Parameters=[@propertyId='?' (DbType = Int32)], CommandType='"Text"', CommandTimeout='30']
SELECT [r].[Id], [r].[StartTime], [r].[EndTime]
FROM [Reservations] AS [r]
WHERE [r].[PropertyId] = @propertyId AND [r].[Status] = N'Confirmed'
2026-05-26 01:03:09.338 +03:00 [INF] CORS policy execution successful.
2026-05-26 01:03:09.341 +03:00 [INF] Request finished HTTP/2 GET https://localhost:7144/api/Properties/1 - 200 null application/json; charset=utf-8 58.6476ms
2026-05-26 01:03:09.344 +03:00 [INF] Executing OkObjectResult, writing value of type 'System.Collections.Generic.List`1[[<>f__AnonymousType13`3[[System.Int32, System.Private.CoreLib, Version=10.0.0.0, Culture=neutral, PublicKeyToken=7cec85d7bea7798e],[System.DateTime, System.Private.CoreLib, Version=10.0.0.0, Culture=neutral, PublicKeyToken=7cec85d7bea7798e],[System.DateTime, System.Private.CoreLib, Version=10.0.0.0, Culture=neutral, PublicKeyToken=7cec85d7bea7798e]], SmartParkingF.API, Version=1.0.0.0, Culture=neutral, PublicKeyToken=null]]'.
2026-05-26 01:03:09.344 +03:00 [INF] Executing endpoint 'SmartParkingF.API.Controllers.PropertiesController.GetProperty (SmartParkingF.API)'
2026-05-26 01:03:09.350 +03:00 [INF] Route matched with {action = "GetProperty", controller = "Properties"}. Executing controller action with signature System.Threading.Tasks.Task`1[Microsoft.AspNetCore.Mvc.ActionResult`1[SmartParkingF.API.Models.Property]] GetProperty(Int32) on controller SmartParkingF.API.Controllers.PropertiesController (SmartParkingF.API).
2026-05-26 01:03:09.351 +03:00 [INF] Executed action SmartParkingF.API.Controllers.ReservationsController.GetPropertyBookedDates (SmartParkingF.API) in 43.8417ms
2026-05-26 01:03:09.353 +03:00 [INF] Request starting HTTP/2 GET https://localhost:7144/api/Reservations/PropertyBookedDates/1 - null null
2026-05-26 01:03:09.353 +03:00 [INF] Executed endpoint 'SmartParkingF.API.Controllers.ReservationsController.GetPropertyBookedDates (SmartParkingF.API)'
2026-05-26 01:03:09.355 +03:00 [INF] Executed DbCommand (1ms) [Parameters=[@p='?' (DbType = Int32)], CommandType='"Text"', CommandTimeout='30']
SELECT TOP(1) [p].[Id], [p].[Bathrooms], [p].[Bedrooms], [p].[CreatedAt], [p].[Description], [p].[HasSmartParking], [p].[ImageUrl], [p].[IsSold], [p].[ListingType], [p].[Location], [p].[Name], [p].[Price], [p].[PricePerHour], [p].[PricePerNight], [p].[Rating], [p].[SalePrice], [p].[Title], [p].[TotalSpots]
FROM [Properties] AS [p]
WHERE [p].[Id] = @p
2026-05-26 01:03:09.355 +03:00 [INF] CORS policy execution successful.
2026-05-26 01:03:09.356 +03:00 [INF] HTTP GET /api/Reservations/PropertyBookedDates/1 responded 200 in 65.1962 ms
2026-05-26 01:03:09.359 +03:00 [INF] Executing OkObjectResult, writing value of type 'SmartParkingF.API.Models.Property'.
2026-05-26 01:03:09.360 +03:00 [INF] Executing endpoint 'SmartParkingF.API.Controllers.ReservationsController.GetPropertyBookedDates (SmartParkingF.API)'
2026-05-26 01:03:09.361 +03:00 [INF] Request finished HTTP/2 GET https://localhost:7144/api/Reservations/PropertyBookedDates/1 - 200 null application/json; charset=utf-8 77.2825ms
2026-05-26 01:03:09.362 +03:00 [INF] Executed action SmartParkingF.API.Controllers.PropertiesController.GetProperty (SmartParkingF.API) in 10.7653ms
2026-05-26 01:03:09.363 +03:00 [INF] Route matched with {action = "GetPropertyBookedDates", controller = "Reservations"}. Executing controller action with signature System.Threading.Tasks.Task`1[Microsoft.AspNetCore.Mvc.ActionResult`1[System.Collections.Generic.IEnumerable`1[System.Object]]] GetPropertyBookedDates(Int32) on controller SmartParkingF.API.Controllers.ReservationsController (SmartParkingF.API).
2026-05-26 01:03:09.381 +03:00 [INF] Executed endpoint 'SmartParkingF.API.Controllers.PropertiesController.GetProperty (SmartParkingF.API)'
2026-05-26 01:03:09.383 +03:00 [INF] HTTP GET /api/Properties/1 responded 200 in 44.6439 ms
2026-05-26 01:03:09.385 +03:00 [INF] Executed DbCommand (1ms) [Parameters=[@propertyId='?' (DbType = Int32)], CommandType='"Text"', CommandTimeout='30']
SELECT [r].[Id], [r].[StartTime], [r].[EndTime]
FROM [Reservations] AS [r]
WHERE [r].[PropertyId] = @propertyId AND [r].[Status] = N'Confirmed'
2026-05-26 01:03:09.386 +03:00 [INF] Request finished HTTP/2 GET https://localhost:7144/api/Properties/1 - 200 null application/json; charset=utf-8 52.61ms
2026-05-26 01:03:09.388 +03:00 [INF] Executing OkObjectResult, writing value of type 'System.Collections.Generic.List`1[[<>f__AnonymousType13`3[[System.Int32, System.Private.CoreLib, Version=10.0.0.0, Culture=neutral, PublicKeyToken=7cec85d7bea7798e],[System.DateTime, System.Private.CoreLib, Version=10.0.0.0, Culture=neutral, PublicKeyToken=7cec85d7bea7798e],[System.DateTime, System.Private.CoreLib, Version=10.0.0.0, Culture=neutral, PublicKeyToken=7cec85d7bea7798e]], SmartParkingF.API, Version=1.0.0.0, Culture=neutral, PublicKeyToken=null]]'.
2026-05-26 01:03:09.392 +03:00 [INF] Executed action SmartParkingF.API.Controllers.ReservationsController.GetPropertyBookedDates (SmartParkingF.API) in 9.9143ms
2026-05-26 01:03:09.394 +03:00 [INF] Executed endpoint 'SmartParkingF.API.Controllers.ReservationsController.GetPropertyBookedDates (SmartParkingF.API)'
2026-05-26 01:03:09.395 +03:00 [INF] HTTP GET /api/Reservations/PropertyBookedDates/1 responded 200 in 39.9019 ms
2026-05-26 01:03:09.398 +03:00 [INF] Request finished HTTP/2 GET https://localhost:7144/api/Reservations/PropertyBookedDates/1 - 200 null application/json; charset=utf-8 45.8128ms
2026-05-26 01:03:16.060 +03:00 [INF] Request starting HTTP/2 OPTIONS https://localhost:7144/api/ParkingSpots - null null
2026-05-26 01:03:16.068 +03:00 [INF] CORS policy execution successful.
2026-05-26 01:03:16.070 +03:00 [INF] HTTP OPTIONS /api/ParkingSpots responded 204 in 2.2098 ms
2026-05-26 01:03:16.073 +03:00 [INF] Request finished HTTP/2 OPTIONS https://localhost:7144/api/ParkingSpots - 204 null null 12.5507ms
2026-05-26 01:03:16.076 +03:00 [INF] Request starting HTTP/2 GET https://localhost:7144/api/ParkingSpots - null null
2026-05-26 01:03:16.080 +03:00 [INF] CORS policy execution successful.
2026-05-26 01:03:16.082 +03:00 [INF] Executing endpoint 'SmartParkingF.API.Controllers.ParkingSpotsController.GetAll (SmartParkingF.API)'
2026-05-26 01:03:16.094 +03:00 [INF] Route matched with {action = "GetAll", controller = "ParkingSpots"}. Executing controller action with signature System.Threading.Tasks.Task`1[Microsoft.AspNetCore.Mvc.ActionResult`1[System.Collections.Generic.IEnumerable`1[SmartParkingF.API.Models.ParkingSpot]]] GetAll() on controller SmartParkingF.API.Controllers.ParkingSpotsController (SmartParkingF.API).
2026-05-26 01:03:16.109 +03:00 [INF] Executed DbCommand (3ms) [Parameters=[], CommandType='"Text"', CommandTimeout='30']
SELECT [p].[Id], [p].[Location], [p].[PricePerHour], [p].[PricePerNight], [p].[PropertyId], [p].[SpotNumber], [p].[Status], [p].[Zone]
FROM [ParkingSpots] AS [p]
2026-05-26 01:03:16.118 +03:00 [INF] Executing ObjectResult, writing value of type 'System.Collections.Generic.List`1[[SmartParkingF.API.Models.ParkingSpot, SmartParkingF.API, Version=1.0.0.0, Culture=neutral, PublicKeyToken=null]]'.
2026-05-26 01:03:16.132 +03:00 [INF] Executed action SmartParkingF.API.Controllers.ParkingSpotsController.GetAll (SmartParkingF.API) in 36.2737ms
2026-05-26 01:03:16.134 +03:00 [INF] Executed endpoint 'SmartParkingF.API.Controllers.ParkingSpotsController.GetAll (SmartParkingF.API)'
2026-05-26 01:03:16.136 +03:00 [INF] HTTP GET /api/ParkingSpots responded 200 in 55.3969 ms
2026-05-26 01:03:16.138 +03:00 [INF] Request finished HTTP/2 GET https://localhost:7144/api/ParkingSpots - 200 null application/json; charset=utf-8 62.6123ms
2026-05-26 01:03:16.142 +03:00 [INF] Request starting HTTP/2 OPTIONS https://localhost:7144/api/Reservations - null null
2026-05-26 01:03:16.144 +03:00 [INF] CORS policy execution successful.
2026-05-26 01:03:16.145 +03:00 [INF] HTTP OPTIONS /api/Reservations responded 204 in 0.8231 ms
2026-05-26 01:03:16.146 +03:00 [INF] Request finished HTTP/2 OPTIONS https://localhost:7144/api/Reservations - 204 null null 4.8925ms
2026-05-26 01:03:16.148 +03:00 [INF] Request starting HTTP/2 POST https://localhost:7144/api/Reservations - application/json 109
2026-05-26 01:03:16.154 +03:00 [INF] CORS policy execution successful.
2026-05-26 01:03:16.155 +03:00 [INF] Executing endpoint 'SmartParkingF.API.Controllers.ReservationsController.PostReservation (SmartParkingF.API)'
2026-05-26 01:03:16.167 +03:00 [INF] Route matched with {action = "PostReservation", controller = "Reservations"}. Executing controller action with signature System.Threading.Tasks.Task`1[Microsoft.AspNetCore.Mvc.ActionResult] PostReservation(SmartParkingF.API.Models.ReservationDto) on controller SmartParkingF.API.Controllers.ReservationsController (SmartParkingF.API).
2026-05-26 01:03:16.218 +03:00 [INF] Executed DbCommand (5ms) [Parameters=[@p='?' (DbType = Int32)], CommandType='"Text"', CommandTimeout='30']
SELECT TOP(1) [p].[Id], [p].[Location], [p].[PricePerHour], [p].[PricePerNight], [p].[PropertyId], [p].[SpotNumber], [p].[Status], [p].[Zone]
FROM [ParkingSpots] AS [p]
WHERE [p].[Id] = @p
2026-05-26 01:03:16.222 +03:00 [INF] Executed DbCommand (1ms) [Parameters=[@p='?' (DbType = Int32)], CommandType='"Text"', CommandTimeout='30']
SELECT TOP(1) [p].[Id], [p].[Bathrooms], [p].[Bedrooms], [p].[CreatedAt], [p].[Description], [p].[HasSmartParking], [p].[ImageUrl], [p].[IsSold], [p].[ListingType], [p].[Location], [p].[Name], [p].[Price], [p].[PricePerHour], [p].[PricePerNight], [p].[Rating], [p].[SalePrice], [p].[Title], [p].[TotalSpots]
FROM [Properties] AS [p]
WHERE [p].[Id] = @p
2026-05-26 01:03:16.251 +03:00 [INF] Executed DbCommand (5ms) [Parameters=[@reservationDto_ParkingSpotId='?' (DbType = Int32), @reservationDto_StartDate='?' (DbType = DateTime2), @reservationDto_EndDate='?' (DbType = DateTime2)], CommandType='"Text"', CommandTimeout='30']
SELECT CASE
    WHEN EXISTS (
        SELECT 1
        FROM [Reservations] AS [r]
        WHERE [r].[ParkingSpotId] = @reservationDto_ParkingSpotId AND [r].[Status] = N'Confirmed' AND @reservationDto_StartDate < [r].[EndTime] AND @reservationDto_EndDate > [r].[StartTime]) THEN CAST(1 AS bit)
    ELSE CAST(0 AS bit)
END
2026-05-26 01:03:16.264 +03:00 [WRN] Savepoints are disabled because Multiple Active Result Sets (MARS) is enabled. If 'SaveChanges' fails, then the transaction cannot be automatically rolled back to a known clean state. Instead, the transaction should be rolled back by the application before retrying 'SaveChanges'. See https://go.microsoft.com/fwlink/?linkid=2149338 for more information and examples. To identify the code which triggers this warning, call 'ConfigureWarnings(w => w.Throw(SqlServerEventId.SavepointsDisabledBecauseOfMARS))'.
2026-05-26 01:03:16.274 +03:00 [INF] Executed DbCommand (9ms) [Parameters=[@p1='?' (DbType = Int32), @p0='?' (Size = 4000), @p2='?' (Size = 4000), @p3='?' (Size = 4000), @p4='?' (DbType = DateTime2), @p5='?' (DbType = DateTime2), @p6='?' (DbType = Int32), @p7='?' (DbType = Int32), @p8='?' (Size = 4000), @p9='?' (DbType = DateTime2), @p10='?' (Size = 4000), @p11='?' (Precision = 18) (Scale = 2) (DbType = Decimal), @p12='?' (DbType = Int32)], CommandType='"Text"', CommandTimeout='30']
SET NOCOUNT ON;
UPDATE [ParkingSpots] SET [Status] = @p0
OUTPUT 1
WHERE [Id] = @p1;
INSERT INTO [Reservations] ([BookingType], [CarPlateNumber], [CreatedAt], [EndTime], [ParkingSpotId], [PropertyId], [QrCodeData], [StartTime], [Status], [TotalPrice], [UserId])
OUTPUT INSERTED.[Id]
VALUES (@p2, @p3, @p4, @p5, @p6, @p7, @p8, @p9, @p10, @p11, @p12);
2026-05-26 01:03:16.296 +03:00 [INF] Executing OkObjectResult, writing value of type '<>f__AnonymousType15`3[[System.Boolean, System.Private.CoreLib, Version=10.0.0.0, Culture=neutral, PublicKeyToken=7cec85d7bea7798e],[System.String, System.Private.CoreLib, Version=10.0.0.0, Culture=neutral, PublicKeyToken=7cec85d7bea7798e],[System.Int32, System.Private.CoreLib, Version=10.0.0.0, Culture=neutral, PublicKeyToken=7cec85d7bea7798e]]'.
2026-05-26 01:03:16.302 +03:00 [INF] Executed action SmartParkingF.API.Controllers.ReservationsController.PostReservation (SmartParkingF.API) in 133.0336ms
2026-05-26 01:03:16.305 +03:00 [INF] Executed endpoint 'SmartParkingF.API.Controllers.ReservationsController.PostReservation (SmartParkingF.API)'
2026-05-26 01:03:16.306 +03:00 [INF] HTTP POST /api/Reservations responded 200 in 152.9296 ms
2026-05-26 01:03:16.309 +03:00 [INF] Request finished HTTP/2 POST https://localhost:7144/api/Reservations - 200 null application/json; charset=utf-8 161.0893ms
2026-05-26 01:03:17.092 +03:00 [INF] Request starting HTTP/2 OPTIONS https://localhost:7144/api/Reservations/Cancel/1 - null null
2026-05-26 01:03:17.095 +03:00 [INF] CORS policy execution successful.
2026-05-26 01:03:17.096 +03:00 [INF] HTTP OPTIONS /api/Reservations/Cancel/1 responded 204 in 1.1760 ms
2026-05-26 01:03:17.099 +03:00 [INF] Request finished HTTP/2 OPTIONS https://localhost:7144/api/Reservations/Cancel/1 - 204 null null 6.9915ms
2026-05-26 01:03:17.101 +03:00 [INF] Request starting HTTP/2 DELETE https://localhost:7144/api/Reservations/Cancel/1 - null null
2026-05-26 01:03:17.105 +03:00 [INF] CORS policy execution successful.
2026-05-26 01:03:17.107 +03:00 [INF] Executing endpoint 'SmartParkingF.API.Controllers.ReservationsController.CancelReservation (SmartParkingF.API)'
2026-05-26 01:03:17.115 +03:00 [INF] Route matched with {action = "CancelReservation", controller = "Reservations"}. Executing controller action with signature System.Threading.Tasks.Task`1[Microsoft.AspNetCore.Mvc.IActionResult] CancelReservation(Int32) on controller SmartParkingF.API.Controllers.ReservationsController (SmartParkingF.API).
2026-05-26 01:03:17.195 +03:00 [INF] Executed DbCommand (6ms) [Parameters=[@reservationId='?' (DbType = Int32)], CommandType='"Text"', CommandTimeout='30']
SELECT TOP(1) [r].[Id], [r].[BookingType], [r].[CarPlateNumber], [r].[CreatedAt], [r].[EndTime], [r].[ParkingSpotId], [r].[PropertyId], [r].[QrCodeData], [r].[StartTime], [r].[Status], [r].[TotalPrice], [r].[UserId], [p].[Id], [p].[Location], [p].[PricePerHour], [p].[PricePerNight], [p].[PropertyId], [p].[SpotNumber], [p].[Status], [p].[Zone]
FROM [Reservations] AS [r]
LEFT JOIN [ParkingSpots] AS [p] ON [r].[ParkingSpotId] = [p].[Id]
WHERE [r].[Id] = @reservationId
2026-05-26 01:03:17.200 +03:00 [INF] Executing NotFoundObjectResult, writing value of type '<>f__AnonymousType6`1[[System.String, System.Private.CoreLib, Version=10.0.0.0, Culture=neutral, PublicKeyToken=7cec85d7bea7798e]]'.
2026-05-26 01:03:17.202 +03:00 [INF] Executed action SmartParkingF.API.Controllers.ReservationsController.CancelReservation (SmartParkingF.API) in 84.782ms
2026-05-26 01:03:17.204 +03:00 [INF] Executed endpoint 'SmartParkingF.API.Controllers.ReservationsController.CancelReservation (SmartParkingF.API)'
2026-05-26 01:03:17.205 +03:00 [INF] HTTP DELETE /api/Reservations/Cancel/1 responded 404 in 100.1316 ms
2026-05-26 01:03:17.208 +03:00 [INF] Request finished HTTP/2 DELETE https://localhost:7144/api/Reservations/Cancel/1 - 404 null application/json; charset=utf-8 106.6354ms
